user_id,species,breed,age_months,source,device,weekday,returning_user,discount_seen,campaign_type,session_time,pages_viewed,shelter_rating,distance_km,vet_check_available,neutered,viewed_product,photo_clicks,breed_views,added_to_cart,purchased,abandoned
U00001,dog,Poodle,3-6,email,desktop,Monday,1,0,retargeting,0.94,4,4.0,30.1,0,1,0,0,0,0,0,0
U00002,reptile,Mixed,24+,paid_ad,mobile,Sunday,1,0,retargeting,2.0,3,3.1,23.0,1,1,0,0,0,0,0,0
U00003,cat,Mixed,24+,organic,mobile,Friday,0,1,awareness,7.13,3,3.8,12.4,0,1,1,2,4,0,0,1
U00004,cat,Maine Coon,12-24,organic,tablet,Saturday,0,0,none,1.0,1,4.6,5.6,0,1,1,4,1,0,0,1
U00005,dog,Golden Retriever,6-12,referral,mobile,Thursday,0,1,none,12.49,1,4.5,12.3,1,1,1,2,1,1,1,0
U00006,dog,Beagle,0-3,organic,mobile,Saturday,0,0,awareness,9.98,3,4.6,1.4,1,0,1,2,1,1,1,0
U00007,dog,Poodle,0-3,paid_ad,mobile,Tuesday,0,0,seasonal,2.44,6,3.5,11.7,1,1,1,4,3,1,0,1
U00008,bird,Mixed,6-12,paid_ad,mobile,Monday,0,0,none,0.5,3,3.2,18.0,1,1,0,0,0,0,0,0
U00009,cat,Maine Coon,3-6,paid_ad,desktop,Thursday,1,1,awareness,12.16,6,3.9,38.1,1,1,1,2,1,0,0,1
U00010,cat,Ragdoll,12-24,organic,desktop,Sunday,0,0,seasonal,16.6,6,4.0,19.0,1,1,0,0,0,0,0,0
U00011,dog,Mixed,6-12,paid_ad,mobile,Saturday,1,0,awareness,0.87,3,4.2,4.0,0,1,1,3,2,0,0,1
U00012,reptile,Ball Python,24+,paid_ad,desktop,Friday,0,0,awareness,14.88,2,3.2,1.0,1,1,0,0,0,0,0,0
U00013,rabbit,Lionhead,12-24,email,mobile,Friday,1,0,retargeting,8.59,3,3.1,5.0,0,1,0,0,0,0,0,0
U00014,dog,German Shepherd,6-12,social_media,mobile,Tuesday,1,1,retargeting,2.9,2,4.5,7.6,1,1,1,6,2,0,0,1
U00015,dog,Poodle,12-24,organic,desktop,Sunday,0,0,awareness,12.48,4,4.3,1.0,0,1,1,0,1,0,0,1
U00016,dog,Chihuahua,24+,organic,desktop,Saturday,1,1,seasonal,4.59,3,3.4,43.8,1,0,1,2,0,0,0,1
U00017,dog,Mixed,6-12,social_media,desktop,Saturday,0,1,awareness,6.48,7,4.7,13.2,1,1,0,0,0,0,0,0
U00018,cat,Maine Coon,3-6,email,mobile,Thursday,1,0,retargeting,1.75,2,3.7,43.5,0,1,1,3,0,0,0,1
U00019,cat,Siamese,3-6,social_media,mobile,Sunday,0,1,seasonal,0.79,1,4.0,6.4,1,1,1,4,2,0,0,1
U00020,dog,German Shepherd,6-12,social_media,mobile,Sunday,0,0,awareness,6.25,1,3.3,19.0,0,1,1,2,2,0,0,1
U00021,cat,Mixed,24+,social_media,mobile,Saturday,0,0,awareness,0.5,6,4.9,15.4,1,1,1,4,4,0,0,1
U00022,dog,German Shepherd,6-12,email,desktop,Thursday,0,0,awareness,6.76,8,4.5,4.2,1,1,1,1,5,0,0,1
U00023,dog,German Shepherd,12-24,referral,mobile,Friday,0,1,retargeting,9.1,1,3.5,4.8,1,1,0,0,0,0,0,0
U00024,dog,Labrador,0-3,organic,desktop,Friday,0,0,retargeting,1.95,2,4.9,7.8,0,1,0,0,0,0,0,0
U00025,cat,Mixed,6-12,social_media,mobile,Thursday,0,0,none,1.84,1,3.8,3.2,0,0,1,1,5,0,0,1
U00026,rabbit,Lionhead,12-24,organic,mobile,Wednesday,1,1,retargeting,3.1,2,3.9,6.0,1,0,0,0,0,0,0,0
U00027,dog,German Shepherd,3-6,email,mobile,Thursday,0,1,retargeting,1.29,4,3.3,12.7,1,1,1,3,0,0,0,1
U00028,cat,Sphynx,6-12,paid_ad,mobile,Friday,0,0,retargeting,8.56,3,3.9,4.2,1,1,0,0,0,1,1,0
U00029,cat,Persian,3-6,referral,desktop,Thursday,0,0,retargeting,3.56,5,4.9,5.1,1,1,0,0,0,0,0,0
U00030,dog,Bulldog,6-12,organic,mobile,Wednesday,1,0,none,3.96,2,3.9,34.0,0,0,0,0,0,0,0,0
U00031,cat,Ragdoll,12-24,referral,mobile,Saturday,0,0,awareness,1.17,3,4.4,9.6,1,1,0,0,0,0,0,0
U00032,dog,Mixed,0-3,organic,desktop,Friday,0,0,retargeting,0.5,3,5.0,18.5,0,1,0,0,0,0,0,0
U00033,dog,German Shepherd,0-3,email,desktop,Monday,0,0,seasonal,1.49,7,4.2,4.7,0,0,0,0,0,0,0,0
U00034,bird,Parakeet,6-12,organic,mobile,Thursday,0,0,none,0.5,1,3.6,13.6,1,1,0,0,0,0,0,0
U00035,reptile,Ball Python,3-6,paid_ad,mobile,Sunday,0,1,awareness,2.21,1,3.7,17.3,1,0,1,3,1,0,0,1
U00036,rabbit,Mini Rex,6-12,social_media,desktop,Saturday,0,0,retargeting,5.3,4,3.5,5.4,1,1,1,0,3,0,0,1
U00037,dog,Mixed,12-24,email,tablet,Wednesday,0,0,retargeting,0.5,4,4.9,8.6,1,1,1,3,3,0,0,1
U00038,dog,German Shepherd,0-3,paid_ad,desktop,Sunday,0,0,awareness,0.74,3,4.8,27.8,1,0,1,1,3,0,0,1
U00039,cat,Maine Coon,12-24,organic,mobile,Monday,0,0,none,3.02,3,4.3,18.3,1,1,0,0,0,0,0,0
U00040,cat,Mixed,6-12,organic,tablet,Sunday,0,0,retargeting,10.43,5,3.2,33.7,1,0,0,0,0,0,0,0
U00041,dog,Golden Retriever,0-3,paid_ad,mobile,Wednesday,0,0,retargeting,4.5,3,4.6,3.1,1,1,0,0,0,0,0,0
U00042,cat,Mixed,0-3,social_media,mobile,Monday,1,0,retargeting,0.5,2,4.6,16.8,1,0,0,0,0,0,0,0
U00043,dog,Golden Retriever,6-12,organic,desktop,Thursday,0,0,retargeting,17.04,5,4.5,1.0,1,1,1,1,2,0,0,1
U00044,bird,Cockatiel,3-6,social_media,mobile,Thursday,1,0,awareness,8.73,4,3.3,4.1,1,1,0,0,0,0,0,0
U00045,dog,Beagle,3-6,email,mobile,Friday,0,0,seasonal,1.79,7,3.6,1.0,0,0,1,4,0,0,0,1
U00046,cat,Sphynx,6-12,organic,mobile,Saturday,0,0,retargeting,4.36,5,4.6,21.2,1,1,0,0,0,0,0,0
U00047,dog,Beagle,12-24,organic,mobile,Sunday,1,0,awareness,3.08,2,3.9,10.6,1,1,0,0,0,0,0,0
U00048,cat,Mixed,3-6,organic,desktop,Thursday,0,0,seasonal,22.21,4,3.5,10.5,0,0,0,0,0,0,0,0
U00049,cat,Sphynx,6-12,social_media,desktop,Thursday,0,0,seasonal,5.54,4,4.3,7.8,1,1,0,0,0,0,0,0
U00050,dog,Bulldog,6-12,paid_ad,mobile,Tuesday,0,1,retargeting,14.64,3,4.2,1.0,1,1,1,3,1,1,1,0
U00051,reptile,Bearded Dragon,0-3,referral,mobile,Monday,0,0,awareness,0.78,3,4.0,21.5,1,1,1,5,2,0,0,1
U00052,rabbit,Mini Rex,6-12,email,tablet,Saturday,1,1,awareness,2.12,1,3.7,18.9,1,1,0,0,0,1,0,0
U00053,bird,Cockatiel,12-24,organic,desktop,Monday,0,1,none,9.12,6,4.5,18.9,0,0,1,4,0,0,0,1
U00054,bird,Parakeet,12-24,referral,mobile,Saturday,0,1,none,5.36,7,4.1,77.3,1,1,0,0,0,0,0,0
U00055,cat,Persian,0-3,social_media,tablet,Friday,1,0,awareness,8.56,3,4.7,27.3,1,1,1,6,4,0,0,1
U00056,bird,Canary,12-24,organic,desktop,Tuesday,1,1,awareness,11.78,8,4.7,4.7,1,1,1,1,2,0,0,1
U00057,dog,Golden Retriever,12-24,referral,mobile,Friday,1,1,none,5.52,4,4.9,2.4,0,0,1,2,0,1,1,0
U00058,dog,Chihuahua,12-24,paid_ad,mobile,Tuesday,0,0,seasonal,4.6,3,4.5,9.0,0,1,0,0,0,0,0,0
U00059,dog,Poodle,12-24,paid_ad,mobile,Thursday,1,0,awareness,2.79,2,3.3,26.8,0,1,1,1,4,0,0,1
U00060,dog,Labrador,3-6,paid_ad,desktop,Saturday,1,1,awareness,4.91,5,3.7,2.6,1,0,1,4,3,1,1,0
U00061,dog,Beagle,24+,organic,mobile,Thursday,1,0,awareness,2.37,2,4.5,22.4,1,0,1,2,3,0,0,1
U00062,dog,Chihuahua,12-24,organic,mobile,Tuesday,1,0,none,4.41,6,3.3,42.0,0,0,1,2,0,1,0,1
U00063,rabbit,Dutch,3-6,email,mobile,Saturday,1,1,seasonal,1.83,1,4.4,2.2,0,1,0,0,0,0,0,0
U00064,dog,Bulldog,0-3,organic,tablet,Tuesday,0,0,none,1.04,3,3.7,17.2,1,0,1,3,2,1,0,1
U00065,dog,German Shepherd,0-3,social_media,mobile,Saturday,0,0,awareness,0.51,5,3.5,3.6,1,0,1,3,2,0,0,1
U00066,cat,Siamese,12-24,paid_ad,tablet,Thursday,1,0,awareness,16.79,3,4.1,81.6,1,1,1,5,2,1,0,1
U00067,dog,Bulldog,12-24,paid_ad,tablet,Thursday,0,0,awareness,0.5,3,3.2,33.3,0,1,0,0,0,0,0,0
U00068,rabbit,Mixed,0-3,social_media,mobile,Sunday,0,1,awareness,0.5,2,4.4,7.0,1,1,1,4,5,0,0,1
U00069,dog,Golden Retriever,6-12,paid_ad,mobile,Saturday,0,0,none,2.68,2,3.8,1.0,1,1,0,0,0,0,0,0
U00070,reptile,Bearded Dragon,3-6,paid_ad,mobile,Monday,1,1,none,1.07,2,4.2,1.0,1,1,0,0,0,0,0,0
U00071,rabbit,Dutch,6-12,email,tablet,Wednesday,0,0,awareness,2.6,2,3.2,10.2,1,1,0,0,0,0,0,0
U00072,dog,Bulldog,12-24,organic,mobile,Sunday,1,0,retargeting,0.57,6,3.9,47.4,1,1,0,0,0,0,0,0
U00073,dog,German Shepherd,3-6,organic,mobile,Monday,0,0,awareness,0.64,3,4.6,28.1,1,1,0,0,0,0,0,0
U00074,rabbit,Lionhead,0-3,social_media,mobile,Friday,0,0,none,5.64,1,4.4,9.8,0,1,0,0,0,0,0,0
U00075,cat,Siamese,0-3,organic,mobile,Saturday,0,1,none,6.48,3,4.1,3.7,1,1,0,0,0,0,0,0
U00076,cat,Bengal,24+,organic,tablet,Friday,0,0,retargeting,0.72,5,3.4,1.0,1,1,1,6,2,0,0,1
U00077,rabbit,Holland Lop,12-24,organic,desktop,Saturday,1,1,awareness,6.61,6,4.2,7.3,0,0,1,1,2,0,0,1
U00078,dog,Bulldog,0-3,social_media,desktop,Saturday,1,0,none,7.33,2,4.4,25.4,1,1,1,5,3,1,1,0
U00079,dog,Bulldog,0-3,referral,mobile,Saturday,1,0,retargeting,5.69,3,4.1,10.0,1,0,1,3,1,0,0,1
U00080,dog,Golden Retriever,6-12,organic,mobile,Saturday,0,0,none,2.93,4,4.5,9.6,1,1,1,0,1,0,0,1
U00081,bird,Mixed,3-6,paid_ad,tablet,Saturday,0,1,awareness,1.57,4,3.8,9.7,0,1,1,5,0,1,1,0
U00082,cat,Maine Coon,6-12,email,mobile,Thursday,0,0,none,4.96,4,3.8,3.6,0,1,1,3,4,0,0,1
U00083,dog,Poodle,6-12,organic,tablet,Thursday,0,0,seasonal,3.02,5,4.9,25.0,1,0,1,1,0,0,0,1
U00084,dog,Chihuahua,0-3,referral,mobile,Saturday,0,0,none,1.12,3,4.8,21.0,0,1,1,6,2,1,1,0
U00085,dog,Labrador,3-6,email,mobile,Sunday,1,0,awareness,2.39,4,3.4,5.3,1,1,1,3,4,1,1,0
U00086,dog,Chihuahua,6-12,social_media,desktop,Wednesday,0,0,seasonal,11.24,6,3.5,3.0,0,1,1,1,1,0,0,1
U00087,cat,Bengal,3-6,paid_ad,tablet,Wednesday,0,0,none,4.2,1,4.1,23.3,1,1,0,0,0,0,0,0
U00088,cat,Persian,6-12,organic,tablet,Sunday,1,1,awareness,2.32,3,4.1,56.8,1,1,0,0,0,1,1,0
U00089,bird,Cockatiel,24+,email,mobile,Friday,0,0,none,6.24,1,3.2,2.2,1,1,0,0,0,0,0,0
U00090,cat,Siamese,24+,organic,mobile,Tuesday,1,0,none,9.71,3,4.8,2.6,1,0,0,0,0,0,0,0
U00091,dog,Poodle,3-6,paid_ad,desktop,Saturday,1,0,awareness,4.43,5,4.5,13.4,1,1,1,5,1,0,0,1
U00092,cat,Bengal,12-24,social_media,desktop,Sunday,0,0,seasonal,3.66,5,4.6,9.9,0,1,0,0,0,0,0,0
U00093,rabbit,Mixed,3-6,email,desktop,Saturday,0,0,awareness,5.69,8,4.4,2.5,0,1,0,0,0,0,0,0
U00094,cat,Bengal,24+,organic,mobile,Saturday,1,1,awareness,0.5,2,3.3,13.7,1,1,1,6,5,0,0,1
U00095,rabbit,Mini Rex,3-6,email,tablet,Tuesday,0,1,awareness,5.88,2,3.7,1.0,1,1,0,0,0,0,0,0
U00096,cat,Ragdoll,6-12,paid_ad,desktop,Sunday,0,0,awareness,11.89,4,3.7,10.2,1,1,1,3,1,1,1,0
U00097,cat,Bengal,3-6,social_media,desktop,Friday,1,0,awareness,3.95,7,5.0,1.8,1,1,1,4,0,0,0,1
U00098,cat,Bengal,0-3,email,mobile,Sunday,0,1,none,0.87,4,3.2,7.2,1,1,1,2,2,0,0,1
U00099,dog,German Shepherd,0-3,social_media,mobile,Wednesday,0,1,none,0.5,5,4.1,61.2,1,0,0,0,0,0,0,0
U00100,dog,Bulldog,24+,paid_ad,tablet,Monday,1,0,awareness,6.59,2,4.5,6.9,0,0,1,4,6,0,0,1
U00101,dog,Beagle,6-12,social_media,desktop,Thursday,1,0,seasonal,2.44,5,3.8,6.4,1,0,1,5,3,1,1,0
U00102,cat,Ragdoll,24+,paid_ad,desktop,Wednesday,0,1,none,4.86,2,4.1,8.5,1,1,1,4,1,1,1,0
U00103,dog,Golden Retriever,3-6,paid_ad,tablet,Saturday,0,0,awareness,3.17,2,3.3,12.1,0,0,0,0,0,0,0,0
U00104,cat,Sphynx,6-12,social_media,desktop,Sunday,0,0,none,1.5,5,3.4,1.0,1,1,1,2,1,0,0,1
U00105,bird,Cockatiel,3-6,organic,mobile,Saturday,0,1,none,2.49,1,4.4,25.4,1,1,0,0,0,0,0,0
U00106,dog,German Shepherd,0-3,social_media,mobile,Sunday,1,1,awareness,2.8,4,4.4,5.3,1,0,1,2,2,0,0,1
U00107,cat,Sphynx,12-24,paid_ad,mobile,Thursday,1,0,retargeting,4.45,4,4.1,28.2,0,1,1,5,1,0,0,1
U00108,rabbit,Mixed,3-6,organic,mobile,Saturday,1,0,awareness,1.02,6,4.8,2.3,1,1,1,3,1,0,0,1
U00109,dog,Beagle,12-24,social_media,mobile,Sunday,0,0,none,1.1,1,3.7,8.5,0,1,0,0,0,0,0,0
U00110,dog,Bulldog,3-6,paid_ad,mobile,Saturday,0,1,seasonal,7.66,5,4.5,66.2,1,1,0,0,0,0,0,0
U00111,dog,Golden Retriever,24+,social_media,mobile,Friday,0,1,none,5.51,5,4.5,3.2,0,1,0,0,0,0,0,0
U00112,dog,Chihuahua,12-24,email,mobile,Friday,0,1,retargeting,6.73,3,3.9,10.8,1,1,1,2,1,0,0,1
U00113,bird,Lovebird,12-24,organic,mobile,Saturday,0,0,retargeting,0.5,6,4.7,5.8,0,1,1,2,5,0,0,1
U00114,rabbit,Holland Lop,12-24,organic,mobile,Wednesday,0,0,retargeting,0.89,7,4.1,15.6,1,1,1,3,4,0,0,1
U00115,cat,Persian,6-12,paid_ad,mobile,Saturday,0,0,seasonal,3.9,4,4.3,1.1,1,0,0,0,0,0,0,0
U00116,bird,Cockatiel,12-24,organic,desktop,Sunday,1,0,retargeting,11.68,5,3.1,24.5,1,1,1,5,0,1,0,1
U00117,rabbit,Mixed,12-24,organic,mobile,Thursday,1,0,none,7.79,4,4.4,15.2,1,1,1,6,2,0,0,1
U00118,dog,Beagle,3-6,paid_ad,mobile,Saturday,0,0,none,8.11,2,4.3,30.4,0,0,0,0,0,0,0,0
U00119,bird,Lovebird,6-12,social_media,desktop,Saturday,0,0,none,0.5,6,4.8,21.4,1,1,0,0,0,0,0,0
U00120,cat,Siamese,12-24,referral,desktop,Saturday,1,1,none,13.41,2,3.3,2.2,0,0,1,3,2,0,0,1
U00121,rabbit,Mini Rex,12-24,referral,mobile,Friday,1,0,seasonal,8.03,2,3.4,30.4,1,1,1,4,3,0,0,1
U00122,bird,Parakeet,0-3,organic,desktop,Sunday,0,1,none,0.5,5,4.0,7.4,0,1,1,4,5,0,0,1
U00123,dog,Poodle,6-12,organic,tablet,Thursday,1,0,retargeting,3.5,6,3.7,10.1,0,1,1,4,1,0,0,1
U00124,dog,Bulldog,3-6,paid_ad,desktop,Monday,1,1,retargeting,6.0,6,3.3,1.0,1,1,0,0,0,0,0,0
U00125,dog,Golden Retriever,12-24,social_media,mobile,Sunday,0,0,retargeting,1.21,1,3.3,3.9,1,1,1,5,4,0,0,1
U00126,cat,Maine Coon,12-24,organic,desktop,Saturday,0,0,awareness,5.67,2,4.4,5.2,0,1,1,3,2,0,0,1
U00127,rabbit,Mini Rex,0-3,paid_ad,mobile,Sunday,0,0,retargeting,7.6,2,4.5,24.5,1,1,0,0,0,0,0,0
U00128,bird,Mixed,3-6,organic,desktop,Tuesday,0,0,none,12.1,4,4.8,9.7,1,0,1,5,3,0,0,1
U00129,dog,Mixed,24+,paid_ad,tablet,Monday,0,0,retargeting,18.27,3,3.6,6.8,1,0,0,0,0,0,0,0
U00130,cat,Sphynx,6-12,organic,mobile,Sunday,1,1,none,3.01,3,3.9,44.5,0,1,1,2,4,0,0,1
U00131,cat,Ragdoll,6-12,organic,tablet,Tuesday,1,0,seasonal,3.44,4,3.3,4.1,0,1,1,3,3,1,1,0
U00132,dog,Labrador,3-6,organic,mobile,Saturday,0,0,none,4.99,1,3.2,9.9,1,1,1,4,1,1,0,1
U00133,dog,Golden Retriever,0-3,referral,tablet,Saturday,0,0,none,3.5,3,3.0,4.5,1,1,1,4,3,1,0,1
U00134,dog,Chihuahua,0-3,email,desktop,Saturday,1,0,awareness,0.5,7,3.3,4.0,1,1,1,3,3,0,0,1
U00135,bird,Parakeet,0-3,paid_ad,mobile,Tuesday,0,1,retargeting,4.45,1,3.6,32.6,0,1,0,0,0,0,0,0
U00136,dog,Poodle,0-3,social_media,desktop,Saturday,0,0,retargeting,2.57,7,4.1,12.4,0,1,1,4,0,1,1,0
U00137,cat,Siamese,0-3,social_media,mobile,Sunday,1,0,none,0.5,2,4.2,1.0,1,1,1,3,2,1,0,1
U00138,cat,Bengal,24+,organic,mobile,Thursday,0,1,none,0.5,2,4.1,2.4,0,1,1,0,3,1,0,1
U00139,dog,Labrador,3-6,social_media,desktop,Thursday,0,0,none,20.9,3,3.1,31.9,1,0,0,0,0,0,0,0
U00140,reptile,Mixed,3-6,email,mobile,Thursday,0,1,awareness,1.02,3,4.0,1.0,1,0,0,0,0,0,0,0
U00141,reptile,Mixed,6-12,email,desktop,Monday,0,0,awareness,3.56,4,3.9,33.6,0,1,0,0,0,0,0,0
U00142,dog,Beagle,12-24,organic,mobile,Sunday,0,0,awareness,13.68,4,4.5,3.5,1,0,0,0,0,0,0,0
U00143,cat,Siamese,6-12,referral,mobile,Sunday,0,0,retargeting,2.87,1,4.8,59.9,1,0,0,0,0,0,0,0
U00144,dog,Poodle,3-6,organic,tablet,Sunday,0,0,awareness,0.53,5,4.3,14.6,0,0,0,0,0,0,0,0
U00145,dog,Bulldog,12-24,referral,mobile,Friday,0,1,seasonal,3.65,4,4.4,59.4,1,1,0,0,0,0,0,0
U00146,dog,Golden Retriever,0-3,organic,desktop,Saturday,0,0,none,0.72,4,3.8,10.9,1,0,1,4,4,1,0,1
U00147,cat,Persian,12-24,social_media,desktop,Tuesday,0,0,awareness,0.78,3,4.2,22.9,0,0,1,2,0,0,0,1
U00148,cat,Bengal,12-24,social_media,desktop,Saturday,0,0,awareness,14.87,2,4.1,4.8,0,0,0,0,0,0,0,0
U00149,dog,Bulldog,24+,social_media,tablet,Saturday,1,0,none,2.22,4,4.9,2.5,0,0,1,0,2,0,0,1
U00150,dog,Mixed,12-24,email,desktop,Sunday,0,1,awareness,8.86,6,4.5,1.7,1,1,1,1,0,1,0,1
U00151,bird,Cockatiel,3-6,social_media,mobile,Sunday,1,0,none,2.49,1,3.6,6.1,1,1,1,3,4,1,0,1
U00152,dog,Bulldog,12-24,social_media,desktop,Sunday,0,1,none,1.96,3,4.8,7.3,1,1,0,0,0,0,0,0
U00153,dog,Labrador,12-24,paid_ad,mobile,Sunday,0,1,awareness,3.32,1,4.1,5.8,0,1,1,4,0,1,0,1
U00154,cat,Maine Coon,3-6,email,mobile,Sunday,1,0,none,0.5,2,3.3,48.6,0,0,1,2,2,1,0,1
U00155,reptile,Ball Python,6-12,paid_ad,tablet,Monday,0,1,none,2.13,1,4.7,2.2,1,1,1,5,3,1,1,0
U00156,dog,Bulldog,0-3,organic,desktop,Sunday,1,0,awareness,5.77,2,4.1,3.4,1,1,1,3,2,1,1,0
U00157,cat,Persian,6-12,email,desktop,Friday,0,0,awareness,2.02,8,3.2,3.4,1,1,0,0,0,0,0,0
U00158,rabbit,Dutch,0-3,email,desktop,Thursday,0,0,none,6.48,5,3.8,19.8,1,1,0,0,0,0,0,0
U00159,dog,Mixed,3-6,social_media,desktop,Monday,1,0,none,0.5,7,4.0,16.5,1,1,1,3,1,0,0,1
U00160,cat,Sphynx,6-12,social_media,tablet,Saturday,0,1,awareness,4.31,1,3.6,2.9,1,1,0,0,0,0,0,0
U00161,dog,Chihuahua,6-12,social_media,mobile,Wednesday,0,0,retargeting,5.71,1,3.6,1.0,1,1,1,4,1,1,1,0
U00162,cat,Ragdoll,3-6,organic,mobile,Thursday,1,0,seasonal,2.56,4,3.3,1.0,1,0,0,0,0,0,0,0
U00163,cat,Mixed,0-3,organic,mobile,Saturday,1,0,none,9.45,2,4.4,4.2,0,0,1,3,4,0,0,1
U00164,cat,Mixed,6-12,organic,desktop,Sunday,0,0,none,7.8,4,3.1,21.1,1,0,1,4,2,0,0,1
U00165,dog,Mixed,0-3,email,mobile,Saturday,0,0,none,14.48,2,3.6,34.1,0,1,1,4,1,0,0,1
U00166,rabbit,Holland Lop,3-6,email,mobile,Thursday,0,1,awareness,1.17,3,3.4,35.0,0,1,0,0,0,0,0,0
U00167,dog,German Shepherd,12-24,referral,mobile,Thursday,0,0,awareness,12.71,1,3.9,8.5,1,1,0,0,0,0,0,0
U00168,dog,Bulldog,3-6,paid_ad,tablet,Wednesday,0,1,awareness,6.07,1,4.6,25.9,1,1,0,0,0,0,0,0
U00169,dog,Bulldog,24+,organic,desktop,Thursday,1,1,retargeting,10.66,4,3.6,19.0,1,1,1,5,1,1,0,1
U00170,cat,Mixed,12-24,paid_ad,mobile,Tuesday,0,0,retargeting,10.58,6,4.7,1.1,1,1,0,0,0,0,0,0
U00171,cat,Persian,3-6,paid_ad,mobile,Sunday,1,0,seasonal,3.65,5,4.7,38.1,1,1,1,1,4,0,0,1
U00172,dog,German Shepherd,0-3,social_media,mobile,Friday,0,0,none,9.02,2,3.8,11.7,1,1,0,0,0,0,0,0
U00173,cat,Siamese,3-6,email,mobile,Tuesday,0,1,none,3.55,4,4.7,9.3,0,0,1,4,0,1,1,0
U00174,dog,Beagle,0-3,referral,mobile,Thursday,1,0,none,4.16,2,3.6,13.2,0,0,0,0,0,0,0,0
U00175,cat,Maine Coon,6-12,social_media,tablet,Friday,0,0,none,3.83,5,3.5,2.9,0,1,0,0,0,0,0,0
U00176,dog,Poodle,0-3,referral,tablet,Friday,0,0,seasonal,1.02,1,4.7,2.6,1,1,0,0,0,0,0,0
U00177,cat,Siamese,24+,organic,mobile,Monday,0,0,none,3.67,1,4.3,8.6,0,1,0,0,0,0,0,0
U00178,dog,German Shepherd,3-6,organic,mobile,Sunday,1,0,awareness,17.25,5,3.5,12.8,1,0,1,3,0,0,0,1
U00179,bird,Cockatiel,0-3,social_media,mobile,Wednesday,0,0,none,5.42,3,3.1,1.0,0,0,1,6,2,0,0,1
U00180,dog,Golden Retriever,12-24,email,mobile,Monday,0,0,none,6.26,2,4.5,1.3,1,1,0,0,0,0,0,0
U00181,dog,Golden Retriever,3-6,paid_ad,mobile,Monday,1,0,none,4.69,1,3.6,42.3,0,1,1,4,0,1,0,1
U00182,dog,Mixed,6-12,referral,mobile,Friday,0,0,none,1.95,5,3.2,6.6,0,1,1,2,2,1,0,1
U00183,bird,Mixed,12-24,social_media,mobile,Tuesday,1,0,awareness,0.65,4,3.6,1.7,1,1,1,2,2,1,0,1
U00184,bird,Lovebird,0-3,organic,desktop,Monday,0,1,seasonal,1.53,4,3.9,2.4,0,1,1,6,0,0,0,1
U00185,dog,German Shepherd,0-3,paid_ad,desktop,Thursday,0,0,awareness,0.5,1,3.4,7.6,1,1,1,3,3,0,0,1
U00186,cat,Siamese,0-3,email,desktop,Friday,1,0,awareness,8.73,5,3.1,28.2,0,1,0,0,0,0,0,0
U00187,rabbit,Dutch,3-6,organic,mobile,Tuesday,1,0,none,5.85,6,3.7,6.4,0,1,1,2,2,0,0,1
U00188,cat,Persian,6-12,social_media,tablet,Wednesday,1,0,retargeting,2.04,1,4.0,19.9,1,1,1,4,1,0,0,1
U00189,cat,Maine Coon,24+,paid_ad,tablet,Thursday,1,0,none,0.63,2,4.6,5.2,1,1,1,3,2,0,0,1
U00190,dog,Bulldog,6-12,paid_ad,mobile,Tuesday,0,0,seasonal,1.86,3,4.6,8.9,1,1,1,5,1,0,0,1
U00191,dog,Bulldog,12-24,social_media,mobile,Friday,0,1,awareness,1.57,4,3.3,4.2,1,0,0,0,0,0,0,0
U00192,bird,Cockatiel,0-3,social_media,mobile,Monday,0,0,none,2.1,1,3.9,19.8,1,1,0,0,0,0,0,0
U00193,bird,Lovebird,12-24,referral,mobile,Monday,1,0,awareness,1.07,2,4.7,23.2,1,1,1,5,3,1,1,0
U00194,cat,Persian,12-24,email,mobile,Friday,1,1,seasonal,1.89,3,3.1,9.2,1,1,1,1,1,0,0,1
U00195,dog,Chihuahua,24+,social_media,desktop,Wednesday,1,0,none,18.57,7,4.0,18.9,0,1,0,0,0,0,0,0
U00196,dog,German Shepherd,12-24,organic,mobile,Monday,0,0,none,1.86,5,4.0,5.8,1,1,1,3,2,0,0,1
U00197,cat,Persian,12-24,paid_ad,mobile,Thursday,0,0,none,7.0,4,4.7,9.2,0,1,0,0,0,0,0,0
U00198,bird,Lovebird,0-3,organic,mobile,Sunday,0,1,awareness,3.44,2,4.0,31.3,1,1,0,0,0,0,0,0
U00199,bird,Cockatiel,6-12,organic,tablet,Saturday,1,0,none,2.06,3,3.2,1.0,0,0,0,0,0,0,0,0
U00200,rabbit,Lionhead,3-6,social_media,mobile,Saturday,0,0,retargeting,5.96,2,4.4,9.2,1,0,1,3,1,0,0,1
U00201,cat,Siamese,3-6,organic,desktop,Sunday,1,0,seasonal,7.05,2,4.1,1.0,1,1,1,6,0,0,0,1
U00202,dog,German Shepherd,6-12,email,mobile,Sunday,0,1,seasonal,0.5,2,3.9,8.5,0,1,1,2,3,1,1,0
U00203,dog,Golden Retriever,12-24,organic,mobile,Saturday,0,1,none,0.5,6,3.6,11.0,0,1,1,5,4,1,1,0
U00204,bird,Canary,0-3,email,desktop,Friday,0,0,awareness,8.38,5,3.2,21.1,1,1,0,0,0,1,1,0
U00205,cat,Siamese,24+,organic,mobile,Thursday,0,0,none,2.69,3,4.8,5.5,1,1,1,2,2,0,0,1
U00206,dog,Chihuahua,12-24,organic,mobile,Tuesday,0,0,awareness,2.37,1,4.7,22.9,1,1,1,3,2,0,0,1
U00207,dog,Poodle,3-6,organic,mobile,Saturday,0,0,retargeting,0.72,1,4.9,1.0,1,1,0,0,0,0,0,0
U00208,cat,Sphynx,3-6,referral,desktop,Sunday,0,1,awareness,1.34,1,4.9,3.9,1,1,1,2,0,0,0,1
U00209,dog,Mixed,0-3,paid_ad,desktop,Thursday,0,0,seasonal,12.47,7,3.3,13.9,0,1,1,3,3,0,0,1
U00210,dog,Labrador,12-24,organic,mobile,Saturday,1,0,retargeting,8.04,5,3.6,1.0,0,0,0,0,0,0,0,0
U00211,cat,Bengal,0-3,paid_ad,desktop,Friday,1,0,none,6.4,3,4.0,15.4,1,0,1,2,1,0,0,1
U00212,cat,Siamese,3-6,email,mobile,Thursday,0,0,awareness,1.59,4,3.8,19.0,1,0,0,0,0,0,0,0
U00213,cat,Ragdoll,3-6,referral,desktop,Thursday,0,0,none,21.05,4,4.9,27.7,0,1,1,2,0,0,0,1
U00214,dog,Labrador,3-6,social_media,mobile,Friday,0,1,none,4.45,3,3.6,21.6,1,1,1,5,2,0,0,1
U00215,cat,Siamese,12-24,email,desktop,Thursday,1,0,none,12.42,2,3.2,40.8,0,1,1,7,2,0,0,1
U00216,dog,Labrador,6-12,organic,tablet,Saturday,0,0,seasonal,0.5,1,3.9,11.3,1,1,0,0,0,0,0,0
U00217,dog,Mixed,0-3,social_media,tablet,Sunday,0,0,awareness,3.89,3,4.0,20.4,1,1,1,3,4,0,0,1
U00218,cat,Ragdoll,6-12,referral,mobile,Sunday,1,0,retargeting,9.32,1,3.8,25.0,1,1,1,2,2,0,0,1
U00219,cat,Siamese,3-6,social_media,desktop,Wednesday,0,0,retargeting,3.22,4,4.6,15.1,1,1,1,3,2,0,0,1
U00220,rabbit,Mixed,3-6,organic,mobile,Sunday,1,0,retargeting,4.54,2,4.0,40.0,1,1,1,5,1,0,0,1
U00221,cat,Maine Coon,3-6,organic,tablet,Wednesday,0,0,retargeting,6.97,7,3.6,9.6,0,1,0,0,0,0,0,0
U00222,cat,Ragdoll,0-3,paid_ad,mobile,Wednesday,0,0,none,0.75,4,4.0,3.8,1,1,0,0,0,0,0,0
U00223,dog,Poodle,3-6,email,mobile,Saturday,0,0,retargeting,6.79,3,4.8,4.6,1,1,1,4,5,0,0,1
U00224,dog,Bulldog,12-24,social_media,mobile,Wednesday,1,0,awareness,0.54,1,4.7,6.7,1,1,1,3,4,0,0,1
U00225,dog,Mixed,12-24,referral,mobile,Monday,1,1,awareness,5.92,3,4.3,20.0,1,0,0,0,0,0,0,0
U00226,dog,Poodle,24+,organic,desktop,Thursday,0,0,none,36.71,5,4.3,12.2,0,1,0,0,0,0,0,0
U00227,reptile,Leopard Gecko,0-3,social_media,tablet,Saturday,0,1,none,15.85,3,4.2,40.9,0,1,1,1,1,0,0,1
U00228,dog,Bulldog,24+,referral,desktop,Wednesday,0,0,seasonal,12.56,3,3.5,34.3,0,1,0,0,0,0,0,0
U00229,bird,Lovebird,3-6,social_media,desktop,Friday,1,0,none,4.59,6,4.2,9.2,1,1,1,3,2,1,0,1
U00230,cat,Siamese,6-12,organic,desktop,Saturday,0,1,awareness,8.76,4,4.2,7.6,0,0,1,2,2,0,0,1
U00231,rabbit,Lionhead,6-12,social_media,mobile,Saturday,1,0,none,4.56,3,4.1,52.8,1,1,1,3,3,0,0,1
U00232,cat,Bengal,0-3,paid_ad,mobile,Sunday,0,0,none,0.5,1,4.6,9.8,1,1,0,0,0,0,0,0
U00233,cat,Bengal,0-3,organic,mobile,Thursday,0,0,none,0.5,4,3.1,71.0,1,1,1,2,2,0,0,1
U00234,cat,Siamese,3-6,referral,mobile,Tuesday,0,1,awareness,4.14,7,3.9,4.1,0,0,0,0,0,0,0,0
U00235,dog,German Shepherd,3-6,paid_ad,mobile,Wednesday,1,0,seasonal,0.5,1,3.1,33.2,0,0,1,2,2,1,1,0
U00236,cat,Ragdoll,3-6,organic,mobile,Thursday,1,0,none,10.9,6,4.6,4.7,1,1,1,2,1,0,0,1
U00237,dog,Golden Retriever,6-12,paid_ad,mobile,Saturday,0,0,none,3.06,6,3.5,15.5,0,0,1,2,1,0,0,1
U00238,dog,Beagle,3-6,social_media,mobile,Monday,0,1,awareness,1.36,3,3.7,100.0,1,1,1,4,2,1,1,0
U00239,cat,Siamese,6-12,social_media,tablet,Wednesday,0,0,none,3.25,2,3.7,12.8,1,1,0,0,0,0,0,0
U00240,dog,Chihuahua,0-3,paid_ad,mobile,Saturday,0,0,seasonal,8.66,1,4.9,26.4,1,1,0,0,0,0,0,0
U00241,bird,Mixed,24+,referral,mobile,Saturday,1,0,none,9.17,5,3.7,4.3,0,1,0,0,0,0,0,0
U00242,reptile,Ball Python,12-24,organic,desktop,Saturday,0,1,awareness,0.74,4,3.1,12.5,1,1,1,3,0,0,0,1
U00243,bird,Cockatiel,0-3,social_media,mobile,Saturday,1,0,awareness,5.27,3,3.1,9.4,0,0,1,4,4,0,0,1
U00244,dog,Bulldog,6-12,social_media,mobile,Saturday,1,0,retargeting,3.93,4,3.4,7.0,1,1,1,1,3,0,0,1
U00245,dog,Mixed,12-24,social_media,mobile,Saturday,1,1,awareness,4.01,6,3.2,1.0,1,0,1,0,2,0,0,1
U00246,bird,Lovebird,3-6,social_media,mobile,Thursday,1,0,none,5.29,3,4.6,20.4,1,1,0,0,0,0,0,0
U00247,cat,Mixed,3-6,organic,mobile,Sunday,0,0,none,1.15,3,4.3,56.4,1,1,0,0,0,0,0,0
U00248,reptile,Mixed,24+,email,mobile,Friday,1,1,seasonal,2.65,1,4.6,14.6,1,0,0,0,0,1,0,0
U00249,reptile,Leopard Gecko,12-24,social_media,desktop,Tuesday,0,1,retargeting,2.31,1,4.1,1.2,1,1,1,3,2,1,1,0
U00250,bird,Lovebird,3-6,organic,desktop,Wednesday,0,0,none,0.6,2,3.9,16.4,0,1,1,4,2,1,0,1
U00251,dog,Labrador,6-12,paid_ad,mobile,Saturday,1,0,retargeting,0.51,6,3.7,96.6,1,1,1,5,3,0,0,1
U00252,dog,Mixed,12-24,paid_ad,mobile,Sunday,0,0,awareness,0.67,5,4.6,20.9,1,0,1,4,3,1,1,0
U00253,bird,Mixed,3-6,social_media,mobile,Tuesday,1,1,awareness,3.34,1,3.0,8.3,0,1,1,2,2,1,0,1
U00254,dog,German Shepherd,0-3,organic,desktop,Monday,1,1,none,0.87,4,4.0,57.7,1,1,1,2,2,1,1,0
U00255,dog,German Shepherd,3-6,email,mobile,Sunday,1,0,retargeting,3.84,2,3.7,36.3,0,1,1,3,6,1,0,1
U00256,cat,Maine Coon,12-24,organic,desktop,Sunday,0,0,none,6.92,4,3.3,22.5,1,1,1,2,0,0,0,1
U00257,bird,Cockatiel,6-12,organic,desktop,Wednesday,1,1,retargeting,14.05,3,4.4,40.1,1,1,1,1,2,0,0,1
U00258,cat,Bengal,6-12,paid_ad,mobile,Thursday,0,0,none,4.48,3,3.5,22.2,1,1,1,1,2,0,0,1
U00259,cat,Ragdoll,0-3,organic,mobile,Saturday,1,0,retargeting,19.29,2,3.8,56.6,0,0,0,0,0,0,0,0
U00260,dog,Labrador,3-6,organic,mobile,Wednesday,0,0,none,0.5,2,3.6,21.3,1,0,0,0,0,0,0,0
U00261,cat,Ragdoll,12-24,organic,mobile,Sunday,0,0,none,5.54,3,4.2,2.4,1,1,0,0,0,0,0,0
U00262,reptile,Leopard Gecko,12-24,organic,mobile,Tuesday,0,1,none,0.5,1,3.0,1.6,0,1,1,3,3,1,1,0
U00263,dog,Bulldog,0-3,organic,mobile,Monday,0,1,none,5.95,3,4.3,4.2,0,1,1,5,4,0,0,1
U00264,cat,Mixed,12-24,referral,mobile,Tuesday,0,0,awareness,2.22,5,3.8,2.2,1,1,0,0,0,0,0,0
U00265,bird,Cockatiel,6-12,organic,mobile,Wednesday,0,0,none,3.31,2,4.4,12.5,0,1,0,0,0,0,0,0
U00266,cat,Mixed,3-6,organic,desktop,Tuesday,0,0,seasonal,2.89,9,4.7,16.2,1,1,1,2,6,1,1,0
U00267,cat,Mixed,0-3,organic,mobile,Monday,1,1,awareness,0.79,4,4.0,2.0,1,0,1,1,1,1,0,1
U00268,cat,Bengal,0-3,referral,tablet,Saturday,0,0,awareness,8.36,3,4.7,1.0,0,1,1,3,1,0,0,1
U00269,dog,Mixed,3-6,social_media,tablet,Tuesday,0,0,none,15.27,5,3.3,17.9,1,0,0,0,0,0,0,0
U00270,dog,Poodle,12-24,social_media,tablet,Sunday,0,0,awareness,1.32,4,3.1,1.0,1,1,1,5,0,0,0,1
U00271,rabbit,Dutch,3-6,paid_ad,desktop,Thursday,1,0,none,15.21,5,4.8,19.2,0,1,0,0,0,0,0,0
U00272,rabbit,Mixed,6-12,social_media,mobile,Saturday,0,0,retargeting,0.53,4,3.2,1.1,0,0,0,0,0,0,0,0
U00273,bird,Parakeet,0-3,social_media,mobile,Wednesday,0,1,none,4.66,2,3.4,49.6,1,0,1,0,1,0,0,1
U00274,bird,Lovebird,0-3,organic,desktop,Wednesday,0,0,retargeting,19.23,9,3.2,4.3,1,1,1,2,2,0,0,1
U00275,cat,Maine Coon,3-6,social_media,desktop,Friday,0,0,none,1.24,7,3.3,1.0,1,1,0,0,0,0,0,0
U00276,cat,Bengal,0-3,social_media,desktop,Friday,0,0,seasonal,4.45,1,4.8,14.6,1,1,0,0,0,0,0,0
U00277,rabbit,Mini Rex,0-3,email,tablet,Saturday,0,0,none,2.06,4,4.7,19.2,1,0,1,3,4,0,0,1
U00278,cat,Ragdoll,3-6,organic,mobile,Saturday,1,0,none,2.24,3,3.5,38.7,1,1,1,4,6,0,0,1
U00279,cat,Ragdoll,0-3,email,mobile,Saturday,0,0,awareness,6.37,6,4.4,26.2,0,1,1,5,2,0,0,1
U00280,rabbit,Mixed,12-24,organic,mobile,Thursday,0,1,seasonal,3.79,3,4.6,5.0,1,0,0,0,0,0,0,0
U00281,bird,Mixed,6-12,organic,mobile,Sunday,0,0,awareness,12.12,2,3.3,3.3,1,1,0,0,0,0,0,0
U00282,dog,Mixed,3-6,social_media,mobile,Friday,0,0,none,0.93,2,3.5,5.5,0,1,0,0,0,0,0,0
U00283,dog,German Shepherd,3-6,referral,desktop,Sunday,1,0,awareness,6.11,3,4.0,4.1,1,0,1,1,2,0,0,1
U00284,dog,German Shepherd,0-3,social_media,desktop,Saturday,0,1,seasonal,4.65,6,4.3,19.1,1,1,0,0,0,0,0,0
U00285,cat,Persian,12-24,email,mobile,Monday,1,0,none,11.43,1,3.8,18.0,0,1,1,7,2,1,1,0
U00286,dog,Poodle,12-24,organic,tablet,Wednesday,1,1,none,0.5,2,4.6,12.3,1,1,1,1,2,1,1,0
U00287,cat,Mixed,12-24,organic,desktop,Friday,0,0,retargeting,35.3,1,5.0,1.1,1,1,1,3,1,0,0,1
U00288,cat,Ragdoll,0-3,organic,desktop,Saturday,1,0,seasonal,5.1,4,4.7,46.0,1,1,1,3,1,0,0,1
U00289,dog,Chihuahua,0-3,social_media,mobile,Friday,0,0,retargeting,4.47,3,4.7,6.5,0,1,0,0,0,0,0,0
U00290,cat,Maine Coon,0-3,organic,desktop,Saturday,1,1,seasonal,3.48,4,3.4,25.3,0,1,1,3,1,1,0,1
U00291,dog,Mixed,6-12,organic,desktop,Wednesday,0,0,none,14.93,2,4.8,23.9,1,1,1,5,3,0,0,1
U00292,dog,Golden Retriever,6-12,paid_ad,mobile,Tuesday,0,0,awareness,3.76,3,5.0,5.3,0,1,0,0,0,0,0,0
U00293,rabbit,Mixed,24+,organic,mobile,Monday,0,0,retargeting,3.8,4,4.1,4.3,1,1,0,0,0,0,0,0
U00294,dog,Chihuahua,6-12,email,tablet,Friday,0,0,retargeting,6.8,2,4.5,11.5,1,1,1,1,3,1,1,0
U00295,dog,Beagle,3-6,social_media,mobile,Saturday,0,0,retargeting,2.06,4,4.2,6.6,0,1,1,5,3,0,0,1
U00296,cat,Mixed,6-12,social_media,mobile,Wednesday,0,0,seasonal,0.5,3,5.0,37.9,1,1,0,0,0,0,0,0
U00297,rabbit,Mixed,6-12,email,mobile,Friday,0,0,none,5.77,6,4.2,36.6,1,0,1,5,0,0,0,1
U00298,dog,Bulldog,0-3,social_media,desktop,Monday,0,0,none,2.67,6,3.9,22.2,1,0,1,5,1,1,1,0
U00299,cat,Persian,0-3,organic,desktop,Monday,0,0,none,14.74,2,3.3,1.0,1,0,1,8,4,1,1,0
U00300,dog,Beagle,6-12,paid_ad,mobile,Saturday,0,0,retargeting,4.27,4,4.7,28.0,0,0,1,1,2,1,0,1
U00301,dog,Beagle,0-3,paid_ad,mobile,Thursday,0,0,none,1.99,2,3.4,16.0,0,0,1,6,1,1,1,0
U00302,cat,Siamese,12-24,organic,tablet,Saturday,0,0,retargeting,5.86,2,4.4,11.1,1,1,0,0,0,0,0,0
U00303,cat,Ragdoll,24+,organic,desktop,Sunday,0,0,none,8.09,8,3.5,7.4,1,0,0,0,0,0,0,0
U00304,cat,Persian,0-3,paid_ad,desktop,Sunday,0,0,none,9.57,3,4.4,14.4,0,1,0,0,0,0,0,0
U00305,cat,Bengal,6-12,social_media,mobile,Tuesday,0,0,awareness,7.86,4,3.1,4.4,0,1,0,0,0,0,0,0
U00306,reptile,Bearded Dragon,3-6,email,mobile,Friday,1,0,retargeting,0.61,4,3.4,12.9,1,1,0,0,0,0,0,0
U00307,cat,Bengal,6-12,social_media,mobile,Saturday,0,0,none,13.13,3,4.4,15.8,1,1,0,0,0,0,0,0
U00308,dog,German Shepherd,6-12,organic,desktop,Saturday,0,0,retargeting,4.13,3,4.2,16.9,1,1,0,0,0,0,0,0
U00309,rabbit,Dutch,0-3,email,mobile,Saturday,0,0,awareness,6.89,6,4.1,8.2,1,1,0,0,0,0,0,0
U00310,dog,Golden Retriever,12-24,social_media,mobile,Wednesday,0,0,none,1.13,4,3.2,1.1,1,1,1,5,0,0,0,1
U00311,cat,Bengal,3-6,organic,mobile,Tuesday,0,0,none,0.5,2,4.7,8.1,1,1,0,0,0,0,0,0
U00312,dog,Mixed,0-3,social_media,mobile,Friday,0,0,retargeting,3.88,3,4.3,34.8,1,1,1,1,1,1,1,0
U00313,dog,Poodle,0-3,paid_ad,desktop,Saturday,0,0,none,3.06,3,4.2,11.6,1,1,0,0,0,0,0,0
U00314,reptile,Bearded Dragon,24+,email,mobile,Wednesday,0,0,seasonal,14.58,1,4.9,1.0,1,1,0,0,0,0,0,0
U00315,rabbit,Mini Rex,12-24,organic,desktop,Tuesday,1,1,awareness,0.66,6,4.1,7.0,0,0,1,4,3,1,0,1
U00316,cat,Sphynx,6-12,social_media,tablet,Saturday,0,0,none,0.5,1,4.6,14.3,1,1,0,0,0,0,0,0
U00317,cat,Siamese,12-24,paid_ad,mobile,Wednesday,0,1,none,0.5,6,3.4,4.9,1,1,1,3,2,1,0,1
U00318,dog,German Shepherd,6-12,paid_ad,desktop,Tuesday,1,0,none,1.91,3,3.7,3.1,1,1,0,0,0,0,0,0
U00319,dog,Chihuahua,6-12,email,tablet,Tuesday,0,1,awareness,5.63,1,4.3,12.9,1,1,1,4,2,1,0,1
U00320,dog,Bulldog,24+,organic,tablet,Wednesday,1,0,awareness,4.58,2,4.3,14.0,0,0,1,4,4,1,1,0
U00321,cat,Ragdoll,12-24,paid_ad,mobile,Friday,1,1,retargeting,1.96,2,3.2,9.2,1,1,1,2,3,1,1,0
U00322,cat,Siamese,3-6,email,mobile,Thursday,0,0,none,0.5,1,3.1,1.5,1,1,0,0,0,0,0,0
U00323,cat,Sphynx,24+,organic,mobile,Monday,0,0,none,1.21,3,3.4,20.1,0,1,1,1,2,0,0,1
U00324,dog,Poodle,0-3,social_media,desktop,Monday,1,0,none,1.59,5,4.1,21.1,0,1,0,0,0,0,0,0
U00325,reptile,Leopard Gecko,24+,social_media,desktop,Wednesday,1,1,none,8.21,3,4.5,7.4,0,1,1,0,1,0,0,1
U00326,cat,Sphynx,24+,email,desktop,Saturday,1,1,awareness,11.81,9,3.8,1.0,0,1,1,5,1,0,0,1
U00327,cat,Bengal,0-3,organic,mobile,Monday,0,0,seasonal,6.83,1,3.5,15.2,1,1,1,3,0,0,0,1
U00328,cat,Ragdoll,0-3,email,mobile,Friday,0,0,retargeting,15.81,5,4.2,57.3,1,1,0,0,0,0,0,0
U00329,cat,Persian,12-24,referral,desktop,Tuesday,1,0,retargeting,16.82,5,3.2,10.0,1,0,0,0,0,0,0,0
U00330,dog,Chihuahua,0-3,paid_ad,mobile,Tuesday,0,0,none,3.13,1,3.3,17.5,1,1,1,3,0,1,0,1
U00331,dog,Mixed,12-24,referral,desktop,Tuesday,1,0,none,4.18,4,3.9,11.2,1,1,1,2,5,1,0,1
U00332,rabbit,Holland Lop,3-6,referral,mobile,Monday,0,1,none,8.66,3,4.9,4.1,0,0,1,3,2,0,0,1
U00333,dog,Mixed,0-3,organic,mobile,Saturday,1,0,none,4.3,3,3.7,6.2,1,0,0,0,0,0,0,0
U00334,dog,German Shepherd,6-12,email,mobile,Thursday,0,0,awareness,1.59,2,4.7,48.5,1,1,0,0,0,0,0,0
U00335,dog,Mixed,3-6,social_media,mobile,Sunday,0,0,none,3.78,4,5.0,13.6,1,0,0,0,0,0,0,0
U00336,dog,Poodle,0-3,paid_ad,mobile,Monday,1,0,seasonal,22.05,3,4.6,3.1,0,1,0,0,0,0,0,0
U00337,bird,Cockatiel,6-12,organic,mobile,Tuesday,0,0,seasonal,6.63,3,3.9,1.0,0,1,1,1,1,1,0,1
U00338,cat,Maine Coon,0-3,referral,mobile,Wednesday,0,0,none,1.5,2,4.6,1.0,1,1,0,0,0,0,0,0
U00339,cat,Persian,3-6,email,mobile,Saturday,0,0,retargeting,13.91,2,3.1,10.4,1,1,0,0,0,0,0,0
U00340,dog,Chihuahua,6-12,paid_ad,mobile,Wednesday,1,0,retargeting,18.15,5,4.7,1.7,1,1,0,0,0,1,0,0
U00341,cat,Sphynx,12-24,organic,desktop,Thursday,1,0,none,2.05,6,4.0,26.8,1,0,1,1,3,1,1,0
U00342,cat,Mixed,6-12,organic,mobile,Wednesday,0,0,seasonal,10.28,2,3.9,6.3,0,1,1,4,1,1,1,0
U00343,dog,German Shepherd,0-3,paid_ad,desktop,Monday,0,1,none,16.75,3,4.5,7.3,1,0,1,3,0,0,0,1
U00344,cat,Ragdoll,12-24,organic,desktop,Sunday,0,0,retargeting,0.5,2,4.9,6.3,0,1,1,3,2,1,0,1
U00345,dog,Poodle,3-6,paid_ad,desktop,Friday,1,1,none,8.64,6,3.5,11.5,0,1,1,2,0,0,0,1
U00346,cat,Sphynx,0-3,organic,tablet,Saturday,0,0,none,2.37,2,3.8,94.7,1,1,1,2,4,0,0,1
U00347,cat,Maine Coon,3-6,email,mobile,Saturday,0,0,awareness,5.11,4,4.3,34.0,1,1,1,5,2,0,0,1
U00348,dog,Bulldog,6-12,social_media,desktop,Friday,0,0,seasonal,19.1,7,4.2,4.0,1,1,0,0,0,0,0,0
U00349,dog,Beagle,0-3,email,tablet,Monday,0,0,none,4.49,3,3.5,34.2,0,1,0,0,0,0,0,0
U00350,cat,Sphynx,0-3,email,desktop,Saturday,1,1,none,4.17,7,3.0,13.1,1,1,1,1,2,0,0,1
U00351,cat,Bengal,6-12,social_media,mobile,Tuesday,0,0,awareness,11.58,3,3.3,19.7,0,1,0,0,0,0,0,0
U00352,bird,Cockatiel,6-12,organic,mobile,Thursday,0,0,none,12.79,2,3.1,11.0,0,1,0,0,0,0,0,0
U00353,cat,Bengal,3-6,organic,mobile,Friday,0,0,retargeting,0.5,3,3.1,16.2,0,0,1,3,1,1,0,1
U00354,dog,Labrador,6-12,email,desktop,Saturday,1,0,retargeting,19.98,3,3.5,7.5,0,1,1,2,1,0,0,1
U00355,dog,Chihuahua,12-24,social_media,desktop,Saturday,0,0,seasonal,0.67,5,4.4,5.0,1,0,1,3,1,0,0,1
U00356,cat,Bengal,3-6,paid_ad,mobile,Saturday,0,0,retargeting,1.87,1,3.5,10.5,0,1,1,4,3,1,0,1
U00357,dog,Bulldog,12-24,social_media,mobile,Tuesday,0,0,seasonal,6.54,1,3.5,9.7,1,0,0,0,0,0,0,0
U00358,cat,Bengal,12-24,social_media,desktop,Wednesday,1,0,retargeting,11.71,6,4.3,7.5,1,1,1,0,4,0,0,1
U00359,bird,Mixed,6-12,social_media,mobile,Monday,0,0,seasonal,4.53,5,4.1,23.3,1,1,0,0,0,0,0,0
U00360,cat,Maine Coon,0-3,organic,desktop,Saturday,0,0,none,0.5,5,4.0,19.0,1,1,1,6,3,1,0,1
U00361,dog,Labrador,24+,social_media,desktop,Sunday,0,0,awareness,1.11,4,4.3,5.1,1,1,1,2,0,0,0,1
U00362,cat,Ragdoll,0-3,referral,mobile,Wednesday,0,0,seasonal,12.52,3,3.7,3.3,1,1,1,1,3,0,0,1
U00363,cat,Ragdoll,6-12,paid_ad,desktop,Monday,1,0,retargeting,0.66,5,3.0,1.0,1,1,1,4,1,1,0,1
U00364,cat,Siamese,6-12,social_media,mobile,Thursday,0,0,seasonal,0.5,2,3.9,58.5,0,1,0,0,0,0,0,0
U00365,bird,Canary,0-3,email,desktop,Sunday,1,0,none,10.83,6,3.7,6.5,1,1,0,0,0,0,0,0
U00366,dog,Poodle,12-24,paid_ad,tablet,Friday,0,1,seasonal,6.66,2,4.5,14.2,1,1,1,2,3,0,0,1
U00367,reptile,Leopard Gecko,6-12,social_media,desktop,Monday,0,0,retargeting,2.6,5,3.2,20.7,0,1,1,3,1,0,0,1
U00368,bird,Parakeet,6-12,organic,mobile,Sunday,0,0,none,0.63,2,4.6,3.5,0,1,0,0,0,0,0,0
U00369,dog,Chihuahua,0-3,organic,mobile,Saturday,1,1,none,9.81,3,4.4,16.5,0,1,1,1,2,1,1,0
U00370,dog,Bulldog,3-6,social_media,mobile,Tuesday,0,0,none,20.33,3,3.7,1.8,1,1,0,0,0,0,0,0
U00371,dog,Labrador,3-6,referral,mobile,Sunday,1,0,seasonal,0.5,5,4.3,1.5,0,0,1,5,2,1,1,0
U00372,dog,Golden Retriever,0-3,email,mobile,Thursday,0,0,retargeting,3.67,1,4.1,5.4,0,1,0,0,0,0,0,0
U00373,dog,Beagle,6-12,organic,mobile,Thursday,0,1,seasonal,1.38,4,3.4,5.8,1,1,1,4,1,1,0,1
U00374,cat,Ragdoll,0-3,organic,mobile,Thursday,1,1,awareness,8.13,3,4.8,3.0,0,0,0,0,0,1,1,0
U00375,dog,Labrador,3-6,paid_ad,mobile,Sunday,1,0,seasonal,1.93,6,3.4,9.5,0,0,1,4,1,0,0,1
U00376,dog,Chihuahua,12-24,paid_ad,mobile,Saturday,0,0,awareness,5.71,2,3.3,14.4,0,1,1,4,3,0,0,1
U00377,rabbit,Mixed,3-6,email,tablet,Monday,0,0,none,3.88,3,3.8,39.2,1,1,1,4,1,0,0,1
U00378,dog,Bulldog,0-3,email,desktop,Sunday,0,0,none,6.08,5,4.5,18.2,1,0,0,0,0,0,0,0
U00379,rabbit,Dutch,0-3,organic,mobile,Tuesday,0,0,seasonal,6.83,1,3.4,11.1,1,1,1,2,4,1,0,1
U00380,dog,Bulldog,6-12,paid_ad,mobile,Saturday,0,0,none,2.89,5,4.7,11.6,0,1,0,0,0,0,0,0
U00381,dog,Mixed,6-12,paid_ad,mobile,Saturday,0,0,none,8.5,2,4.2,12.8,1,1,1,1,1,0,0,1
U00382,cat,Bengal,3-6,organic,mobile,Tuesday,0,1,none,2.06,4,3.4,5.1,1,1,1,4,0,1,0,1
U00383,cat,Bengal,3-6,paid_ad,mobile,Tuesday,0,0,none,0.87,2,4.1,20.5,1,1,0,0,0,0,0,0
U00384,bird,Mixed,24+,organic,desktop,Sunday,1,0,seasonal,3.65,1,3.5,15.9,1,1,0,0,0,0,0,0
U00385,cat,Siamese,0-3,organic,desktop,Thursday,1,1,awareness,5.38,8,3.4,10.1,1,1,0,0,0,1,1,0
U00386,rabbit,Mini Rex,12-24,organic,desktop,Saturday,0,1,awareness,3.9,1,3.3,3.6,1,0,1,1,2,0,0,1
U00387,dog,Labrador,24+,organic,mobile,Friday,1,0,seasonal,7.52,5,4.2,28.5,1,0,0,0,0,0,0,0
U00388,dog,Chihuahua,3-6,social_media,tablet,Saturday,0,0,awareness,5.41,4,3.0,3.3,0,1,1,1,3,0,0,1
U00389,rabbit,Mini Rex,6-12,social_media,tablet,Thursday,0,0,retargeting,10.97,4,4.9,3.3,0,0,1,5,4,1,0,1
U00390,rabbit,Holland Lop,12-24,social_media,mobile,Wednesday,0,1,none,2.53,4,3.1,2.4,0,0,1,1,2,1,1,0
U00391,reptile,Mixed,0-3,social_media,mobile,Thursday,0,0,seasonal,0.89,5,4.9,84.3,1,0,1,4,3,0,0,1
U00392,cat,Maine Coon,0-3,organic,mobile,Sunday,1,0,none,0.63,1,3.7,4.2,1,0,1,4,3,0,0,1
U00393,dog,Poodle,12-24,organic,mobile,Thursday,0,0,retargeting,9.23,3,4.1,28.6,1,1,0,0,0,0,0,0
U00394,rabbit,Lionhead,6-12,email,desktop,Tuesday,0,0,retargeting,0.5,6,4.0,1.0,0,1,0,0,0,0,0,0
U00395,dog,Golden Retriever,24+,social_media,mobile,Sunday,0,1,none,0.57,4,3.6,18.4,1,1,0,0,0,0,0,0
U00396,bird,Cockatiel,3-6,organic,mobile,Saturday,1,0,none,0.5,4,3.6,1.0,0,1,1,3,5,1,1,0
U00397,bird,Cockatiel,12-24,paid_ad,mobile,Monday,1,0,none,1.93,2,3.3,14.7,1,1,0,0,0,0,0,0
U00398,cat,Persian,24+,paid_ad,mobile,Sunday,1,0,none,3.46,4,3.7,4.6,0,1,1,3,1,1,0,1
U00399,rabbit,Dutch,0-3,paid_ad,desktop,Saturday,0,0,awareness,0.5,5,4.3,1.1,1,0,1,3,0,1,0,1
U00400,rabbit,Holland Lop,3-6,social_media,desktop,Tuesday,0,0,seasonal,4.35,14,4.2,4.8,1,1,1,2,0,0,0,1
U00401,dog,Poodle,24+,organic,desktop,Wednesday,0,1,awareness,3.9,5,4.7,2.0,0,0,1,5,4,0,0,1
U00402,bird,Parakeet,12-24,email,mobile,Saturday,0,1,awareness,5.2,1,3.4,3.7,0,1,1,5,3,1,0,1
U00403,cat,Bengal,0-3,organic,desktop,Saturday,0,0,none,13.82,6,3.3,17.4,1,1,0,0,0,1,1,0
U00404,rabbit,Mini Rex,3-6,social_media,mobile,Wednesday,1,0,none,4.04,3,4.6,26.9,1,1,1,2,1,0,0,1
U00405,dog,Labrador,6-12,organic,desktop,Wednesday,0,1,awareness,5.0,4,4.6,8.7,1,1,0,0,0,0,0,0
U00406,bird,Canary,3-6,paid_ad,mobile,Wednesday,0,0,seasonal,0.85,2,4.5,8.1,1,1,0,0,0,0,0,0
U00407,dog,Poodle,3-6,organic,mobile,Friday,1,1,seasonal,8.55,2,3.3,9.3,0,1,1,2,2,0,0,1
U00408,dog,Bulldog,3-6,referral,mobile,Tuesday,1,0,none,1.9,2,4.8,9.6,1,1,0,0,0,0,0,0
U00409,bird,Parakeet,3-6,paid_ad,mobile,Tuesday,0,0,awareness,1.54,3,3.8,4.0,1,0,1,7,2,0,0,1
U00410,dog,Beagle,3-6,social_media,tablet,Saturday,0,0,awareness,16.1,4,3.7,67.7,1,1,1,5,2,0,0,1
U00411,dog,Bulldog,6-12,paid_ad,mobile,Saturday,0,1,retargeting,16.89,1,3.3,16.6,1,1,0,0,0,0,0,0
U00412,reptile,Mixed,12-24,email,mobile,Friday,1,1,retargeting,7.99,4,3.4,22.3,1,1,1,3,3,1,1,0
U00413,reptile,Bearded Dragon,6-12,paid_ad,mobile,Thursday,1,0,retargeting,22.19,2,3.2,8.8,1,0,1,0,0,1,0,1
U00414,cat,Mixed,3-6,social_media,desktop,Thursday,0,0,none,15.85,6,4.1,21.5,0,1,1,4,0,0,0,1
U00415,cat,Ragdoll,6-12,paid_ad,mobile,Thursday,1,0,seasonal,5.54,2,3.8,17.3,0,1,0,0,0,0,0,0
U00416,cat,Mixed,12-24,social_media,desktop,Sunday,1,0,none,2.71,3,3.3,26.3,1,1,1,1,0,1,1,0
U00417,dog,Poodle,6-12,referral,desktop,Saturday,0,0,awareness,23.84,6,4.4,1.0,1,1,1,3,0,1,0,1
U00418,dog,Beagle,12-24,social_media,mobile,Tuesday,1,0,seasonal,9.52,3,3.7,1.0,1,1,0,0,0,1,0,0
U00419,cat,Sphynx,3-6,social_media,mobile,Thursday,0,0,awareness,1.25,4,4.4,12.6,1,0,1,5,1,1,0,1
U00420,rabbit,Dutch,24+,paid_ad,mobile,Friday,0,0,none,2.35,2,4.6,7.1,1,1,1,4,2,1,0,1
U00421,rabbit,Dutch,6-12,paid_ad,desktop,Friday,0,0,none,0.5,6,4.3,24.3,1,1,1,3,1,0,0,1
U00422,rabbit,Lionhead,12-24,email,mobile,Thursday,0,0,awareness,10.72,6,3.0,2.7,1,1,1,1,2,0,0,1
U00423,dog,Golden Retriever,0-3,organic,mobile,Saturday,1,0,none,3.87,6,3.6,4.3,0,1,1,4,1,0,0,1
U00424,cat,Persian,6-12,social_media,desktop,Saturday,1,1,awareness,2.19,5,3.1,8.2,1,1,1,1,5,0,0,1
U00425,dog,Golden Retriever,0-3,referral,desktop,Friday,1,0,none,2.7,4,3.7,33.6,1,0,1,1,1,1,1,0
U00426,cat,Siamese,0-3,paid_ad,mobile,Sunday,0,0,retargeting,17.95,5,4.7,2.1,0,1,1,2,1,1,0,1
U00427,cat,Persian,6-12,paid_ad,mobile,Saturday,0,0,none,4.35,3,4.6,22.4,0,0,1,0,1,1,1,0
U00428,bird,Cockatiel,6-12,organic,mobile,Saturday,0,1,retargeting,1.91,3,3.3,67.1,1,1,0,0,0,0,0,0
U00429,dog,Chihuahua,6-12,social_media,mobile,Sunday,0,0,awareness,3.15,1,4.4,20.8,1,1,0,0,0,0,0,0
U00430,dog,Beagle,6-12,email,mobile,Wednesday,0,0,awareness,0.5,3,4.8,12.0,1,1,0,0,0,0,0,0
U00431,dog,Labrador,12-24,paid_ad,tablet,Wednesday,0,1,none,0.51,1,4.7,12.3,1,0,1,2,3,0,0,1
U00432,rabbit,Dutch,12-24,organic,mobile,Sunday,0,0,awareness,3.14,3,4.6,2.7,1,0,1,2,1,0,0,1
U00433,cat,Mixed,12-24,paid_ad,desktop,Saturday,0,0,retargeting,5.6,7,3.5,8.7,1,1,1,3,2,0,0,1
U00434,dog,German Shepherd,12-24,social_media,desktop,Sunday,0,0,none,3.47,7,4.9,11.3,1,0,0,0,0,0,0,0
U00435,dog,Mixed,6-12,organic,mobile,Monday,0,1,retargeting,3.8,4,4.4,10.3,1,0,1,4,2,0,0,1
U00436,cat,Bengal,3-6,social_media,desktop,Friday,1,0,seasonal,0.59,4,4.4,1.8,0,1,0,0,0,0,0,0
U00437,dog,Chihuahua,0-3,organic,mobile,Tuesday,0,0,none,13.11,4,4.8,2.5,1,1,1,5,5,1,0,1
U00438,rabbit,Dutch,24+,social_media,tablet,Friday,0,0,awareness,1.74,1,3.7,4.4,1,1,1,4,1,0,0,1
U00439,cat,Mixed,0-3,organic,desktop,Tuesday,1,0,awareness,0.58,9,3.9,11.1,0,1,0,0,0,0,0,0
U00440,dog,Bulldog,12-24,organic,mobile,Tuesday,1,1,none,0.85,5,3.9,2.6,1,1,1,2,3,1,0,1
U00441,dog,Chihuahua,3-6,paid_ad,mobile,Monday,1,0,none,0.5,5,3.2,4.9,0,1,1,5,5,1,1,0
U00442,reptile,Leopard Gecko,3-6,organic,mobile,Saturday,0,0,seasonal,0.69,2,3.6,6.3,1,1,1,4,3,0,0,1
U00443,dog,German Shepherd,3-6,organic,mobile,Thursday,0,1,awareness,2.45,2,4.4,16.6,1,1,1,4,2,1,1,0
U00444,dog,Beagle,12-24,social_media,mobile,Tuesday,1,0,seasonal,6.1,2,3.1,6.1,1,1,1,3,2,1,1,0
U00445,rabbit,Dutch,3-6,social_media,mobile,Wednesday,1,0,retargeting,1.11,4,3.9,17.9,0,1,0,0,0,0,0,0
U00446,bird,Mixed,24+,paid_ad,desktop,Tuesday,0,0,none,3.44,4,4.4,2.5,1,1,0,0,0,0,0,0
U00447,reptile,Bearded Dragon,12-24,social_media,mobile,Sunday,0,0,none,9.25,2,4.5,5.0,1,1,1,7,1,0,0,1
U00448,rabbit,Holland Lop,6-12,paid_ad,desktop,Wednesday,0,0,retargeting,2.1,7,4.8,8.3,1,0,0,0,0,0,0,0
U00449,dog,Bulldog,12-24,email,desktop,Wednesday,0,0,awareness,12.35,6,4.1,4.6,0,1,1,2,3,1,1,0
U00450,dog,German Shepherd,12-24,organic,mobile,Sunday,0,0,none,0.78,5,3.4,3.0,1,1,0,0,0,0,0,0
U00451,rabbit,Mixed,24+,organic,desktop,Saturday,0,0,awareness,1.18,6,4.5,53.8,1,1,1,3,1,0,0,1
U00452,cat,Maine Coon,0-3,social_media,mobile,Saturday,1,0,retargeting,2.77,3,4.0,16.0,1,1,1,2,4,0,0,1
U00453,cat,Sphynx,12-24,social_media,mobile,Saturday,0,0,retargeting,1.21,4,4.6,1.0,1,1,0,0,0,0,0,0
U00454,bird,Mixed,0-3,paid_ad,desktop,Sunday,1,0,none,14.0,2,3.4,3.1,0,0,1,5,1,0,0,1
U00455,dog,Bulldog,24+,email,mobile,Tuesday,0,0,none,0.5,2,3.0,16.2,0,1,0,0,0,0,0,0
U00456,cat,Sphynx,0-3,social_media,desktop,Sunday,0,0,seasonal,7.09,6,3.6,6.6,1,0,0,0,0,0,0,0
U00457,dog,Golden Retriever,0-3,organic,desktop,Sunday,0,1,seasonal,7.23,3,3.4,10.7,0,1,1,6,1,0,0,1
U00458,cat,Bengal,6-12,organic,tablet,Friday,1,1,none,0.5,3,4.4,24.1,0,1,1,8,3,1,1,0
U00459,dog,Beagle,12-24,email,desktop,Saturday,0,0,retargeting,10.29,6,4.0,1.8,0,1,0,0,0,0,0,0
U00460,dog,Beagle,0-3,social_media,desktop,Saturday,0,1,none,4.94,6,3.7,15.4,0,1,0,0,0,0,0,0
U00461,dog,Beagle,0-3,social_media,mobile,Monday,1,1,none,5.84,2,3.2,10.1,1,1,1,3,2,1,1,0
U00462,cat,Maine Coon,12-24,organic,mobile,Tuesday,0,0,none,7.98,6,3.4,3.8,0,1,1,3,1,0,0,1
U00463,cat,Ragdoll,12-24,email,desktop,Sunday,1,0,none,3.04,7,4.9,5.8,1,1,0,0,0,0,0,0
U00464,cat,Bengal,6-12,paid_ad,mobile,Friday,1,1,seasonal,3.01,3,3.4,1.0,1,1,1,1,1,1,1,0
U00465,reptile,Ball Python,6-12,organic,mobile,Thursday,1,0,awareness,1.06,3,4.2,59.7,1,1,0,0,0,0,0,0
U00466,dog,Labrador,0-3,social_media,mobile,Saturday,0,0,none,1.02,1,4.6,2.1,1,1,1,3,1,0,0,1
U00467,dog,Beagle,6-12,referral,desktop,Friday,0,0,retargeting,0.5,4,3.6,20.6,1,1,1,4,2,0,0,1
U00468,bird,Mixed,0-3,social_media,mobile,Monday,1,0,retargeting,11.6,4,4.6,8.7,1,0,0,0,0,0,0,0
U00469,dog,Beagle,3-6,email,desktop,Saturday,0,0,none,4.54,5,3.6,9.5,1,1,1,5,6,1,1,0
U00470,reptile,Ball Python,0-3,organic,mobile,Saturday,0,0,awareness,0.5,5,4.2,13.4,1,1,1,2,5,1,0,1
U00471,dog,Bulldog,3-6,email,mobile,Tuesday,1,0,retargeting,0.5,4,3.6,36.4,1,1,1,1,1,0,0,1
U00472,reptile,Leopard Gecko,0-3,organic,mobile,Sunday,0,0,retargeting,1.19,3,4.2,12.3,1,1,1,8,4,0,0,1
U00473,dog,German Shepherd,24+,referral,mobile,Wednesday,1,1,retargeting,0.5,1,3.4,24.4,1,1,1,5,2,1,0,1
U00474,bird,Cockatiel,12-24,paid_ad,desktop,Thursday,1,0,none,2.82,4,4.6,27.7,0,1,1,0,1,0,0,1
U00475,cat,Siamese,3-6,paid_ad,mobile,Tuesday,1,0,none,0.5,1,4.0,15.7,1,1,1,5,1,0,0,1
U00476,reptile,Bearded Dragon,24+,paid_ad,mobile,Friday,0,0,retargeting,0.5,4,4.8,15.3,1,0,0,0,0,0,0,0
U00477,dog,German Shepherd,12-24,email,mobile,Thursday,0,0,seasonal,5.04,1,4.3,29.8,1,1,0,0,0,0,0,0
U00478,cat,Mixed,3-6,social_media,mobile,Thursday,0,1,none,10.8,4,4.7,1.0,1,1,0,0,0,0,0,0
U00479,reptile,Bearded Dragon,6-12,paid_ad,mobile,Saturday,0,0,none,1.84,2,4.7,15.2,1,1,1,4,4,1,0,1
U00480,cat,Siamese,0-3,referral,mobile,Monday,0,0,seasonal,8.25,3,4.1,11.0,1,0,0,0,0,0,0,0
U00481,cat,Siamese,6-12,social_media,tablet,Saturday,0,0,none,0.5,1,4.4,4.6,1,0,1,1,2,0,0,1
U00482,cat,Siamese,0-3,referral,desktop,Friday,0,0,none,11.73,8,4.1,22.8,1,0,1,5,0,0,0,1
U00483,cat,Sphynx,12-24,email,mobile,Sunday,0,0,none,0.5,2,3.0,5.3,1,1,1,2,1,0,0,1
U00484,cat,Maine Coon,12-24,social_media,mobile,Friday,1,0,awareness,8.29,1,4.4,22.7,1,1,1,2,4,0,0,1
U00485,cat,Bengal,0-3,social_media,mobile,Monday,0,0,none,9.74,5,5.0,36.5,1,1,1,2,1,1,1,0
U00486,bird,Canary,3-6,organic,mobile,Monday,0,0,awareness,5.4,3,4.7,12.7,0,0,1,1,2,0,0,1
U00487,dog,German Shepherd,3-6,organic,desktop,Sunday,1,1,none,13.41,2,3.1,24.4,1,1,1,1,1,1,1,0
U00488,dog,Mixed,0-3,organic,desktop,Sunday,1,0,seasonal,6.43,6,4.9,4.5,1,1,1,9,3,0,0,1
U00489,reptile,Bearded Dragon,0-3,social_media,mobile,Wednesday,0,0,seasonal,1.08,4,3.4,2.6,1,1,1,2,5,0,0,1
U00490,bird,Lovebird,3-6,social_media,desktop,Friday,0,1,seasonal,6.18,4,3.1,12.6,1,1,1,3,1,0,0,1
U00491,cat,Persian,24+,social_media,mobile,Friday,0,1,seasonal,2.63,3,3.0,8.3,0,0,1,2,1,0,0,1
U00492,cat,Mixed,12-24,referral,mobile,Sunday,0,0,retargeting,0.5,4,3.8,8.3,0,1,0,0,0,0,0,0
U00493,dog,Golden Retriever,3-6,social_media,mobile,Sunday,1,1,none,2.95,3,3.6,2.0,0,1,1,5,0,0,0,1
U00494,dog,German Shepherd,3-6,social_media,mobile,Sunday,1,0,none,4.79,4,3.4,41.5,1,1,1,2,4,0,0,1
U00495,cat,Sphynx,3-6,organic,tablet,Sunday,0,0,none,0.5,5,3.2,1.7,1,1,1,3,2,0,0,1
U00496,dog,German Shepherd,12-24,organic,mobile,Sunday,1,0,none,4.42,5,3.7,5.2,0,1,1,8,2,0,0,1
U00497,cat,Persian,3-6,paid_ad,mobile,Tuesday,1,0,awareness,4.81,2,3.5,9.6,0,1,0,0,0,0,0,0
U00498,dog,Labrador,12-24,email,tablet,Sunday,1,0,seasonal,1.12,2,4.3,20.4,0,1,1,3,2,0,0,1
U00499,reptile,Bearded Dragon,3-6,paid_ad,desktop,Saturday,0,0,awareness,3.38,7,3.8,14.8,1,0,0,0,0,0,0,0
U00500,reptile,Bearded Dragon,0-3,organic,desktop,Sunday,0,0,awareness,20.0,8,3.9,1.1,1,0,1,3,5,0,0,1
U00501,cat,Siamese,0-3,email,tablet,Friday,0,1,retargeting,14.01,5,4.5,1.0,0,1,0,0,0,0,0,0
U00502,cat,Persian,12-24,organic,mobile,Monday,0,0,none,2.41,2,3.7,12.7,0,1,0,0,0,0,0,0
U00503,dog,Golden Retriever,12-24,organic,desktop,Friday,0,0,seasonal,3.36,8,3.3,1.0,0,1,0,0,0,0,0,0
U00504,rabbit,Dutch,3-6,organic,desktop,Saturday,1,0,awareness,0.79,5,3.6,12.4,1,0,1,2,2,1,0,1
U00505,cat,Ragdoll,24+,organic,desktop,Wednesday,1,0,none,0.5,6,4.4,3.0,1,1,1,6,2,1,0,1
U00506,dog,Mixed,3-6,social_media,desktop,Thursday,1,1,seasonal,2.75,7,3.2,3.2,1,1,1,2,4,1,0,1
U00507,bird,Canary,0-3,organic,mobile,Friday,0,0,awareness,9.86,2,4.3,3.0,1,0,1,2,3,1,0,1
U00508,rabbit,Lionhead,6-12,referral,desktop,Thursday,0,0,awareness,19.11,5,4.5,22.3,1,1,0,0,0,0,0,0
U00509,bird,Lovebird,6-12,social_media,mobile,Thursday,0,0,awareness,5.86,4,4.3,9.6,1,1,0,0,0,0,0,0
U00510,cat,Siamese,3-6,organic,mobile,Tuesday,0,1,retargeting,1.97,2,3.7,3.6,1,1,0,0,0,0,0,0
U00511,cat,Persian,6-12,organic,mobile,Sunday,1,0,none,0.71,2,4.3,1.0,1,1,1,3,1,0,0,1
U00512,cat,Ragdoll,12-24,email,tablet,Saturday,0,0,seasonal,5.88,5,4.7,8.8,1,1,1,3,1,0,0,1
U00513,bird,Parakeet,6-12,organic,mobile,Monday,1,0,seasonal,3.64,2,3.6,11.3,0,1,1,4,1,1,1,0
U00514,bird,Mixed,24+,paid_ad,mobile,Saturday,0,1,awareness,1.93,5,3.5,13.5,1,0,0,0,0,0,0,0
U00515,dog,Poodle,24+,referral,mobile,Saturday,0,0,retargeting,5.35,4,4.9,1.4,1,1,1,3,4,0,0,1
U00516,dog,Labrador,12-24,organic,tablet,Monday,1,1,seasonal,8.93,1,4.8,7.0,1,0,1,4,2,0,0,1
U00517,dog,Beagle,12-24,social_media,mobile,Thursday,0,0,none,6.95,2,3.5,6.3,0,1,0,0,0,0,0,0
U00518,rabbit,Mini Rex,12-24,organic,desktop,Friday,0,0,seasonal,4.19,13,3.3,6.0,0,1,0,0,0,0,0,0
U00519,reptile,Mixed,12-24,email,desktop,Thursday,0,0,retargeting,9.41,7,3.8,32.9,1,1,1,3,4,0,0,1
U00520,dog,Bulldog,12-24,social_media,mobile,Saturday,1,0,awareness,0.5,5,4.0,6.8,0,0,1,5,4,0,0,1
U00521,cat,Mixed,12-24,organic,mobile,Thursday,1,1,retargeting,5.19,1,3.3,15.2,0,1,1,4,3,1,1,0
U00522,dog,Golden Retriever,12-24,organic,desktop,Tuesday,1,1,awareness,2.1,5,3.0,32.1,1,1,1,3,1,0,0,1
U00523,reptile,Bearded Dragon,3-6,email,tablet,Sunday,1,0,none,1.58,4,4.6,1.0,0,1,1,1,3,1,1,0
U00524,rabbit,Holland Lop,6-12,social_media,desktop,Wednesday,1,0,retargeting,0.57,5,4.8,20.3,1,1,1,3,1,0,0,1
U00525,rabbit,Mini Rex,12-24,organic,mobile,Saturday,1,1,awareness,0.75,2,3.1,15.8,1,1,0,0,0,1,1,0
U00526,cat,Maine Coon,0-3,email,desktop,Tuesday,0,0,retargeting,37.67,9,4.7,36.1,1,1,0,0,0,0,0,0
U00527,cat,Ragdoll,12-24,email,mobile,Wednesday,0,1,none,2.44,3,3.9,9.1,1,1,1,1,2,1,0,1
U00528,dog,Beagle,6-12,paid_ad,desktop,Thursday,0,1,awareness,20.5,9,3.4,47.2,1,1,0,0,0,0,0,0
U00529,dog,Chihuahua,0-3,organic,desktop,Tuesday,1,0,retargeting,1.39,4,3.8,9.4,1,1,1,3,2,1,0,1
U00530,bird,Lovebird,3-6,paid_ad,mobile,Thursday,0,1,seasonal,0.8,3,4.7,1.0,1,1,0,0,0,0,0,0
U00531,rabbit,Dutch,12-24,email,desktop,Tuesday,0,0,seasonal,4.9,6,3.2,21.9,1,0,0,0,0,0,0,0
U00532,reptile,Leopard Gecko,12-24,organic,desktop,Friday,1,0,seasonal,2.58,3,3.2,1.0,0,1,1,3,0,0,0,1
U00533,reptile,Leopard Gecko,6-12,email,desktop,Saturday,0,0,none,6.2,5,4.9,50.8,0,1,1,3,1,1,1,0
U00534,cat,Persian,0-3,social_media,mobile,Monday,1,0,retargeting,2.49,2,3.6,1.0,1,1,1,1,1,1,1,0
U00535,rabbit,Dutch,12-24,referral,mobile,Sunday,1,0,none,5.84,4,4.7,18.3,1,0,0,0,0,0,0,0
U00536,bird,Mixed,0-3,organic,desktop,Tuesday,0,1,none,3.39,4,4.1,1.6,0,1,0,0,0,0,0,0
U00537,rabbit,Mixed,24+,email,mobile,Wednesday,1,0,none,2.97,4,3.5,10.5,1,1,1,0,0,0,0,1
U00538,dog,Bulldog,0-3,social_media,mobile,Saturday,1,0,seasonal,1.76,2,3.6,1.9,1,1,0,0,0,0,0,0
U00539,cat,Mixed,6-12,referral,tablet,Thursday,0,0,none,7.91,3,3.8,12.8,0,0,0,0,0,0,0,0
U00540,dog,Golden Retriever,12-24,social_media,mobile,Friday,1,0,none,4.84,3,3.3,12.3,1,1,1,0,1,0,0,1
U00541,reptile,Bearded Dragon,0-3,referral,tablet,Tuesday,1,0,none,2.53,2,4.4,1.1,0,1,1,2,1,1,1,0
U00542,cat,Ragdoll,12-24,referral,mobile,Saturday,0,0,awareness,1.47,4,3.8,2.4,0,0,0,0,0,0,0,0
U00543,dog,Poodle,3-6,organic,mobile,Friday,0,0,seasonal,4.33,1,4.8,18.8,1,0,1,4,2,0,0,1
U00544,cat,Persian,0-3,paid_ad,desktop,Tuesday,0,0,awareness,22.37,5,4.8,16.4,0,1,1,4,2,0,0,1
U00545,cat,Persian,0-3,referral,desktop,Thursday,0,1,awareness,1.11,1,4.8,5.1,1,1,1,8,3,1,1,0
U00546,dog,German Shepherd,0-3,organic,desktop,Saturday,0,0,none,12.52,7,4.3,3.0,0,0,1,2,1,1,0,1
U00547,dog,Poodle,6-12,social_media,mobile,Friday,1,0,none,3.56,3,4.0,16.9,1,0,0,0,0,0,0,0
U00548,cat,Siamese,24+,social_media,desktop,Tuesday,0,1,none,5.82,4,3.2,11.5,0,0,1,5,1,0,0,1
U00549,cat,Ragdoll,6-12,organic,mobile,Thursday,1,1,awareness,14.84,1,4.5,4.3,1,0,1,4,1,0,0,1
U00550,rabbit,Lionhead,6-12,organic,mobile,Wednesday,0,0,awareness,3.26,1,3.2,57.7,1,1,0,0,0,0,0,0
U00551,cat,Persian,3-6,organic,mobile,Friday,0,0,none,8.08,3,3.4,7.1,0,1,1,2,1,1,1,0
U00552,bird,Canary,0-3,organic,desktop,Sunday,0,1,retargeting,4.34,5,4.7,17.4,0,0,1,5,1,0,0,1
U00553,cat,Persian,12-24,social_media,mobile,Thursday,1,0,seasonal,1.31,4,4.7,32.3,1,1,1,3,2,0,0,1
U00554,cat,Mixed,0-3,organic,mobile,Thursday,0,1,none,5.4,2,3.9,46.0,0,1,1,0,5,0,0,1
U00555,bird,Mixed,12-24,paid_ad,mobile,Sunday,0,0,none,8.98,1,4.4,34.0,0,1,1,3,3,0,0,1
U00556,cat,Sphynx,12-24,paid_ad,mobile,Friday,1,0,retargeting,8.37,1,3.4,13.5,1,1,1,4,2,1,0,1
U00557,dog,German Shepherd,3-6,organic,mobile,Friday,0,0,none,1.01,4,4.8,3.5,0,1,0,0,0,0,0,0
U00558,dog,Chihuahua,12-24,email,desktop,Wednesday,0,0,none,2.97,5,4.3,39.3,1,0,1,0,0,0,0,1
U00559,rabbit,Dutch,24+,email,mobile,Friday,0,0,none,2.55,1,4.7,56.6,0,1,1,3,4,0,0,1
U00560,cat,Bengal,6-12,referral,desktop,Friday,1,0,seasonal,6.61,7,3.8,1.0,1,0,0,0,0,0,0,0
U00561,cat,Bengal,3-6,organic,desktop,Thursday,0,0,retargeting,1.68,2,3.1,36.3,1,0,1,2,3,1,1,0
U00562,dog,German Shepherd,6-12,organic,mobile,Sunday,0,1,none,1.19,6,5.0,32.6,0,0,1,1,4,0,0,1
U00563,dog,Bulldog,12-24,referral,desktop,Sunday,0,0,none,11.09,4,4.5,9.0,1,1,0,0,0,1,1,0
U00564,dog,German Shepherd,6-12,referral,mobile,Saturday,1,0,none,5.96,4,3.3,23.7,0,1,1,3,1,1,0,1
U00565,dog,Mixed,6-12,paid_ad,desktop,Friday,0,1,none,14.26,9,4.3,44.9,0,1,1,3,1,1,1,0
U00566,cat,Mixed,3-6,paid_ad,tablet,Thursday,0,0,awareness,17.56,3,4.9,5.5,1,1,1,4,1,0,0,1
U00567,dog,Mixed,0-3,organic,mobile,Tuesday,0,0,retargeting,1.68,2,4.8,9.5,0,0,0,0,0,0,0,0
U00568,cat,Mixed,0-3,social_media,desktop,Wednesday,0,0,none,15.31,8,4.9,2.3,1,1,0,0,0,0,0,0
U00569,bird,Canary,6-12,organic,mobile,Saturday,1,0,none,3.84,1,3.2,5.2,1,1,1,5,2,1,0,1
U00570,dog,German Shepherd,6-12,organic,mobile,Thursday,0,0,none,14.4,3,4.7,32.3,0,1,1,2,4,1,0,1
U00571,cat,Ragdoll,0-3,paid_ad,desktop,Sunday,1,1,none,2.48,3,4.8,3.0,1,1,1,3,3,0,0,1
U00572,rabbit,Holland Lop,6-12,organic,mobile,Tuesday,1,0,seasonal,1.1,2,3.4,42.7,1,0,1,6,4,1,1,0
U00573,dog,Chihuahua,6-12,social_media,mobile,Friday,1,0,none,5.54,2,4.4,12.3,0,1,1,3,0,0,0,1
U00574,cat,Persian,6-12,referral,mobile,Saturday,0,0,none,12.0,3,4.4,18.2,0,1,1,6,1,0,0,1
U00575,bird,Parakeet,6-12,organic,desktop,Friday,1,0,none,10.44,6,4.4,7.5,0,0,0,0,0,0,0,0
U00576,bird,Mixed,3-6,referral,mobile,Sunday,0,1,awareness,4.54,1,4.1,4.0,1,1,0,0,0,0,0,0
U00577,dog,Bulldog,3-6,referral,tablet,Sunday,1,0,seasonal,3.18,3,3.5,9.9,0,0,1,0,0,0,0,1
U00578,bird,Canary,0-3,email,mobile,Tuesday,0,0,none,4.43,1,3.2,5.5,0,1,1,0,2,0,0,1
U00579,cat,Maine Coon,0-3,organic,mobile,Tuesday,1,0,awareness,7.35,1,3.5,11.0,1,1,1,3,1,1,1,0
U00580,dog,Mixed,12-24,social_media,desktop,Tuesday,0,0,none,10.92,6,4.8,1.6,1,1,1,2,7,0,0,1
U00581,cat,Mixed,6-12,social_media,mobile,Saturday,1,0,retargeting,5.14,3,3.5,37.4,1,1,1,4,3,1,0,1
U00582,reptile,Leopard Gecko,24+,social_media,desktop,Thursday,1,0,awareness,0.5,3,3.9,4.8,1,0,1,4,1,1,0,1
U00583,cat,Mixed,12-24,organic,mobile,Saturday,1,0,retargeting,4.9,1,3.9,15.1,0,1,1,6,4,0,0,1
U00584,dog,Bulldog,0-3,referral,mobile,Thursday,1,1,awareness,2.96,4,4.8,15.7,1,0,1,3,3,0,0,1
U00585,cat,Siamese,12-24,organic,mobile,Friday,0,0,seasonal,14.83,3,3.2,4.3,0,1,1,2,1,0,0,1
U00586,dog,Poodle,12-24,paid_ad,tablet,Saturday,0,0,awareness,6.07,4,4.0,86.0,1,1,0,0,0,0,0,0
U00587,dog,Beagle,24+,organic,desktop,Friday,1,0,awareness,7.31,9,4.6,9.9,1,1,1,4,0,0,0,1
U00588,dog,Labrador,12-24,email,desktop,Friday,1,0,retargeting,39.98,7,3.1,21.1,1,1,0,0,0,0,0,0
U00589,dog,Labrador,3-6,referral,mobile,Monday,0,0,awareness,0.5,3,4.5,1.0,0,1,1,2,1,1,0,1
U00590,dog,Poodle,6-12,organic,desktop,Thursday,0,1,none,2.52,4,3.2,3.9,1,1,1,1,1,0,0,1
U00591,dog,Chihuahua,6-12,organic,mobile,Friday,0,0,none,4.86,5,3.9,1.7,0,1,1,2,2,1,0,1
U00592,cat,Siamese,24+,email,tablet,Thursday,0,0,none,2.46,2,3.3,6.4,1,1,0,0,0,0,0,0
U00593,dog,Chihuahua,0-3,paid_ad,desktop,Sunday,0,1,awareness,3.31,7,3.8,20.4,1,1,1,3,2,0,0,1
U00594,dog,Golden Retriever,3-6,email,desktop,Sunday,0,0,awareness,17.41,5,3.1,2.3,0,1,1,4,0,1,0,1
U00595,bird,Lovebird,6-12,social_media,mobile,Saturday,0,0,none,3.03,1,4.7,8.0,0,1,1,1,2,0,0,1
U00596,cat,Maine Coon,0-3,organic,mobile,Thursday,0,0,awareness,0.5,2,3.3,3.3,0,0,0,0,0,0,0,0
U00597,cat,Persian,0-3,referral,mobile,Saturday,0,0,seasonal,1.69,5,3.4,3.9,1,1,0,0,0,0,0,0
U00598,dog,German Shepherd,6-12,referral,tablet,Thursday,0,0,none,0.51,2,3.9,1.0,1,0,0,0,0,0,0,0
U00599,dog,Chihuahua,6-12,social_media,mobile,Wednesday,0,0,none,3.7,7,3.0,10.6,1,0,1,6,5,1,1,0
U00600,dog,Bulldog,3-6,paid_ad,mobile,Wednesday,1,0,seasonal,0.87,4,4.8,2.7,1,0,0,0,0,0,0,0
U00601,dog,German Shepherd,0-3,social_media,mobile,Monday,0,0,retargeting,8.85,3,3.8,5.5,1,1,0,0,0,0,0,0
U00602,dog,Golden Retriever,12-24,social_media,mobile,Wednesday,1,1,none,3.92,6,4.1,6.6,1,1,0,0,0,0,0,0
U00603,dog,Poodle,6-12,organic,mobile,Thursday,1,1,awareness,0.5,4,4.7,3.9,1,1,0,0,0,1,1,0
U00604,dog,Chihuahua,3-6,social_media,desktop,Sunday,0,0,retargeting,2.79,6,4.2,9.8,1,0,1,1,3,1,1,0
U00605,dog,Labrador,3-6,social_media,desktop,Wednesday,0,0,awareness,7.47,6,3.2,1.4,1,0,0,0,0,0,0,0
U00606,cat,Mixed,12-24,organic,desktop,Sunday,0,0,awareness,3.19,6,4.6,18.4,1,1,0,0,0,0,0,0
U00607,dog,Beagle,3-6,social_media,desktop,Wednesday,0,0,awareness,5.61,3,4.8,5.2,0,1,1,1,1,1,0,1
U00608,dog,Mixed,3-6,paid_ad,mobile,Tuesday,0,0,retargeting,10.92,1,4.6,10.7,1,1,0,0,0,0,0,0
U00609,cat,Ragdoll,6-12,email,mobile,Friday,0,0,none,1.96,4,3.4,1.8,0,1,1,3,2,0,0,1
U00610,cat,Bengal,0-3,email,mobile,Saturday,0,0,retargeting,1.86,4,4.0,1.0,0,1,0,0,0,0,0,0
U00611,dog,Golden Retriever,12-24,referral,tablet,Monday,0,1,seasonal,11.14,3,3.6,6.5,1,0,1,4,1,0,0,1
U00612,rabbit,Holland Lop,0-3,organic,mobile,Wednesday,1,0,none,1.34,2,4.2,16.8,1,0,1,0,0,0,0,1
U00613,cat,Ragdoll,12-24,email,mobile,Thursday,0,1,retargeting,0.5,4,4.7,9.0,1,1,1,4,3,0,0,1
U00614,dog,Golden Retriever,6-12,paid_ad,mobile,Wednesday,1,1,none,0.91,2,3.8,18.5,0,1,1,6,2,0,0,1
U00615,bird,Lovebird,24+,social_media,mobile,Saturday,0,0,none,10.4,2,4.2,15.9,1,0,0,0,0,0,0,0
U00616,bird,Lovebird,3-6,social_media,mobile,Friday,0,0,seasonal,9.48,1,3.0,18.6,0,1,1,3,1,1,1,0
U00617,dog,Mixed,24+,organic,mobile,Tuesday,0,0,none,1.16,1,3.7,28.8,1,1,1,3,0,0,0,1
U00618,dog,German Shepherd,6-12,paid_ad,desktop,Sunday,1,0,none,6.29,1,4.2,4.7,0,1,0,0,0,0,0,0
U00619,rabbit,Holland Lop,0-3,social_media,desktop,Wednesday,0,0,awareness,0.89,7,5.0,1.0,1,0,1,3,5,0,0,1
U00620,cat,Bengal,6-12,paid_ad,mobile,Saturday,0,0,awareness,5.11,5,3.6,1.0,1,1,0,0,0,0,0,0
U00621,dog,Poodle,0-3,email,mobile,Saturday,1,0,awareness,0.93,1,3.3,3.7,0,0,0,0,0,1,0,0
U00622,dog,Mixed,3-6,email,desktop,Sunday,1,0,none,0.5,4,4.8,1.8,1,1,0,0,0,1,0,0
U00623,dog,Golden Retriever,6-12,paid_ad,mobile,Friday,0,1,none,7.93,5,4.1,5.0,1,1,0,0,0,0,0,0
U00624,cat,Ragdoll,0-3,email,desktop,Friday,1,0,none,3.07,8,5.0,13.8,0,0,0,0,0,0,0,0
U00625,cat,Siamese,0-3,social_media,mobile,Wednesday,1,0,awareness,0.52,1,3.5,21.8,1,1,1,4,1,0,0,1
U00626,dog,Bulldog,12-24,social_media,desktop,Saturday,0,0,awareness,14.0,5,3.4,2.5,1,1,1,2,2,0,0,1
U00627,cat,Persian,3-6,paid_ad,desktop,Thursday,0,1,awareness,11.21,4,3.7,12.8,1,1,1,2,1,1,0,1
U00628,cat,Maine Coon,12-24,social_media,desktop,Thursday,1,0,awareness,8.98,4,4.2,34.1,1,1,0,0,0,0,0,0
U00629,dog,Beagle,6-12,social_media,desktop,Sunday,1,1,none,18.89,10,3.2,20.4,1,0,1,4,1,1,0,1
U00630,dog,Bulldog,6-12,organic,mobile,Monday,0,1,retargeting,3.06,1,3.8,2.5,0,1,1,1,1,1,1,0
U00631,cat,Persian,3-6,referral,mobile,Sunday,1,1,none,0.62,4,3.1,15.4,0,0,1,2,3,1,1,0
U00632,bird,Canary,24+,organic,mobile,Sunday,0,0,none,0.5,2,4.3,9.8,0,0,1,2,2,0,0,1
U00633,cat,Maine Coon,6-12,email,desktop,Friday,0,0,retargeting,2.99,11,3.7,4.3,1,1,0,0,0,0,0,0
U00634,cat,Mixed,0-3,social_media,mobile,Friday,0,0,none,0.5,4,4.9,11.2,0,0,1,3,1,0,0,1
U00635,dog,Labrador,3-6,social_media,desktop,Thursday,0,0,awareness,5.98,2,3.2,2.6,1,1,1,2,1,1,1,0
U00636,cat,Persian,0-3,email,mobile,Sunday,1,0,none,0.5,4,4.8,5.7,1,1,1,6,2,0,0,1
U00637,cat,Mixed,12-24,organic,mobile,Tuesday,0,0,awareness,2.67,6,3.1,6.7,1,0,1,1,4,0,0,1
U00638,dog,Mixed,3-6,email,desktop,Friday,0,0,none,1.53,2,4.3,6.1,0,1,1,2,2,0,0,1
U00639,dog,Beagle,0-3,paid_ad,mobile,Saturday,0,0,seasonal,2.09,8,4.9,1.4,0,1,1,0,2,0,0,1
U00640,dog,Labrador,24+,paid_ad,mobile,Sunday,0,0,none,5.11,1,4.4,8.0,1,1,0,0,0,0,0,0
U00641,dog,Chihuahua,6-12,organic,mobile,Saturday,1,0,awareness,1.97,4,3.1,27.7,1,1,1,4,3,1,0,1
U00642,dog,Beagle,0-3,paid_ad,mobile,Saturday,1,1,seasonal,1.9,3,4.3,27.4,1,1,1,2,5,1,1,0
U00643,dog,Mixed,6-12,email,desktop,Tuesday,0,0,awareness,36.53,1,3.6,8.2,0,1,1,5,0,0,0,1
U00644,dog,Beagle,3-6,paid_ad,desktop,Thursday,1,0,awareness,9.9,4,4.5,1.0,0,1,1,1,1,0,0,1
U00645,dog,German Shepherd,12-24,social_media,mobile,Tuesday,0,0,awareness,3.28,2,3.9,13.0,1,1,1,4,3,0,0,1
U00646,bird,Canary,0-3,social_media,mobile,Sunday,1,1,awareness,3.03,2,4.2,13.6,0,0,1,5,0,0,0,1
U00647,cat,Sphynx,0-3,referral,mobile,Saturday,1,1,retargeting,4.4,1,3.0,29.1,1,1,1,1,0,1,1,0
U00648,cat,Maine Coon,3-6,paid_ad,mobile,Saturday,0,0,none,0.5,2,3.6,27.3,1,1,1,1,2,0,0,1
U00649,rabbit,Lionhead,3-6,social_media,tablet,Saturday,1,0,seasonal,0.5,1,3.6,22.4,1,0,1,4,1,0,0,1
U00650,cat,Ragdoll,6-12,organic,desktop,Friday,0,0,awareness,8.17,5,3.9,29.1,0,0,1,2,1,1,0,1
U00651,dog,Beagle,3-6,social_media,mobile,Tuesday,0,0,retargeting,2.06,2,4.8,4.3,0,1,1,3,1,1,0,1
U00652,cat,Bengal,3-6,social_media,mobile,Wednesday,0,1,none,0.5,2,3.7,12.6,1,0,1,3,0,0,0,1
U00653,cat,Persian,6-12,organic,tablet,Tuesday,1,0,seasonal,2.3,4,4.4,40.8,0,0,1,6,2,0,0,1
U00654,cat,Ragdoll,24+,organic,mobile,Saturday,0,0,none,0.64,4,3.7,11.3,1,1,0,0,0,0,0,0
U00655,cat,Persian,6-12,paid_ad,mobile,Tuesday,1,0,retargeting,11.29,4,3.4,33.0,1,0,1,1,1,0,0,1
U00656,dog,German Shepherd,3-6,organic,desktop,Saturday,1,1,awareness,1.77,3,3.9,35.6,0,1,1,1,3,0,0,1
U00657,dog,Labrador,0-3,email,mobile,Saturday,0,0,retargeting,0.71,3,3.5,1.1,1,1,1,3,2,0,0,1
U00658,dog,Bulldog,0-3,organic,mobile,Thursday,0,1,awareness,4.48,4,3.1,37.1,0,1,1,2,1,0,0,1
U00659,cat,Mixed,12-24,social_media,tablet,Tuesday,0,0,none,4.8,2,3.4,1.6,1,1,1,2,4,1,0,1
U00660,cat,Maine Coon,24+,organic,desktop,Wednesday,0,0,awareness,6.69,5,3.2,7.7,1,1,1,5,1,0,0,1
U00661,dog,Poodle,3-6,organic,mobile,Wednesday,0,0,none,2.61,1,3.1,20.9,1,0,0,0,0,0,0,0
U00662,reptile,Mixed,24+,paid_ad,mobile,Saturday,1,0,awareness,2.2,3,4.5,1.1,1,1,0,0,0,1,1,0
U00663,cat,Sphynx,3-6,paid_ad,mobile,Tuesday,1,1,retargeting,6.86,3,4.4,7.5,1,1,0,0,0,0,0,0
U00664,dog,Chihuahua,24+,organic,desktop,Saturday,0,1,none,1.94,4,3.3,4.0,0,0,1,3,1,1,1,0
U00665,dog,Beagle,6-12,social_media,mobile,Saturday,0,0,awareness,2.3,4,3.1,18.3,0,1,0,0,0,0,0,0
U00666,dog,Golden Retriever,0-3,social_media,mobile,Tuesday,0,0,awareness,14.41,1,3.0,30.5,1,1,0,0,0,0,0,0
U00667,dog,Bulldog,0-3,paid_ad,tablet,Saturday,0,0,none,1.37,3,4.5,21.9,1,0,0,0,0,0,0,0
U00668,dog,Mixed,24+,paid_ad,mobile,Saturday,1,0,seasonal,1.58,6,3.8,12.0,1,0,1,1,0,1,0,1
U00669,dog,Golden Retriever,3-6,social_media,mobile,Saturday,1,0,awareness,0.97,2,3.9,27.8,1,0,0,0,0,0,0,0
U00670,dog,Mixed,0-3,email,mobile,Tuesday,0,0,none,0.5,2,3.1,29.1,0,1,0,0,0,0,0,0
U00671,dog,Poodle,0-3,paid_ad,mobile,Tuesday,0,1,none,1.43,4,4.6,10.3,1,0,1,3,1,1,0,1
U00672,bird,Lovebird,6-12,organic,mobile,Wednesday,1,1,awareness,0.5,2,3.6,29.0,1,1,1,4,1,1,0,1
U00673,dog,Bulldog,3-6,social_media,tablet,Thursday,0,0,none,1.09,4,3.8,33.4,1,0,0,0,0,0,0,0
U00674,cat,Maine Coon,12-24,referral,desktop,Saturday,0,1,none,3.51,8,3.9,1.0,1,1,0,0,0,0,0,0
U00675,cat,Mixed,12-24,paid_ad,mobile,Saturday,0,0,none,0.5,2,4.8,31.8,0,1,0,0,0,0,0,0
U00676,reptile,Bearded Dragon,3-6,social_media,mobile,Sunday,0,0,awareness,4.89,4,4.7,1.0,1,1,0,0,0,0,0,0
U00677,dog,German Shepherd,6-12,social_media,desktop,Monday,0,0,awareness,12.38,1,3.7,5.3,1,1,1,5,0,0,0,1
U00678,dog,Bulldog,12-24,social_media,mobile,Monday,0,0,none,2.41,3,3.1,12.1,0,0,0,0,0,0,0,0
U00679,reptile,Mixed,6-12,social_media,mobile,Saturday,0,1,awareness,14.62,3,4.1,4.2,1,1,1,1,6,0,0,1
U00680,bird,Cockatiel,3-6,email,tablet,Wednesday,0,1,seasonal,5.68,2,3.5,31.3,0,1,1,5,2,1,1,0
U00681,rabbit,Dutch,12-24,social_media,mobile,Wednesday,0,0,seasonal,4.77,4,3.6,23.3,0,0,0,0,0,0,0,0
U00682,dog,Bulldog,0-3,paid_ad,mobile,Friday,0,0,seasonal,0.97,2,4.8,9.9,1,1,0,0,0,0,0,0
U00683,dog,Beagle,0-3,paid_ad,mobile,Tuesday,0,0,retargeting,8.27,1,4.5,27.2,0,1,0,0,0,0,0,0
U00684,cat,Sphynx,0-3,organic,mobile,Saturday,1,0,none,13.2,1,3.8,25.5,1,1,0,0,0,0,0,0
U00685,bird,Canary,3-6,social_media,mobile,Wednesday,0,1,none,0.94,2,4.3,6.0,0,1,1,4,3,1,1,0
U00686,cat,Mixed,3-6,social_media,mobile,Saturday,0,1,awareness,5.28,7,3.4,1.0,0,1,1,3,0,1,0,1
U00687,cat,Persian,3-6,email,mobile,Sunday,1,0,awareness,6.25,3,4.3,13.5,1,1,0,0,0,1,0,0
U00688,dog,Poodle,0-3,organic,desktop,Tuesday,0,1,seasonal,2.84,3,3.1,23.1,0,1,1,4,3,1,1,0
U00689,rabbit,Holland Lop,3-6,email,mobile,Sunday,1,0,none,2.26,3,4.3,39.3,1,0,1,2,4,1,1,0
U00690,dog,Golden Retriever,6-12,paid_ad,mobile,Friday,0,0,awareness,0.5,3,4.8,1.0,1,1,1,3,1,1,1,0
U00691,dog,Mixed,12-24,social_media,desktop,Sunday,0,0,awareness,1.48,8,4.2,7.8,1,1,1,2,2,1,0,1
U00692,cat,Mixed,24+,referral,desktop,Tuesday,0,1,awareness,0.5,4,3.7,17.3,0,0,1,4,3,1,1,0
U00693,cat,Maine Coon,3-6,referral,mobile,Friday,0,0,awareness,3.74,1,4.1,9.2,0,0,1,3,1,0,0,1
U00694,dog,Poodle,24+,organic,mobile,Thursday,0,1,none,4.47,1,3.7,3.8,0,1,0,0,0,0,0,0
U00695,dog,Bulldog,6-12,organic,mobile,Saturday,0,0,seasonal,11.28,1,3.6,13.5,0,1,0,0,0,0,0,0
U00696,cat,Ragdoll,12-24,referral,desktop,Friday,1,0,awareness,6.09,6,3.0,31.5,1,0,1,4,1,1,1,0
U00697,dog,Golden Retriever,0-3,referral,mobile,Friday,0,0,awareness,1.37,4,3.5,43.4,1,0,0,0,0,0,0,0
U00698,cat,Bengal,0-3,organic,mobile,Sunday,0,1,none,0.5,1,4.8,73.7,1,1,1,1,3,0,0,1
U00699,dog,Golden Retriever,3-6,organic,mobile,Thursday,0,0,awareness,9.84,4,3.4,7.3,1,1,0,0,0,0,0,0
U00700,cat,Bengal,3-6,organic,mobile,Tuesday,1,1,none,2.97,4,4.3,3.4,1,1,1,4,2,0,0,1
U00701,cat,Mixed,6-12,referral,mobile,Friday,1,0,none,6.08,3,4.2,24.6,1,1,0,0,0,0,0,0
U00702,dog,Beagle,3-6,organic,mobile,Friday,1,0,none,0.5,4,3.5,17.5,0,1,0,0,0,0,0,0
U00703,dog,Mixed,6-12,social_media,desktop,Thursday,0,1,none,5.22,4,4.5,21.0,1,1,1,2,2,0,0,1
U00704,dog,Labrador,12-24,paid_ad,desktop,Friday,0,0,awareness,3.07,4,3.9,6.8,1,0,0,0,0,0,0,0
U00705,dog,Beagle,0-3,organic,mobile,Sunday,0,1,none,0.5,1,4.6,3.8,1,1,1,4,3,1,1,0
U00706,reptile,Mixed,6-12,email,mobile,Saturday,1,0,seasonal,5.23,5,3.0,22.6,1,1,0,0,0,0,0,0
U00707,dog,Bulldog,3-6,organic,mobile,Tuesday,1,0,none,3.27,4,3.3,8.8,0,0,1,2,1,0,0,1
U00708,rabbit,Lionhead,12-24,paid_ad,mobile,Tuesday,1,1,none,1.42,3,3.8,17.5,1,1,1,3,1,0,0,1
U00709,dog,Golden Retriever,24+,organic,desktop,Sunday,0,1,seasonal,12.78,5,4.0,30.9,1,1,1,4,2,0,0,1
U00710,cat,Sphynx,12-24,email,tablet,Saturday,0,0,none,3.85,3,4.1,6.3,0,1,0,0,0,1,1,0
U00711,rabbit,Dutch,0-3,email,mobile,Sunday,0,0,none,0.5,3,4.6,21.9,1,1,0,0,0,0,0,0
U00712,cat,Ragdoll,24+,organic,mobile,Wednesday,0,0,none,13.15,4,4.8,9.0,1,1,1,6,2,0,0,1
U00713,cat,Sphynx,12-24,organic,mobile,Saturday,0,0,retargeting,1.34,5,3.6,14.4,0,1,0,0,0,0,0,0
U00714,cat,Mixed,0-3,social_media,desktop,Saturday,0,0,retargeting,13.85,5,4.8,26.4,0,0,1,4,4,0,0,1
U00715,dog,Beagle,6-12,organic,desktop,Wednesday,1,0,none,13.22,4,3.5,5.3,1,1,0,0,0,0,0,0
U00716,bird,Parakeet,6-12,paid_ad,desktop,Friday,0,1,retargeting,1.06,4,3.1,27.3,1,1,1,4,3,1,1,0
U00717,rabbit,Holland Lop,6-12,paid_ad,desktop,Friday,1,1,awareness,3.85,9,4.2,3.4,1,1,1,3,1,1,1,0
U00718,reptile,Ball Python,6-12,social_media,mobile,Friday,0,0,seasonal,0.5,5,4.3,8.2,0,1,1,2,1,1,0,1
U00719,dog,Labrador,0-3,email,desktop,Saturday,0,1,none,3.41,5,3.6,4.8,1,0,0,0,0,0,0,0
U00720,cat,Mixed,0-3,email,desktop,Sunday,0,0,retargeting,10.24,6,3.3,1.0,0,0,1,4,1,1,1,0
U00721,bird,Lovebird,24+,paid_ad,mobile,Sunday,0,0,none,0.95,3,3.2,1.0,0,1,0,0,0,0,0,0
U00722,dog,Bulldog,12-24,social_media,mobile,Saturday,0,1,none,0.57,3,3.9,3.3,1,1,1,2,0,0,0,1
U00723,dog,German Shepherd,6-12,organic,desktop,Friday,0,1,none,5.52,2,3.8,15.6,0,0,1,3,1,0,0,1
U00724,cat,Bengal,6-12,organic,desktop,Thursday,0,0,retargeting,6.01,3,3.6,11.2,0,1,1,0,3,1,0,1
U00725,cat,Siamese,3-6,social_media,desktop,Sunday,1,1,retargeting,8.79,5,3.4,5.8,1,0,1,4,0,1,1,0
U00726,rabbit,Mini Rex,3-6,social_media,desktop,Friday,1,0,awareness,8.54,1,3.1,8.8,1,1,0,0,0,0,0,0
U00727,dog,Golden Retriever,0-3,social_media,desktop,Wednesday,1,1,retargeting,9.28,5,4.4,16.9,1,0,1,1,1,0,0,1
U00728,rabbit,Dutch,24+,organic,desktop,Friday,0,0,awareness,11.2,9,3.8,33.0,1,1,0,0,0,0,0,0
U00729,dog,Beagle,6-12,paid_ad,mobile,Tuesday,0,1,retargeting,1.15,2,3.4,4.5,1,0,1,0,3,0,0,1
U00730,dog,Chihuahua,3-6,organic,desktop,Saturday,0,0,none,6.58,7,4.0,31.8,1,1,0,0,0,0,0,0
U00731,dog,Bulldog,12-24,organic,mobile,Wednesday,1,0,awareness,2.03,4,4.8,7.9,1,1,1,2,4,1,1,0
U00732,rabbit,Mini Rex,12-24,social_media,mobile,Wednesday,0,0,none,11.46,1,3.5,6.1,1,0,1,0,2,1,0,1
U00733,cat,Siamese,12-24,organic,mobile,Sunday,0,0,awareness,2.64,4,4.2,12.6,0,0,1,2,2,0,0,1
U00734,cat,Mixed,3-6,email,desktop,Saturday,0,0,retargeting,25.05,2,4.8,6.6,0,1,1,1,3,0,0,1
U00735,dog,Golden Retriever,3-6,social_media,desktop,Saturday,0,1,retargeting,11.43,7,3.8,5.2,1,1,1,0,3,0,0,1
U00736,bird,Lovebird,0-3,social_media,tablet,Friday,1,1,retargeting,6.34,3,4.9,34.5,0,1,1,6,3,0,0,1
U00737,dog,Bulldog,3-6,social_media,mobile,Sunday,0,0,none,3.08,3,3.0,7.8,1,1,1,6,6,0,0,1
U00738,rabbit,Holland Lop,24+,organic,mobile,Saturday,0,1,retargeting,2.05,5,3.2,2.5,1,0,1,4,1,1,1,0
U00739,cat,Bengal,0-3,organic,mobile,Friday,1,0,none,3.4,1,4.1,8.5,1,1,0,0,0,0,0,0
U00740,dog,Chihuahua,6-12,paid_ad,mobile,Sunday,0,0,seasonal,1.58,1,4.0,5.1,1,1,0,0,0,0,0,0
U00741,cat,Sphynx,0-3,social_media,desktop,Tuesday,0,1,none,18.32,8,5.0,10.8,1,1,0,0,0,0,0,0
U00742,dog,Labrador,12-24,social_media,mobile,Sunday,0,0,awareness,7.2,1,3.3,15.4,1,1,1,4,2,0,0,1
U00743,cat,Mixed,6-12,organic,desktop,Thursday,1,1,retargeting,12.61,5,5.0,1.0,0,0,1,2,2,1,0,1
U00744,cat,Maine Coon,3-6,social_media,desktop,Friday,1,1,seasonal,4.43,6,4.7,23.3,0,1,1,1,2,1,1,0
U00745,dog,Beagle,0-3,email,mobile,Tuesday,0,0,awareness,0.5,2,3.4,9.5,0,1,0,0,0,0,0,0
U00746,bird,Canary,6-12,email,desktop,Friday,1,0,none,6.89,4,3.7,11.7,0,1,1,4,1,1,1,0
U00747,dog,Chihuahua,6-12,paid_ad,mobile,Friday,0,0,awareness,2.13,2,3.2,2.2,1,1,0,0,0,0,0,0
U00748,cat,Mixed,24+,organic,mobile,Sunday,0,1,none,9.3,2,4.8,8.6,0,1,1,2,3,0,0,1
U00749,bird,Cockatiel,6-12,organic,desktop,Sunday,0,0,retargeting,9.09,8,3.8,10.2,0,1,0,0,0,0,0,0
U00750,cat,Sphynx,0-3,paid_ad,desktop,Sunday,1,0,seasonal,1.22,4,3.1,1.0,1,1,1,3,2,0,0,1
U00751,dog,Bulldog,12-24,referral,mobile,Wednesday,0,0,none,4.19,2,4.2,2.9,1,0,1,3,4,0,0,1
U00752,bird,Mixed,12-24,organic,mobile,Sunday,1,0,awareness,4.12,4,3.5,6.9,1,1,1,2,1,0,0,1
U00753,cat,Siamese,0-3,social_media,mobile,Thursday,1,1,seasonal,3.82,4,3.8,3.0,1,1,1,1,2,1,1,0
U00754,dog,Poodle,12-24,organic,mobile,Sunday,1,0,none,3.28,8,3.9,5.8,1,1,1,2,2,0,0,1
U00755,dog,Golden Retriever,3-6,organic,tablet,Tuesday,0,1,awareness,1.68,6,3.2,31.6,1,1,0,0,0,1,1,0
U00756,rabbit,Mini Rex,6-12,social_media,desktop,Friday,0,0,seasonal,1.61,8,4.0,14.7,1,1,1,4,4,0,0,1
U00757,cat,Bengal,6-12,organic,mobile,Sunday,0,0,seasonal,6.65,4,3.6,12.0,1,1,1,4,2,1,1,0
U00758,cat,Mixed,12-24,paid_ad,desktop,Sunday,0,0,awareness,0.5,6,4.4,27.9,0,1,1,1,1,0,0,1
U00759,bird,Cockatiel,0-3,social_media,mobile,Saturday,1,1,none,5.28,5,3.5,4.1,1,1,1,4,0,0,0,1
U00760,rabbit,Mixed,0-3,organic,mobile,Saturday,0,0,none,2.62,3,4.9,56.0,1,1,1,2,4,0,0,1
U00761,dog,Bulldog,6-12,organic,tablet,Tuesday,1,0,awareness,17.89,1,4.5,3.7,1,1,1,4,4,1,0,1
U00762,dog,Mixed,6-12,paid_ad,desktop,Saturday,1,0,none,46.2,3,3.2,10.2,0,1,1,0,2,0,0,1
U00763,dog,Poodle,24+,organic,desktop,Friday,0,0,none,8.5,6,3.3,49.8,1,1,1,3,1,0,0,1
U00764,cat,Maine Coon,0-3,email,mobile,Monday,0,0,retargeting,2.42,3,3.7,6.1,1,1,0,0,0,0,0,0
U00765,dog,Golden Retriever,3-6,social_media,desktop,Tuesday,0,0,retargeting,5.03,6,3.1,2.7,0,1,0,0,0,0,0,0
U00766,cat,Sphynx,12-24,email,mobile,Tuesday,0,0,retargeting,1.04,1,3.1,7.8,1,0,1,4,1,1,0,1
U00767,rabbit,Mini Rex,6-12,social_media,desktop,Saturday,0,0,none,0.63,1,4.4,4.0,0,1,0,0,0,0,0,0
U00768,bird,Canary,24+,organic,tablet,Tuesday,0,1,none,4.32,6,3.7,20.7,1,0,1,1,1,1,1,0
U00769,dog,Poodle,0-3,organic,mobile,Thursday,0,0,retargeting,7.45,3,3.4,38.0,0,0,1,6,1,1,0,1
U00770,rabbit,Mixed,0-3,organic,desktop,Thursday,1,0,retargeting,1.82,3,3.7,29.2,1,1,0,0,0,0,0,0
U00771,dog,Beagle,6-12,social_media,mobile,Friday,0,0,retargeting,2.48,4,5.0,2.3,1,1,1,3,1,0,0,1
U00772,rabbit,Mixed,6-12,email,mobile,Saturday,0,0,seasonal,2.83,3,4.8,45.2,0,0,0,0,0,0,0,0
U00773,dog,Mixed,6-12,organic,desktop,Saturday,0,0,seasonal,18.6,1,3.5,20.0,0,1,1,5,3,1,0,1
U00774,dog,Labrador,12-24,organic,mobile,Friday,1,0,awareness,0.68,3,3.2,21.3,1,0,0,0,0,0,0,0
U00775,rabbit,Mixed,3-6,social_media,desktop,Thursday,1,0,none,1.62,7,3.7,12.0,0,1,1,5,2,0,0,1
U00776,dog,Mixed,3-6,email,mobile,Thursday,0,0,awareness,11.41,5,3.0,7.0,0,1,0,0,0,0,0,0
U00777,dog,Bulldog,0-3,referral,tablet,Sunday,1,0,awareness,0.5,1,3.4,4.4,0,1,1,3,3,0,0,1
U00778,cat,Bengal,6-12,email,mobile,Wednesday,1,1,none,4.86,5,4.2,9.5,0,1,1,4,0,1,1,0
U00779,cat,Siamese,12-24,social_media,mobile,Wednesday,1,1,retargeting,4.64,3,3.2,24.5,1,1,0,0,0,0,0,0
U00780,cat,Mixed,0-3,email,mobile,Saturday,0,1,none,2.2,3,3.3,5.6,1,1,0,0,0,0,0,0
U00781,cat,Persian,0-3,referral,tablet,Thursday,1,0,retargeting,4.1,3,3.9,33.1,1,1,0,0,0,0,0,0
U00782,cat,Bengal,12-24,paid_ad,desktop,Sunday,0,0,none,15.06,7,4.4,2.4,0,0,1,0,2,0,0,1
U00783,dog,Golden Retriever,0-3,social_media,desktop,Wednesday,1,1,awareness,1.41,2,4.1,1.0,1,0,0,0,0,0,0,0
U00784,dog,Poodle,0-3,organic,mobile,Saturday,0,0,seasonal,1.2,3,4.5,10.5,0,1,0,0,0,0,0,0
U00785,dog,German Shepherd,6-12,organic,mobile,Monday,1,0,none,3.27,2,3.2,39.7,1,1,1,4,2,0,0,1
U00786,bird,Cockatiel,3-6,social_media,mobile,Thursday,1,0,awareness,1.85,2,3.3,27.1,1,1,1,4,0,1,0,1
U00787,cat,Persian,12-24,paid_ad,desktop,Wednesday,0,0,none,6.66,10,4.8,2.2,1,1,1,5,2,0,0,1
U00788,cat,Maine Coon,6-12,social_media,mobile,Saturday,1,1,seasonal,11.54,4,4.9,2.3,1,1,1,4,1,1,1,0
U00789,cat,Ragdoll,0-3,organic,tablet,Sunday,0,1,retargeting,16.19,1,4.6,1.5,1,0,0,0,0,0,0,0
U00790,bird,Canary,3-6,paid_ad,desktop,Thursday,0,1,seasonal,1.57,5,4.4,23.2,1,1,1,1,1,0,0,1
U00791,dog,German Shepherd,0-3,paid_ad,mobile,Saturday,0,1,seasonal,1.64,1,3.1,6.0,0,0,1,1,4,0,0,1
U00792,cat,Sphynx,0-3,organic,mobile,Saturday,1,0,retargeting,0.8,7,5.0,6.1,1,1,1,1,2,1,1,0
U00793,cat,Bengal,24+,email,desktop,Sunday,0,1,none,20.5,3,3.4,38.9,0,1,1,4,1,1,1,0
U00794,cat,Maine Coon,0-3,social_media,mobile,Saturday,0,0,none,2.31,1,3.8,15.4,1,0,1,2,3,0,0,1
U00795,dog,Poodle,0-3,paid_ad,mobile,Monday,1,0,awareness,2.72,5,4.3,40.0,0,0,1,3,1,0,0,1
U00796,bird,Canary,3-6,paid_ad,mobile,Saturday,1,0,awareness,5.68,1,4.1,4.1,1,1,0,0,0,0,0,0
U00797,bird,Lovebird,6-12,social_media,desktop,Friday,1,1,retargeting,4.32,4,5.0,20.3,0,1,1,1,3,0,0,1
U00798,cat,Persian,24+,email,desktop,Monday,0,1,none,0.99,1,4.2,1.5,1,1,1,2,1,0,0,1
U00799,cat,Ragdoll,3-6,paid_ad,mobile,Wednesday,0,0,none,2.62,2,3.4,16.4,1,1,0,0,0,0,0,0
U00800,bird,Canary,0-3,social_media,mobile,Sunday,0,0,awareness,3.48,4,4.1,8.5,0,0,0,0,0,0,0,0
U00801,cat,Mixed,6-12,social_media,mobile,Sunday,0,0,none,5.78,2,3.7,1.0,1,1,0,0,0,0,0,0
U00802,dog,Mixed,12-24,paid_ad,desktop,Saturday,0,0,retargeting,8.09,10,4.3,1.3,1,1,0,0,0,0,0,0
U00803,cat,Bengal,3-6,organic,mobile,Sunday,0,0,awareness,0.58,3,3.1,42.4,1,1,1,6,1,0,0,1
U00804,cat,Persian,0-3,social_media,mobile,Saturday,1,1,retargeting,1.65,3,3.6,23.0,1,1,1,2,6,1,1,0
U00805,cat,Ragdoll,12-24,paid_ad,tablet,Monday,0,0,none,8.6,4,4.1,24.2,1,0,0,0,0,0,0,0
U00806,cat,Bengal,6-12,paid_ad,tablet,Wednesday,0,0,seasonal,13.79,4,4.6,1.0,1,1,1,3,3,0,0,1
U00807,bird,Mixed,6-12,social_media,tablet,Monday,0,1,none,0.5,5,4.7,20.7,1,1,0,0,0,1,1,0
U00808,bird,Canary,3-6,organic,desktop,Monday,0,0,none,0.5,2,4.8,1.0,1,0,1,1,2,1,0,1
U00809,cat,Sphynx,12-24,social_media,mobile,Tuesday,0,0,retargeting,4.69,1,3.8,5.0,1,1,1,2,2,1,1,0
U00810,dog,Labrador,3-6,organic,mobile,Friday,0,1,none,3.61,7,4.2,10.3,0,1,1,5,2,1,0,1
U00811,reptile,Mixed,6-12,organic,mobile,Sunday,1,1,none,0.59,1,4.2,7.5,1,0,1,3,3,0,0,1
U00812,rabbit,Holland Lop,3-6,paid_ad,mobile,Sunday,0,0,none,2.78,1,4.8,2.3,1,1,0,0,0,0,0,0
U00813,dog,Poodle,6-12,organic,tablet,Friday,0,0,awareness,23.85,4,4.7,61.3,1,0,1,3,2,0,0,1
U00814,bird,Parakeet,6-12,social_media,desktop,Sunday,1,0,seasonal,5.98,6,3.8,1.0,1,1,1,1,1,0,0,1
U00815,bird,Parakeet,12-24,social_media,desktop,Friday,1,0,awareness,3.58,3,4.2,17.3,1,1,1,2,0,0,0,1
U00816,cat,Siamese,0-3,referral,mobile,Sunday,1,0,awareness,8.0,2,4.8,23.5,0,1,0,0,0,0,0,0
U00817,cat,Persian,3-6,social_media,tablet,Thursday,1,0,none,1.56,1,5.0,4.9,1,0,1,3,2,0,0,1
U00818,dog,German Shepherd,3-6,organic,desktop,Wednesday,1,1,none,4.17,9,4.5,7.8,1,1,1,3,2,0,0,1
U00819,dog,Beagle,6-12,organic,mobile,Sunday,0,0,none,3.41,4,3.1,1.3,1,0,1,5,1,0,0,1
U00820,dog,Bulldog,24+,email,desktop,Thursday,1,0,seasonal,5.48,3,4.8,6.7,1,1,1,2,1,0,0,1
U00821,rabbit,Dutch,12-24,email,mobile,Friday,0,0,none,8.88,1,4.0,6.4,1,1,0,0,0,0,0,0
U00822,dog,Beagle,12-24,social_media,mobile,Wednesday,0,0,seasonal,1.58,2,3.7,1.0,1,0,1,0,3,0,0,1
U00823,dog,Poodle,3-6,social_media,desktop,Saturday,0,0,none,0.5,5,3.6,4.6,1,0,1,5,0,1,0,1
U00824,dog,Poodle,3-6,organic,desktop,Sunday,0,1,retargeting,19.36,3,4.6,39.4,0,0,1,2,2,0,0,1
U00825,cat,Siamese,6-12,social_media,mobile,Monday,0,0,seasonal,1.11,4,4.8,16.9,1,1,0,0,0,0,0,0
U00826,bird,Canary,12-24,social_media,mobile,Sunday,0,0,none,1.67,7,4.4,1.0,1,0,0,0,0,0,0,0
U00827,dog,Chihuahua,24+,organic,tablet,Monday,0,0,retargeting,4.92,1,3.1,10.9,1,0,1,6,1,0,0,1
U00828,dog,Poodle,3-6,organic,desktop,Thursday,1,0,none,29.05,2,5.0,6.4,1,1,1,1,0,1,0,1
U00829,cat,Maine Coon,6-12,organic,desktop,Tuesday,1,0,none,5.98,3,4.1,62.8,1,1,1,2,2,0,0,1
U00830,cat,Bengal,12-24,organic,mobile,Saturday,0,0,none,2.7,1,4.7,44.5,0,1,1,3,2,0,0,1
U00831,dog,Bulldog,24+,email,mobile,Monday,1,0,retargeting,3.99,5,4.4,17.4,0,1,0,0,0,0,0,0
U00832,cat,Bengal,12-24,organic,mobile,Friday,0,0,none,16.08,3,3.7,1.0,0,1,0,0,0,0,0,0
U00833,dog,Mixed,3-6,organic,mobile,Wednesday,1,1,none,7.75,4,4.8,2.4,1,1,0,0,0,0,0,0
U00834,dog,German Shepherd,12-24,organic,mobile,Tuesday,0,0,seasonal,0.84,8,3.6,21.4,1,1,0,0,0,0,0,0
U00835,cat,Bengal,3-6,referral,mobile,Saturday,0,0,none,7.4,1,5.0,13.8,1,0,0,0,0,0,0,0
U00836,cat,Mixed,24+,paid_ad,desktop,Tuesday,0,0,awareness,14.35,3,5.0,4.0,1,1,1,2,3,0,0,1
U00837,bird,Mixed,3-6,organic,mobile,Wednesday,0,0,seasonal,4.11,1,3.1,1.7,1,1,0,0,0,0,0,0
U00838,dog,Labrador,0-3,social_media,desktop,Wednesday,0,0,none,8.35,5,3.3,6.8,0,1,0,0,0,0,0,0
U00839,cat,Persian,12-24,organic,mobile,Friday,0,0,none,2.65,2,3.5,31.4,0,0,1,2,1,1,1,0
U00840,cat,Ragdoll,3-6,social_media,mobile,Saturday,0,0,retargeting,4.67,3,3.7,11.6,1,1,1,3,1,0,0,1
U00841,dog,German Shepherd,12-24,organic,mobile,Monday,0,1,none,6.09,8,4.3,5.2,1,1,1,2,1,0,0,1
U00842,cat,Bengal,0-3,email,mobile,Wednesday,0,0,none,0.6,1,3.7,1.4,1,0,0,0,0,0,0,0
U00843,dog,German Shepherd,24+,social_media,mobile,Thursday,1,1,awareness,1.35,1,4.9,3.0,1,1,0,0,0,0,0,0
U00844,reptile,Mixed,12-24,paid_ad,tablet,Wednesday,0,1,retargeting,1.08,4,4.0,8.1,1,1,1,5,2,0,0,1
U00845,dog,Bulldog,6-12,organic,desktop,Sunday,0,0,none,14.35,4,4.1,21.2,1,1,1,5,0,1,0,1
U00846,cat,Persian,6-12,paid_ad,mobile,Saturday,1,0,none,5.18,1,4.3,10.0,0,1,0,0,0,0,0,0
U00847,dog,Labrador,0-3,paid_ad,mobile,Friday,1,0,none,2.73,6,3.9,9.6,1,1,1,3,1,1,1,0
U00848,reptile,Mixed,0-3,organic,desktop,Wednesday,0,0,none,10.49,4,4.3,4.9,1,1,1,3,2,0,0,1
U00849,cat,Sphynx,0-3,social_media,desktop,Saturday,1,0,retargeting,9.84,5,3.2,4.3,1,0,1,0,1,1,0,1
U00850,cat,Ragdoll,12-24,organic,mobile,Sunday,0,0,none,11.14,1,4.0,16.7,1,1,0,0,0,0,0,0
U00851,dog,Poodle,12-24,organic,desktop,Friday,0,1,awareness,0.62,5,3.7,18.8,1,1,1,3,1,1,1,0
U00852,cat,Maine Coon,12-24,organic,desktop,Saturday,0,0,awareness,5.55,5,3.4,48.9,1,1,0,0,0,0,0,0
U00853,dog,Mixed,6-12,email,desktop,Saturday,0,0,none,9.57,2,3.1,34.5,0,1,0,0,0,0,0,0
U00854,bird,Mixed,3-6,social_media,desktop,Friday,0,0,none,1.4,6,4.6,13.2,1,1,0,0,0,0,0,0
U00855,dog,Bulldog,24+,referral,desktop,Wednesday,1,0,none,3.09,8,3.2,14.2,1,0,1,3,3,1,1,0
U00856,dog,Poodle,6-12,organic,tablet,Saturday,0,1,none,3.53,1,3.3,7.5,1,1,1,1,2,0,0,1
U00857,dog,Golden Retriever,0-3,referral,mobile,Tuesday,1,0,awareness,7.2,5,3.3,54.2,1,0,0,0,0,0,0,0
U00858,cat,Mixed,12-24,organic,desktop,Saturday,0,0,retargeting,5.31,4,5.0,37.3,1,0,0,0,0,0,0,0
U00859,cat,Ragdoll,12-24,paid_ad,desktop,Saturday,0,1,none,5.3,4,3.5,1.0,1,1,1,4,3,0,0,1
U00860,dog,Mixed,12-24,social_media,desktop,Saturday,0,1,awareness,4.4,8,3.4,7.0,1,1,1,4,0,0,0,1
U00861,rabbit,Mini Rex,24+,organic,tablet,Thursday,1,1,seasonal,1.3,4,4.9,7.7,1,1,1,3,3,1,1,0
U00862,cat,Siamese,3-6,paid_ad,mobile,Tuesday,0,1,none,11.67,3,4.3,4.7,1,1,1,4,0,1,1,0
U00863,cat,Bengal,12-24,social_media,mobile,Monday,1,0,awareness,1.74,3,4.4,8.7,1,1,1,4,0,1,1,0
U00864,cat,Siamese,24+,email,mobile,Saturday,1,0,retargeting,3.81,1,4.6,9.0,1,1,1,6,2,1,0,1
U00865,cat,Maine Coon,12-24,email,mobile,Sunday,0,0,none,0.73,4,4.1,22.5,0,1,0,0,0,0,0,0
U00866,cat,Mixed,12-24,social_media,mobile,Saturday,1,0,retargeting,2.59,2,4.1,36.2,1,1,1,2,1,1,0,1
U00867,dog,Poodle,3-6,social_media,desktop,Tuesday,1,0,seasonal,18.26,8,5.0,11.3,1,1,1,5,2,0,0,1
U00868,dog,German Shepherd,3-6,paid_ad,mobile,Sunday,0,1,none,24.55,2,4.4,4.5,1,1,1,4,1,0,0,1
U00869,bird,Mixed,12-24,organic,desktop,Sunday,0,0,retargeting,2.69,3,4.4,11.5,1,1,1,4,3,1,0,1
U00870,bird,Cockatiel,0-3,email,desktop,Thursday,0,1,none,1.0,8,3.2,2.9,0,1,0,0,0,0,0,0
U00871,dog,Golden Retriever,0-3,paid_ad,mobile,Friday,0,0,none,1.72,5,3.2,6.5,1,1,1,1,3,1,0,1
U00872,dog,Labrador,6-12,organic,mobile,Saturday,0,0,awareness,1.8,3,4.0,11.5,0,1,0,0,0,0,0,0
U00873,cat,Mixed,3-6,organic,desktop,Saturday,0,0,none,8.07,6,4.5,45.5,0,0,1,4,1,0,0,1
U00874,cat,Bengal,12-24,paid_ad,desktop,Sunday,1,0,awareness,5.35,7,4.5,9.5,0,0,1,4,0,0,0,1
U00875,dog,Labrador,24+,social_media,desktop,Tuesday,0,0,none,11.41,4,4.6,1.0,0,1,1,0,2,1,0,1
U00876,dog,Bulldog,3-6,social_media,desktop,Friday,1,0,retargeting,9.42,5,4.4,1.8,0,1,1,0,2,0,0,1
U00877,cat,Siamese,3-6,organic,tablet,Saturday,0,0,awareness,1.88,4,3.2,7.6,1,1,0,0,0,0,0,0
U00878,cat,Persian,6-12,social_media,desktop,Sunday,0,1,awareness,11.96,5,4.7,2.8,1,1,1,2,3,1,0,1
U00879,dog,Beagle,6-12,organic,tablet,Sunday,1,0,none,12.22,3,4.5,5.9,0,0,0,0,0,1,1,0
U00880,dog,Chihuahua,24+,social_media,desktop,Sunday,0,0,none,7.12,4,3.7,30.7,0,0,1,0,1,1,0,1
U00881,dog,Chihuahua,6-12,paid_ad,desktop,Friday,0,0,none,20.49,6,3.8,17.5,1,0,1,4,1,0,0,1
U00882,cat,Persian,3-6,organic,mobile,Sunday,0,0,retargeting,6.95,4,4.1,15.2,1,0,0,0,0,0,0,0
U00883,dog,German Shepherd,12-24,social_media,tablet,Thursday,0,1,none,5.88,1,5.0,7.5,1,0,0,0,0,0,0,0
U00884,dog,Poodle,12-24,referral,mobile,Thursday,0,1,awareness,10.77,1,4.5,22.1,1,1,1,3,1,1,1,0
U00885,rabbit,Mixed,6-12,email,desktop,Wednesday,0,1,none,5.5,6,4.7,97.2,1,1,1,3,2,0,0,1
U00886,dog,Chihuahua,12-24,paid_ad,mobile,Saturday,1,0,retargeting,3.35,3,3.4,6.1,1,1,0,0,0,0,0,0
U00887,cat,Maine Coon,0-3,social_media,mobile,Sunday,0,0,awareness,2.0,3,4.0,16.5,1,0,0,0,0,0,0,0
U00888,dog,Golden Retriever,6-12,paid_ad,mobile,Wednesday,0,1,awareness,9.76,3,4.1,3.4,1,0,0,0,0,0,0,0
U00889,dog,Golden Retriever,12-24,organic,mobile,Monday,0,1,retargeting,0.6,5,3.1,1.6,1,1,1,3,2,0,0,1
U00890,dog,Golden Retriever,0-3,organic,mobile,Saturday,0,1,awareness,2.92,3,3.2,53.2,1,1,1,3,3,0,0,1
U00891,cat,Siamese,6-12,organic,desktop,Friday,0,1,retargeting,6.01,6,3.4,3.4,0,0,1,4,2,1,0,1
U00892,bird,Lovebird,3-6,social_media,mobile,Sunday,0,0,retargeting,2.83,1,4.8,1.6,1,0,0,0,0,0,0,0
U00893,rabbit,Holland Lop,6-12,paid_ad,mobile,Wednesday,0,0,awareness,3.69,1,4.6,9.9,1,1,0,0,0,0,0,0
U00894,dog,Chihuahua,0-3,social_media,mobile,Monday,1,1,seasonal,3.21,3,4.0,17.9,1,1,1,3,6,1,0,1
U00895,cat,Bengal,6-12,email,desktop,Friday,0,1,retargeting,2.32,3,4.6,1.0,0,1,0,0,0,1,1,0
U00896,dog,Labrador,6-12,paid_ad,mobile,Monday,1,1,awareness,8.85,1,4.0,7.6,1,1,1,2,1,1,1,0
U00897,dog,German Shepherd,0-3,email,mobile,Wednesday,0,0,none,4.88,1,4.8,9.5,1,0,0,0,0,0,0,0
U00898,bird,Mixed,3-6,social_media,mobile,Tuesday,0,0,awareness,6.84,6,3.6,10.2,1,0,1,4,4,1,0,1
U00899,dog,Labrador,0-3,email,desktop,Wednesday,1,0,none,2.52,2,3.2,7.7,1,0,1,4,0,1,0,1
U00900,dog,Beagle,6-12,social_media,mobile,Tuesday,1,0,awareness,4.61,3,3.1,2.5,1,1,1,3,4,0,0,1
U00901,dog,Labrador,3-6,organic,mobile,Sunday,0,0,awareness,5.7,2,3.9,18.7,1,1,1,2,3,1,0,1
U00902,dog,Golden Retriever,6-12,referral,mobile,Wednesday,1,1,awareness,2.2,5,3.6,15.2,0,0,1,3,3,1,1,0
U00903,dog,Bulldog,6-12,organic,tablet,Thursday,1,0,retargeting,10.87,5,4.9,1.0,1,1,0,0,0,0,0,0
U00904,cat,Mixed,0-3,organic,mobile,Sunday,1,0,retargeting,0.5,2,4.8,13.9,1,1,0,0,0,0,0,0
U00905,cat,Ragdoll,12-24,paid_ad,desktop,Saturday,0,0,none,7.05,6,3.9,21.0,1,1,1,3,1,0,0,1
U00906,bird,Cockatiel,0-3,social_media,mobile,Friday,1,0,none,3.33,5,3.0,2.0,1,1,0,0,0,0,0,0
U00907,rabbit,Mixed,12-24,email,mobile,Saturday,1,0,awareness,2.67,1,3.2,21.6,0,1,1,6,0,1,1,0
U00908,dog,German Shepherd,6-12,social_media,mobile,Saturday,1,1,awareness,4.52,2,3.4,4.5,0,1,1,3,3,0,0,1
U00909,dog,Golden Retriever,3-6,social_media,mobile,Sunday,1,0,retargeting,0.83,7,3.8,17.0,0,1,1,2,1,1,0,1
U00910,dog,Poodle,12-24,organic,mobile,Saturday,1,0,none,5.25,3,4.6,16.6,1,0,1,5,2,1,1,0
U00911,cat,Mixed,6-12,social_media,mobile,Sunday,0,1,none,1.86,2,4.7,12.5,1,1,1,6,1,0,0,1
U00912,dog,Mixed,6-12,social_media,mobile,Friday,0,0,awareness,2.74,3,5.0,3.8,1,1,0,0,0,0,0,0
U00913,cat,Siamese,3-6,paid_ad,desktop,Wednesday,0,0,awareness,3.16,2,4.1,4.8,0,1,1,4,0,0,0,1
U00914,cat,Mixed,3-6,social_media,tablet,Sunday,0,0,none,4.18,5,4.9,9.6,1,1,1,1,1,0,0,1
U00915,cat,Siamese,6-12,referral,mobile,Friday,0,0,awareness,4.42,2,4.3,1.0,1,1,1,5,0,0,0,1
U00916,cat,Maine Coon,3-6,organic,desktop,Sunday,0,0,none,14.21,1,4.0,8.1,1,1,1,3,3,0,0,1
U00917,dog,Mixed,3-6,social_media,tablet,Monday,0,0,none,4.29,2,3.3,17.7,0,0,0,0,0,1,0,0
U00918,bird,Lovebird,12-24,email,desktop,Thursday,1,1,none,2.34,2,4.8,1.0,1,0,1,4,0,1,0,1
U00919,rabbit,Mini Rex,24+,referral,mobile,Sunday,1,0,awareness,2.34,5,4.8,20.1,1,0,1,4,1,0,0,1
U00920,dog,Chihuahua,6-12,organic,desktop,Wednesday,0,0,seasonal,9.11,4,4.8,8.5,1,1,1,2,0,0,0,1
U00921,bird,Parakeet,12-24,email,mobile,Sunday,1,0,none,1.49,2,4.9,10.0,1,0,1,5,2,0,0,1
U00922,cat,Sphynx,12-24,paid_ad,mobile,Sunday,0,0,none,2.43,3,4.6,3.8,0,1,1,6,3,0,0,1
U00923,bird,Canary,6-12,organic,mobile,Sunday,1,0,retargeting,2.9,2,3.0,8.0,0,0,1,3,1,0,0,1
U00924,rabbit,Mini Rex,6-12,paid_ad,mobile,Friday,1,1,seasonal,1.22,4,4.4,10.6,0,0,0,0,0,0,0,0
U00925,cat,Bengal,0-3,organic,mobile,Saturday,0,0,none,1.07,1,3.8,57.8,0,1,1,2,1,0,0,1
U00926,dog,Bulldog,6-12,paid_ad,mobile,Sunday,0,0,none,0.69,3,4.9,14.5,1,1,0,0,0,0,0,0
U00927,dog,Golden Retriever,3-6,referral,desktop,Saturday,0,1,none,3.39,6,4.6,14.9,1,0,0,0,0,0,0,0
U00928,cat,Ragdoll,24+,email,mobile,Saturday,1,0,none,0.5,3,4.6,86.9,0,1,1,7,4,1,0,1
U00929,cat,Persian,6-12,social_media,mobile,Sunday,1,0,awareness,3.99,2,3.2,1.0,0,1,1,0,4,1,1,0
U00930,dog,Mixed,6-12,organic,mobile,Saturday,0,0,seasonal,0.88,3,3.9,30.8,1,1,1,6,3,1,0,1
U00931,dog,Poodle,24+,referral,mobile,Sunday,0,0,retargeting,2.16,5,3.9,23.5,1,0,1,4,3,1,1,0
U00932,rabbit,Mixed,12-24,social_media,desktop,Monday,0,0,seasonal,1.88,3,4.0,1.0,1,1,0,0,0,0,0,0
U00933,reptile,Ball Python,3-6,organic,tablet,Tuesday,0,0,awareness,4.98,4,4.6,8.8,0,1,1,5,4,0,0,1
U00934,cat,Bengal,12-24,email,mobile,Thursday,1,0,seasonal,8.64,6,3.4,10.9,1,0,1,3,1,1,0,1
U00935,dog,German Shepherd,24+,social_media,mobile,Thursday,0,0,none,4.56,4,3.4,1.0,1,1,0,0,0,0,0,0
U00936,dog,Chihuahua,24+,organic,desktop,Saturday,1,1,none,6.1,5,4.7,8.9,1,0,1,4,3,0,0,1
U00937,dog,German Shepherd,3-6,organic,mobile,Tuesday,1,0,retargeting,5.03,1,4.7,31.8,1,0,1,3,3,1,0,1
U00938,bird,Lovebird,6-12,organic,desktop,Sunday,1,0,none,0.5,3,4.3,1.0,0,1,0,0,0,0,0,0
U00939,dog,Mixed,12-24,email,mobile,Wednesday,0,0,none,0.6,1,3.1,26.4,0,1,0,0,0,0,0,0
U00940,cat,Ragdoll,24+,email,mobile,Thursday,0,0,retargeting,0.5,2,4.4,27.4,1,1,0,0,0,0,0,0
U00941,dog,Poodle,0-3,social_media,mobile,Wednesday,0,0,none,0.5,5,3.2,1.0,1,0,0,0,0,0,0,0
U00942,cat,Sphynx,12-24,paid_ad,mobile,Friday,1,0,awareness,1.37,2,3.8,36.0,0,1,1,2,2,1,1,0
U00943,cat,Siamese,6-12,paid_ad,mobile,Monday,0,0,none,3.46,3,4.7,18.9,1,1,1,3,0,0,0,1
U00944,rabbit,Mixed,12-24,email,desktop,Tuesday,0,0,retargeting,0.73,6,3.1,42.2,1,1,1,4,3,0,0,1
U00945,dog,Poodle,12-24,organic,desktop,Saturday,1,0,none,21.33,1,4.3,39.7,1,1,1,2,2,0,0,1
U00946,dog,Bulldog,6-12,email,desktop,Tuesday,0,1,awareness,15.02,3,4.1,4.3,1,1,1,3,3,0,0,1
U00947,dog,Mixed,24+,social_media,desktop,Wednesday,0,0,none,27.79,5,3.8,10.9,0,1,1,3,1,0,0,1
U00948,bird,Cockatiel,3-6,email,mobile,Saturday,0,1,retargeting,0.5,2,3.4,10.1,1,1,0,0,0,0,0,0
U00949,bird,Mixed,3-6,email,desktop,Monday,0,1,awareness,11.44,7,3.3,18.5,1,0,1,2,5,0,0,1
U00950,cat,Maine Coon,12-24,social_media,mobile,Thursday,0,1,none,7.41,3,4.7,13.1,0,1,1,3,3,1,0,1
U00951,cat,Sphynx,3-6,referral,desktop,Monday,0,1,none,18.13,6,3.2,49.9,1,1,1,3,4,0,0,1
U00952,cat,Ragdoll,12-24,organic,mobile,Wednesday,1,0,none,3.42,4,4.9,10.5,1,1,1,6,2,1,1,0
U00953,dog,Chihuahua,12-24,email,desktop,Saturday,1,0,awareness,12.1,1,3.4,7.0,1,1,1,2,2,0,0,1
U00954,bird,Lovebird,12-24,organic,desktop,Monday,0,0,awareness,0.5,9,4.4,72.6,0,0,0,0,0,0,0,0
U00955,cat,Siamese,3-6,referral,mobile,Sunday,1,1,none,0.5,5,4.1,13.5,1,1,1,0,3,1,1,0
U00956,dog,German Shepherd,6-12,organic,mobile,Sunday,0,0,retargeting,0.57,1,3.7,7.9,1,1,1,1,3,0,0,1
U00957,cat,Mixed,6-12,organic,mobile,Tuesday,0,0,seasonal,11.2,3,4.8,6.5,1,1,1,8,3,1,1,0
U00958,dog,Mixed,0-3,social_media,mobile,Sunday,1,0,none,0.5,4,3.1,18.4,1,1,1,5,2,0,0,1
U00959,dog,Bulldog,3-6,social_media,desktop,Wednesday,1,0,awareness,0.82,7,4.5,33.0,1,1,1,4,0,0,0,1
U00960,cat,Mixed,0-3,organic,tablet,Monday,0,0,awareness,17.32,3,4.5,2.9,0,0,0,0,0,0,0,0
U00961,dog,Poodle,3-6,email,mobile,Monday,0,0,awareness,0.52,4,4.7,7.0,0,1,1,3,4,0,0,1
U00962,cat,Persian,24+,social_media,mobile,Thursday,1,1,none,9.27,2,4.8,1.0,1,0,1,2,4,0,0,1
U00963,dog,Mixed,0-3,organic,desktop,Friday,0,1,none,12.15,7,3.9,4.8,0,1,1,0,0,0,0,1
U00964,dog,German Shepherd,6-12,social_media,mobile,Wednesday,1,1,none,0.5,6,4.4,37.4,1,1,1,6,2,0,0,1
U00965,dog,Golden Retriever,3-6,paid_ad,mobile,Sunday,0,1,awareness,0.5,5,4.2,15.5,1,1,0,0,0,0,0,0
U00966,dog,German Shepherd,6-12,email,tablet,Saturday,1,0,awareness,4.97,4,4.2,36.5,0,1,0,0,0,1,0,0
U00967,cat,Siamese,24+,paid_ad,desktop,Thursday,0,1,none,45.78,3,3.0,12.2,1,0,0,0,0,0,0,0
U00968,dog,Poodle,6-12,email,mobile,Saturday,0,0,none,9.6,2,4.9,65.3,1,0,1,6,3,0,0,1
U00969,cat,Mixed,6-12,social_media,mobile,Sunday,0,1,none,1.69,3,3.3,15.1,0,1,1,2,2,0,0,1
U00970,cat,Bengal,0-3,organic,desktop,Monday,0,0,retargeting,3.81,3,3.8,19.2,1,1,1,1,1,1,0,1
U00971,cat,Sphynx,24+,organic,desktop,Wednesday,1,0,none,3.83,10,4.4,29.8,1,0,1,2,0,1,0,1
U00972,bird,Canary,3-6,paid_ad,desktop,Thursday,0,1,awareness,7.95,5,3.4,6.6,1,0,1,2,0,0,0,1
U00973,cat,Ragdoll,0-3,referral,mobile,Friday,1,0,retargeting,1.9,1,3.2,5.3,1,1,1,7,2,1,1,0
U00974,dog,Beagle,6-12,social_media,tablet,Friday,0,0,retargeting,1.04,3,4.8,2.8,0,0,0,0,0,0,0,0
U00975,dog,Poodle,12-24,organic,desktop,Wednesday,0,0,retargeting,10.72,4,4.2,18.4,1,1,1,1,2,1,0,1
U00976,dog,Labrador,6-12,organic,desktop,Saturday,0,0,none,4.78,6,3.3,25.6,0,0,0,0,0,0,0,0
U00977,cat,Sphynx,6-12,social_media,desktop,Saturday,0,0,retargeting,0.62,4,4.7,7.4,1,1,1,6,1,0,0,1
U00978,dog,Bulldog,0-3,email,mobile,Friday,1,0,retargeting,7.1,3,3.4,1.0,1,0,0,0,0,0,0,0
U00979,cat,Maine Coon,24+,organic,tablet,Tuesday,0,0,retargeting,5.72,5,4.3,35.8,0,0,0,0,0,0,0,0
U00980,cat,Maine Coon,3-6,referral,mobile,Thursday,1,0,none,3.06,2,4.7,19.3,0,1,1,4,0,1,1,0
U00981,dog,Labrador,0-3,social_media,mobile,Thursday,1,0,none,5.09,5,4.2,32.5,1,0,1,2,2,1,0,1
U00982,rabbit,Mixed,0-3,referral,desktop,Friday,1,0,retargeting,4.22,7,3.0,31.5,1,1,0,0,0,0,0,0
U00983,dog,Chihuahua,6-12,paid_ad,desktop,Sunday,0,0,seasonal,8.15,6,4.3,10.1,1,1,0,0,0,0,0,0
U00984,dog,Chihuahua,3-6,paid_ad,desktop,Friday,0,0,retargeting,15.76,6,4.1,21.1,1,0,1,2,2,0,0,1
U00985,cat,Sphynx,0-3,email,mobile,Monday,0,0,retargeting,4.33,2,4.1,28.2,0,0,1,4,2,0,0,1
U00986,cat,Sphynx,0-3,email,mobile,Thursday,0,0,awareness,4.9,4,3.6,1.0,1,1,1,2,3,0,0,1
U00987,cat,Siamese,3-6,email,tablet,Saturday,0,1,none,6.19,1,4.3,25.1,0,1,1,2,0,0,0,1
U00988,cat,Maine Coon,12-24,email,mobile,Saturday,0,1,retargeting,3.45,4,3.0,10.4,1,1,0,0,0,0,0,0
U00989,dog,Beagle,0-3,email,desktop,Friday,0,1,retargeting,1.47,3,4.0,6.6,1,1,0,0,0,1,1,0
U00990,rabbit,Lionhead,0-3,referral,mobile,Wednesday,1,0,retargeting,1.43,2,3.7,2.8,1,1,1,1,1,0,0,1
U00991,rabbit,Mini Rex,6-12,paid_ad,desktop,Thursday,1,0,seasonal,7.09,6,3.1,3.8,1,1,0,0,0,0,0,0
U00992,cat,Maine Coon,6-12,paid_ad,mobile,Friday,1,0,none,2.52,3,3.5,23.8,1,1,1,1,4,1,0,1
U00993,dog,Labrador,6-12,paid_ad,desktop,Sunday,0,0,none,4.06,4,4.7,29.9,0,0,1,1,2,0,0,1
U00994,cat,Mixed,6-12,organic,desktop,Saturday,0,1,seasonal,11.11,4,3.5,49.5,0,1,1,2,3,1,1,0
U00995,dog,Poodle,12-24,organic,mobile,Saturday,0,0,none,0.5,1,3.9,2.4,0,1,0,0,0,0,0,0
U00996,dog,Poodle,3-6,social_media,desktop,Friday,0,0,retargeting,8.86,4,4.1,10.9,1,0,1,3,1,0,0,1
U00997,bird,Lovebird,0-3,social_media,desktop,Thursday,0,0,seasonal,4.03,2,3.6,37.4,0,1,1,1,2,0,0,1
U00998,dog,Chihuahua,0-3,paid_ad,desktop,Saturday,0,0,none,3.69,1,4.1,3.7,1,0,0,0,0,0,0,0
U00999,reptile,Bearded Dragon,3-6,social_media,tablet,Friday,0,0,retargeting,2.08,1,4.9,4.2,0,1,1,5,2,1,1,0
U01000,cat,Persian,12-24,email,mobile,Sunday,1,0,none,0.86,2,3.4,11.7,0,1,1,3,0,0,0,1
U01001,dog,Poodle,12-24,social_media,mobile,Thursday,1,0,retargeting,1.85,3,4.8,12.7,0,0,1,7,0,1,1,0
U01002,cat,Sphynx,6-12,organic,mobile,Monday,0,0,none,2.26,1,4.1,3.2,1,0,1,2,2,0,0,1
U01003,bird,Lovebird,12-24,email,mobile,Saturday,0,0,retargeting,2.01,3,4.6,11.0,1,0,1,3,2,1,1,0
U01004,cat,Maine Coon,0-3,paid_ad,mobile,Monday,1,1,retargeting,5.08,4,4.2,36.4,0,1,1,1,3,1,1,0
U01005,rabbit,Lionhead,3-6,organic,desktop,Wednesday,0,1,awareness,3.63,10,3.6,13.2,1,1,0,0,0,0,0,0
U01006,cat,Siamese,12-24,email,mobile,Thursday,0,1,retargeting,7.24,3,4.1,23.1,1,1,1,2,1,0,0,1
U01007,cat,Siamese,0-3,email,mobile,Saturday,0,0,seasonal,4.65,3,3.9,22.3,0,1,1,1,3,0,0,1
U01008,rabbit,Dutch,3-6,organic,mobile,Friday,0,0,retargeting,0.74,4,4.2,7.3,1,0,1,4,2,1,1,0
U01009,dog,German Shepherd,24+,organic,desktop,Monday,0,1,seasonal,2.53,6,4.1,23.3,1,1,1,7,4,1,1,0
U01010,cat,Siamese,6-12,referral,desktop,Friday,1,0,awareness,0.64,6,4.4,26.5,1,1,1,4,2,1,0,1
U01011,dog,German Shepherd,12-24,social_media,mobile,Thursday,0,0,awareness,13.26,4,4.5,8.3,1,1,1,2,2,1,1,0
U01012,reptile,Bearded Dragon,3-6,organic,desktop,Sunday,0,0,none,13.06,5,4.1,23.2,0,1,0,0,0,0,0,0
U01013,bird,Cockatiel,0-3,organic,mobile,Friday,0,0,seasonal,0.5,6,4.6,75.2,0,0,1,4,1,0,0,1
U01014,dog,Bulldog,6-12,email,tablet,Saturday,1,0,none,5.55,2,4.4,14.9,0,1,1,2,2,1,0,1
U01015,cat,Bengal,3-6,email,desktop,Tuesday,0,1,none,25.19,5,3.5,4.3,1,0,1,4,2,0,0,1
U01016,bird,Mixed,0-3,email,mobile,Saturday,0,0,none,4.81,3,4.9,27.3,1,0,0,0,0,0,0,0
U01017,dog,Chihuahua,12-24,organic,desktop,Saturday,0,0,none,5.28,1,3.1,1.9,1,1,0,0,0,0,0,0
U01018,cat,Siamese,3-6,paid_ad,desktop,Sunday,0,0,seasonal,2.15,4,4.3,10.4,0,0,1,4,0,0,0,1
U01019,bird,Cockatiel,3-6,social_media,mobile,Monday,0,0,none,1.15,1,4.2,34.2,1,0,0,0,0,0,0,0
U01020,dog,Beagle,3-6,social_media,desktop,Thursday,0,0,seasonal,10.4,10,3.9,15.7,0,1,1,0,1,0,0,1
U01021,cat,Bengal,3-6,social_media,mobile,Saturday,1,0,awareness,6.9,3,4.0,53.7,1,1,0,0,0,0,0,0
U01022,dog,Golden Retriever,6-12,social_media,mobile,Monday,1,0,seasonal,3.42,4,4.6,7.5,1,1,1,1,3,0,0,1
U01023,bird,Mixed,3-6,paid_ad,mobile,Thursday,0,1,awareness,0.5,4,4.4,11.2,1,1,0,0,0,0,0,0
U01024,reptile,Bearded Dragon,3-6,referral,mobile,Sunday,0,0,none,9.51,1,3.8,6.8,1,0,1,3,3,0,0,1
U01025,bird,Parakeet,0-3,social_media,mobile,Thursday,0,0,awareness,6.52,6,3.4,15.9,1,1,1,1,2,0,0,1
U01026,cat,Maine Coon,0-3,paid_ad,tablet,Sunday,1,0,awareness,0.98,2,3.1,5.4,0,1,1,1,3,1,0,1
U01027,bird,Cockatiel,24+,paid_ad,mobile,Monday,0,0,none,0.5,1,4.4,4.7,1,1,0,0,0,0,0,0
U01028,rabbit,Mixed,6-12,referral,mobile,Saturday,1,0,none,2.69,1,4.4,20.2,1,0,0,0,0,0,0,0
U01029,dog,Golden Retriever,6-12,organic,mobile,Friday,1,0,none,1.52,6,3.6,55.7,1,1,1,1,2,0,0,1
U01030,rabbit,Mini Rex,6-12,email,desktop,Friday,1,1,none,2.0,3,4.9,2.8,1,1,1,4,1,1,1,0
U01031,dog,German Shepherd,6-12,organic,tablet,Sunday,1,0,awareness,0.59,2,4.3,31.0,1,1,1,6,3,0,0,1
U01032,cat,Ragdoll,3-6,paid_ad,desktop,Tuesday,1,0,none,23.91,3,4.3,41.3,0,0,1,4,2,1,1,0
U01033,dog,German Shepherd,0-3,organic,tablet,Sunday,0,0,retargeting,11.52,2,4.1,22.0,1,1,1,5,1,1,0,1
U01034,dog,Bulldog,3-6,email,desktop,Saturday,0,1,seasonal,0.94,5,4.3,7.5,1,1,1,1,2,0,0,1
U01035,dog,Golden Retriever,24+,social_media,tablet,Wednesday,0,0,none,13.6,2,5.0,1.0,1,1,0,0,0,0,0,0
U01036,cat,Mixed,6-12,social_media,desktop,Sunday,0,0,awareness,8.96,6,4.6,1.0,0,1,0,0,0,0,0,0
U01037,dog,Beagle,12-24,email,mobile,Thursday,0,1,none,1.79,1,3.8,13.6,0,0,1,3,3,1,1,0
U01038,cat,Siamese,0-3,paid_ad,mobile,Saturday,0,0,none,9.33,1,3.4,23.3,1,0,1,3,1,0,0,1
U01039,dog,Mixed,3-6,email,desktop,Thursday,1,0,retargeting,7.11,2,4.5,5.5,1,1,1,4,1,0,0,1
U01040,dog,German Shepherd,6-12,paid_ad,mobile,Sunday,0,0,none,8.59,3,4.8,8.8,1,0,1,3,0,1,1,0
U01041,cat,Sphynx,0-3,organic,mobile,Saturday,0,1,none,2.88,2,4.0,4.3,1,1,1,2,2,0,0,1
U01042,rabbit,Lionhead,0-3,social_media,desktop,Tuesday,0,1,none,4.17,4,4.8,25.1,0,0,0,0,0,1,1,0
U01043,dog,Mixed,0-3,social_media,tablet,Saturday,0,1,retargeting,2.24,3,4.1,24.1,1,1,0,0,0,1,0,0
U01044,cat,Persian,6-12,organic,mobile,Tuesday,0,1,awareness,2.23,1,3.4,19.8,1,1,1,0,0,1,1,0
U01045,bird,Mixed,12-24,email,desktop,Thursday,1,0,seasonal,5.03,7,3.9,28.1,1,1,0,0,0,0,0,0
U01046,cat,Maine Coon,0-3,email,desktop,Tuesday,0,0,seasonal,22.92,9,3.8,2.5,1,1,0,0,0,0,0,0
U01047,dog,Beagle,0-3,email,tablet,Monday,0,0,none,5.96,5,3.3,8.9,1,0,1,4,2,0,0,1
U01048,dog,Chihuahua,6-12,paid_ad,tablet,Tuesday,0,1,none,1.04,1,4.4,25.4,1,1,1,6,1,0,0,1
U01049,bird,Mixed,3-6,email,desktop,Friday,1,0,none,0.5,11,4.7,46.8,1,1,1,4,0,0,0,1
U01050,dog,Mixed,12-24,organic,mobile,Friday,0,1,awareness,8.66,3,3.4,24.6,1,1,1,0,6,1,1,0
U01051,bird,Canary,6-12,organic,mobile,Friday,1,0,awareness,1.59,1,4.5,33.6,1,1,1,2,3,0,0,1
U01052,cat,Ragdoll,0-3,email,mobile,Wednesday,0,1,none,1.72,4,3.3,1.0,1,1,0,0,0,0,0,0
U01053,bird,Cockatiel,0-3,organic,desktop,Saturday,0,0,none,9.68,5,3.7,21.3,1,0,0,0,0,0,0,0
U01054,rabbit,Lionhead,3-6,organic,desktop,Saturday,1,1,none,17.44,9,4.5,2.3,0,1,0,0,0,0,0,0
U01055,reptile,Leopard Gecko,3-6,social_media,desktop,Thursday,0,0,seasonal,8.27,4,3.8,20.4,0,1,0,0,0,1,1,0
U01056,dog,Bulldog,6-12,email,mobile,Sunday,1,0,seasonal,0.87,4,3.0,1.1,0,1,0,0,0,0,0,0
U01057,rabbit,Mini Rex,3-6,social_media,desktop,Saturday,0,0,none,2.98,8,4.6,5.2,1,1,1,3,3,0,0,1
U01058,cat,Sphynx,6-12,paid_ad,mobile,Saturday,1,0,none,6.48,10,3.4,17.2,1,0,1,1,1,0,0,1
U01059,cat,Maine Coon,24+,email,mobile,Wednesday,0,0,none,10.8,4,4.7,3.2,0,1,1,4,1,0,0,1
U01060,cat,Sphynx,12-24,social_media,mobile,Monday,1,1,seasonal,29.9,2,3.5,23.0,1,1,1,1,3,1,0,1
U01061,bird,Parakeet,6-12,paid_ad,mobile,Sunday,0,0,seasonal,2.51,3,3.5,1.4,1,1,0,0,0,0,0,0
U01062,reptile,Ball Python,6-12,email,desktop,Saturday,0,0,none,10.37,8,4.8,26.4,1,1,1,3,1,0,0,1
U01063,rabbit,Holland Lop,24+,email,mobile,Tuesday,1,0,none,0.5,1,3.7,12.7,1,1,1,7,0,0,0,1
U01064,cat,Ragdoll,24+,email,mobile,Thursday,1,0,none,1.53,3,4.3,1.0,1,1,0,0,0,0,0,0
U01065,cat,Mixed,0-3,organic,tablet,Saturday,0,1,awareness,3.02,1,3.7,4.4,1,1,0,0,0,0,0,0
U01066,cat,Sphynx,6-12,email,mobile,Saturday,0,1,retargeting,16.88,3,4.1,9.9,1,0,1,5,1,1,1,0
U01067,dog,German Shepherd,3-6,social_media,mobile,Sunday,0,1,awareness,0.5,6,4.5,15.4,1,0,1,3,4,0,0,1
U01068,dog,Mixed,0-3,referral,mobile,Tuesday,0,0,seasonal,1.68,5,4.8,16.8,1,1,1,2,0,0,0,1
U01069,dog,Poodle,24+,paid_ad,mobile,Thursday,0,0,none,12.13,2,4.3,33.8,1,1,1,1,0,1,0,1
U01070,dog,Golden Retriever,0-3,email,mobile,Monday,0,0,retargeting,1.67,4,3.8,8.6,1,1,0,0,0,0,0,0
U01071,dog,Chihuahua,0-3,organic,mobile,Thursday,0,0,none,1.16,1,3.8,1.0,1,1,0,0,0,0,0,0
U01072,dog,German Shepherd,6-12,organic,desktop,Monday,0,1,none,10.22,7,3.3,4.7,1,1,1,3,2,1,0,1
U01073,dog,Mixed,6-12,social_media,mobile,Sunday,0,0,retargeting,6.22,4,4.1,1.5,1,1,1,0,1,0,0,1
U01074,dog,Mixed,0-3,social_media,mobile,Friday,1,0,seasonal,2.91,2,4.7,27.3,1,0,1,6,5,0,0,1
U01075,reptile,Mixed,24+,organic,desktop,Sunday,0,1,retargeting,17.62,3,3.3,2.4,0,1,0,0,0,0,0,0
U01076,cat,Siamese,0-3,social_media,mobile,Monday,1,0,retargeting,1.03,1,3.5,6.7,0,1,1,1,2,0,0,1
U01077,dog,Golden Retriever,12-24,organic,tablet,Wednesday,0,0,retargeting,15.9,3,3.0,2.4,1,0,0,0,0,0,0,0
U01078,cat,Mixed,3-6,referral,mobile,Wednesday,0,1,none,6.41,5,4.1,10.9,0,1,1,2,4,0,0,1
U01079,dog,Bulldog,3-6,organic,mobile,Thursday,0,0,retargeting,2.09,2,3.1,3.3,1,1,1,2,1,1,1,0
U01080,bird,Parakeet,3-6,referral,desktop,Saturday,0,1,retargeting,9.87,7,4.2,21.6,0,1,1,2,0,0,0,1
U01081,rabbit,Mixed,0-3,referral,mobile,Thursday,1,0,awareness,0.5,4,3.6,10.1,1,1,0,0,0,0,0,0
U01082,dog,Mixed,6-12,social_media,mobile,Tuesday,0,0,awareness,0.64,7,4.6,10.3,0,1,0,0,0,0,0,0
U01083,cat,Persian,0-3,paid_ad,desktop,Monday,0,0,retargeting,20.74,8,4.1,45.3,1,1,0,0,0,0,0,0
U01084,bird,Cockatiel,12-24,social_media,mobile,Monday,1,0,retargeting,0.5,2,4.0,5.8,0,1,1,3,3,0,0,1
U01085,bird,Cockatiel,3-6,email,desktop,Saturday,1,0,none,0.5,5,3.5,7.2,1,0,1,2,1,1,1,0
U01086,cat,Ragdoll,3-6,social_media,tablet,Thursday,0,0,retargeting,3.2,1,4.9,13.4,1,1,1,1,2,0,0,1
U01087,cat,Sphynx,0-3,social_media,mobile,Saturday,0,0,retargeting,0.5,1,4.9,6.3,1,1,0,0,0,0,0,0
U01088,dog,Mixed,6-12,email,desktop,Saturday,0,0,none,15.51,5,4.5,26.5,0,1,0,0,0,0,0,0
U01089,reptile,Mixed,6-12,social_media,mobile,Tuesday,0,0,retargeting,8.96,1,3.6,11.9,1,1,1,10,2,0,0,1
U01090,dog,Beagle,0-3,email,tablet,Tuesday,0,0,none,4.28,3,4.6,1.0,0,1,1,2,3,1,1,0
U01091,bird,Mixed,12-24,organic,desktop,Saturday,0,1,none,3.33,2,4.4,5.8,1,0,0,0,0,0,0,0
U01092,cat,Sphynx,3-6,social_media,tablet,Saturday,1,1,awareness,5.03,2,3.4,10.4,0,1,1,3,0,0,0,1
U01093,cat,Ragdoll,3-6,organic,mobile,Thursday,0,0,seasonal,1.17,1,3.2,22.7,1,1,0,0,0,0,0,0
U01094,cat,Sphynx,0-3,organic,desktop,Monday,0,0,none,2.76,4,3.4,20.2,1,0,1,0,1,0,0,1
U01095,dog,Chihuahua,12-24,organic,mobile,Monday,1,0,retargeting,0.5,4,4.7,16.6,1,1,0,0,0,0,0,0
U01096,dog,Chihuahua,3-6,organic,mobile,Wednesday,0,0,awareness,2.69,6,3.3,26.9,0,1,0,0,0,0,0,0
U01097,dog,Labrador,3-6,organic,tablet,Monday,0,0,seasonal,6.15,5,4.6,3.6,1,0,1,3,1,0,0,1
U01098,dog,Mixed,12-24,paid_ad,mobile,Wednesday,1,0,retargeting,12.11,2,3.6,9.2,0,1,1,4,3,0,0,1
U01099,rabbit,Mixed,3-6,organic,tablet,Thursday,0,0,seasonal,6.72,4,4.4,11.7,0,0,1,3,0,0,0,1
U01100,dog,Mixed,6-12,email,mobile,Tuesday,0,0,retargeting,5.84,1,4.8,54.5,1,1,1,2,2,1,0,1
U01101,dog,Golden Retriever,24+,organic,desktop,Tuesday,0,1,retargeting,2.87,2,4.6,56.1,1,1,1,2,1,1,1,0
U01102,reptile,Mixed,6-12,paid_ad,mobile,Sunday,0,0,none,7.67,3,4.1,10.3,0,1,1,3,1,0,0,1
U01103,bird,Mixed,6-12,social_media,mobile,Friday,1,0,none,10.28,4,3.0,2.3,1,1,0,0,0,0,0,0
U01104,bird,Parakeet,12-24,social_media,mobile,Sunday,0,1,none,9.42,1,3.3,32.8,0,0,0,0,0,0,0,0
U01105,reptile,Bearded Dragon,0-3,social_media,desktop,Wednesday,0,1,retargeting,0.5,5,4.6,1.0,1,1,1,3,2,1,1,0
U01106,dog,Labrador,3-6,social_media,mobile,Saturday,0,0,none,4.22,3,3.2,9.0,1,1,0,0,0,0,0,0
U01107,dog,Labrador,12-24,email,desktop,Tuesday,1,1,none,8.04,3,4.9,10.3,0,0,1,4,1,1,1,0
U01108,rabbit,Lionhead,24+,organic,mobile,Friday,0,0,seasonal,1.22,1,4.9,2.4,1,1,1,3,1,1,1,0
U01109,cat,Ragdoll,6-12,referral,mobile,Tuesday,0,0,retargeting,22.21,3,3.6,7.0,1,1,1,3,2,1,0,1
U01110,dog,Bulldog,6-12,social_media,mobile,Monday,1,0,seasonal,1.57,3,3.1,16.7,1,1,1,5,0,1,1,0
U01111,rabbit,Mixed,6-12,social_media,mobile,Sunday,1,1,none,0.85,5,4.5,18.0,1,1,0,0,0,0,0,0
U01112,dog,Poodle,6-12,paid_ad,desktop,Friday,0,0,none,5.16,2,3.4,22.6,1,1,1,4,3,1,0,1
U01113,dog,Labrador,6-12,social_media,desktop,Sunday,0,0,none,3.04,3,4.5,12.8,1,1,0,0,0,0,0,0
U01114,cat,Maine Coon,24+,paid_ad,mobile,Wednesday,0,0,none,11.73,3,3.7,5.2,1,1,0,0,0,0,0,0
U01115,cat,Bengal,12-24,social_media,desktop,Wednesday,0,0,none,4.52,6,3.7,1.0,1,0,0,0,0,1,0,0
U01116,cat,Bengal,3-6,paid_ad,desktop,Thursday,1,0,none,4.12,9,4.2,14.0,1,1,0,0,0,0,0,0
U01117,dog,Mixed,0-3,organic,mobile,Saturday,0,0,none,4.47,4,3.3,12.4,1,1,0,0,0,0,0,0
U01118,bird,Mixed,6-12,paid_ad,mobile,Friday,0,0,awareness,0.5,6,4.9,15.1,0,1,1,1,3,0,0,1
U01119,dog,German Shepherd,12-24,paid_ad,mobile,Sunday,0,0,none,6.43,3,3.1,40.0,1,1,0,0,0,0,0,0
U01120,dog,Bulldog,12-24,organic,mobile,Monday,1,0,none,6.66,2,4.9,4.1,1,0,1,3,2,0,0,1
U01121,bird,Cockatiel,3-6,organic,mobile,Saturday,0,1,retargeting,2.25,2,3.6,18.4,1,1,0,0,0,0,0,0
U01122,reptile,Mixed,6-12,social_media,mobile,Wednesday,0,0,retargeting,10.91,4,4.3,3.4,1,1,1,4,0,0,0,1
U01123,bird,Parakeet,6-12,referral,desktop,Tuesday,1,0,retargeting,5.2,3,5.0,23.1,0,0,0,0,0,0,0,0
U01124,rabbit,Lionhead,0-3,organic,mobile,Friday,0,1,awareness,4.16,5,3.5,1.0,1,1,1,3,2,0,0,1
U01125,cat,Siamese,12-24,social_media,mobile,Friday,0,0,seasonal,11.75,1,4.0,4.7,1,0,1,3,3,0,0,1
U01126,cat,Sphynx,6-12,organic,mobile,Tuesday,0,0,seasonal,4.99,3,3.0,4.5,0,1,1,3,0,1,1,0
U01127,dog,Bulldog,6-12,social_media,mobile,Tuesday,0,0,awareness,2.57,1,3.4,28.3,1,1,1,2,1,0,0,1
U01128,cat,Persian,0-3,email,mobile,Thursday,0,0,awareness,0.5,3,3.3,11.9,1,1,0,0,0,0,0,0
U01129,dog,Labrador,6-12,referral,tablet,Thursday,0,0,none,8.47,4,4.5,8.0,0,1,1,7,2,1,1,0
U01130,dog,German Shepherd,12-24,social_media,mobile,Wednesday,0,0,retargeting,15.24,5,4.4,4.2,1,1,0,0,0,1,1,0
U01131,cat,Maine Coon,3-6,paid_ad,desktop,Tuesday,0,0,awareness,4.96,8,4.0,5.8,0,1,0,0,0,0,0,0
U01132,cat,Persian,24+,social_media,mobile,Monday,0,0,seasonal,1.89,1,3.0,19.2,0,1,0,0,0,0,0,0
U01133,dog,Chihuahua,12-24,organic,desktop,Sunday,0,0,awareness,5.71,5,3.4,28.5,0,1,0,0,0,0,0,0
U01134,dog,Bulldog,12-24,social_media,desktop,Sunday,0,1,seasonal,10.17,5,4.4,1.4,1,1,1,5,5,0,0,1
U01135,cat,Siamese,6-12,email,mobile,Friday,0,1,seasonal,0.5,2,3.0,1.0,1,1,1,1,0,0,0,1
U01136,dog,Beagle,3-6,referral,desktop,Sunday,1,0,seasonal,17.02,2,4.2,11.9,1,0,1,3,6,1,1,0
U01137,bird,Parakeet,3-6,paid_ad,mobile,Saturday,0,0,none,7.61,3,3.3,27.3,1,1,1,2,0,0,0,1
U01138,cat,Sphynx,6-12,organic,desktop,Monday,0,0,none,6.08,1,4.2,1.0,0,0,1,1,2,0,0,1
U01139,cat,Ragdoll,12-24,organic,mobile,Tuesday,1,0,retargeting,0.59,1,4.6,13.0,1,1,0,0,0,1,0,0
U01140,cat,Maine Coon,12-24,organic,tablet,Sunday,0,1,retargeting,7.24,3,4.7,25.3,1,1,1,4,3,0,0,1
U01141,rabbit,Mixed,3-6,referral,desktop,Saturday,1,0,none,0.89,1,3.9,1.8,1,0,1,5,3,1,1,0
U01142,dog,Bulldog,3-6,paid_ad,tablet,Sunday,1,0,retargeting,4.6,2,4.2,6.7,1,1,0,0,0,0,0,0
U01143,cat,Sphynx,6-12,paid_ad,mobile,Sunday,1,0,awareness,0.5,4,4.1,1.6,1,1,0,0,0,0,0,0
U01144,cat,Ragdoll,0-3,social_media,mobile,Thursday,1,0,none,4.05,1,4.1,1.0,1,1,0,0,0,0,0,0
U01145,dog,Bulldog,3-6,social_media,desktop,Monday,0,0,awareness,2.99,3,3.8,10.2,0,0,0,0,0,0,0,0
U01146,bird,Cockatiel,3-6,social_media,desktop,Tuesday,1,0,seasonal,10.67,1,4.6,16.4,0,1,1,2,1,0,0,1
U01147,rabbit,Mini Rex,12-24,organic,tablet,Monday,0,0,awareness,8.05,2,3.7,38.4,0,1,1,6,4,0,0,1
U01148,cat,Siamese,6-12,social_media,mobile,Tuesday,0,1,retargeting,29.51,1,4.2,5.5,1,0,1,1,3,0,0,1
U01149,bird,Cockatiel,0-3,organic,desktop,Thursday,1,0,none,1.79,2,3.9,4.5,0,1,1,3,2,0,0,1
U01150,bird,Lovebird,6-12,organic,mobile,Tuesday,0,1,retargeting,0.5,3,3.7,14.6,1,1,1,2,2,0,0,1
U01151,cat,Sphynx,12-24,paid_ad,mobile,Tuesday,1,1,seasonal,2.66,1,3.7,44.1,1,1,0,0,0,0,0,0
U01152,rabbit,Mixed,0-3,paid_ad,mobile,Thursday,0,0,awareness,0.5,4,3.9,3.1,1,1,1,2,1,0,0,1
U01153,cat,Bengal,6-12,social_media,mobile,Wednesday,0,0,none,0.89,1,3.8,1.9,1,1,1,3,2,0,0,1
U01154,cat,Mixed,12-24,social_media,tablet,Thursday,0,0,awareness,5.91,4,4.4,27.8,0,0,0,0,0,0,0,0
U01155,cat,Bengal,3-6,social_media,mobile,Thursday,0,0,seasonal,4.08,5,4.1,2.2,1,1,1,5,2,0,0,1
U01156,rabbit,Holland Lop,24+,paid_ad,desktop,Saturday,0,0,none,0.5,3,4.0,8.6,0,1,1,2,2,0,0,1
U01157,dog,Labrador,6-12,paid_ad,desktop,Sunday,0,0,awareness,4.56,5,3.3,22.8,1,1,0,0,0,0,0,0
U01158,bird,Parakeet,6-12,paid_ad,mobile,Tuesday,0,0,none,2.64,1,3.9,7.1,0,1,0,0,0,0,0,0
U01159,bird,Canary,3-6,paid_ad,mobile,Monday,1,1,awareness,1.09,5,4.0,15.7,1,1,1,1,3,1,0,1
U01160,dog,Labrador,12-24,organic,desktop,Sunday,0,1,awareness,16.04,5,4.4,23.6,1,1,1,5,3,0,0,1
U01161,rabbit,Mixed,6-12,social_media,mobile,Friday,1,0,seasonal,0.61,5,3.9,11.6,1,1,0,0,0,0,0,0
U01162,dog,Beagle,24+,social_media,desktop,Saturday,0,0,awareness,2.28,4,4.0,3.3,0,1,1,1,1,1,1,0
U01163,dog,German Shepherd,6-12,social_media,tablet,Tuesday,0,1,awareness,1.11,2,3.8,3.8,0,1,0,0,0,0,0,0
U01164,cat,Sphynx,6-12,paid_ad,mobile,Saturday,0,0,seasonal,0.56,2,5.0,61.7,1,0,0,0,0,0,0,0
U01165,dog,Labrador,6-12,social_media,mobile,Sunday,1,0,none,9.61,4,4.7,25.0,1,1,0,0,0,0,0,0
U01166,rabbit,Lionhead,6-12,organic,mobile,Saturday,0,0,retargeting,1.14,3,3.1,5.8,1,1,0,0,0,0,0,0
U01167,rabbit,Lionhead,12-24,social_media,desktop,Tuesday,0,1,retargeting,7.69,4,4.7,2.9,1,1,0,0,0,0,0,0
U01168,cat,Sphynx,0-3,referral,mobile,Sunday,1,0,none,2.54,2,3.7,5.0,1,1,1,1,2,0,0,1
U01169,dog,Mixed,6-12,organic,mobile,Saturday,0,0,none,4.6,2,3.7,25.8,1,0,0,0,0,0,0,0
U01170,dog,Beagle,3-6,email,mobile,Saturday,1,0,awareness,11.98,1,3.2,13.6,1,1,1,3,1,1,0,1
U01171,cat,Ragdoll,6-12,social_media,tablet,Monday,0,1,none,12.1,3,4.8,17.6,1,0,0,0,0,0,0,0
U01172,reptile,Leopard Gecko,3-6,organic,mobile,Saturday,0,1,none,0.5,2,4.8,16.0,1,1,0,0,0,0,0,0
U01173,cat,Ragdoll,0-3,social_media,mobile,Tuesday,0,0,seasonal,8.49,3,4.9,28.9,1,1,1,4,3,0,0,1
U01174,dog,Labrador,0-3,paid_ad,tablet,Wednesday,0,1,awareness,3.91,1,4.5,66.3,0,1,0,0,0,0,0,0
U01175,cat,Mixed,0-3,social_media,desktop,Friday,1,0,seasonal,3.36,3,3.2,14.9,1,0,1,1,2,0,0,1
U01176,cat,Siamese,3-6,paid_ad,desktop,Wednesday,1,0,none,8.7,6,3.1,13.9,1,1,0,0,0,0,0,0
U01177,rabbit,Lionhead,3-6,organic,desktop,Saturday,0,1,seasonal,18.0,7,4.8,1.8,1,1,1,4,2,1,1,0
U01178,dog,Mixed,0-3,organic,tablet,Friday,1,0,retargeting,0.64,1,4.1,38.2,0,1,1,0,1,0,0,1
U01179,rabbit,Dutch,12-24,referral,desktop,Tuesday,0,0,retargeting,8.77,5,3.5,1.0,1,1,1,7,1,0,0,1
U01180,cat,Bengal,12-24,social_media,desktop,Saturday,0,0,none,1.77,4,3.2,17.0,1,1,1,4,2,1,1,0
U01181,reptile,Mixed,24+,email,desktop,Sunday,0,1,awareness,2.87,3,3.3,20.4,0,1,1,4,2,1,1,0
U01182,dog,Mixed,12-24,paid_ad,desktop,Tuesday,0,1,awareness,16.15,6,3.3,6.1,1,1,1,3,3,1,0,1
U01183,cat,Maine Coon,12-24,social_media,mobile,Friday,0,1,retargeting,3.59,3,4.3,1.6,0,1,1,7,1,1,1,0
U01184,bird,Parakeet,12-24,paid_ad,mobile,Wednesday,0,0,retargeting,0.5,2,3.5,8.3,1,1,1,3,3,0,0,1
U01185,dog,Poodle,12-24,organic,desktop,Thursday,0,1,none,5.53,5,3.6,4.1,1,1,0,0,0,0,0,0
U01186,bird,Parakeet,6-12,organic,mobile,Wednesday,1,0,seasonal,5.46,1,4.2,13.5,1,1,1,6,2,1,1,0
U01187,cat,Siamese,0-3,organic,desktop,Thursday,1,0,seasonal,5.87,8,4.6,1.0,1,0,1,2,1,0,0,1
U01188,dog,Poodle,6-12,paid_ad,mobile,Monday,0,1,awareness,0.83,3,3.8,1.0,1,1,1,6,2,1,1,0
U01189,dog,Labrador,12-24,organic,desktop,Sunday,0,0,none,4.59,6,3.1,12.8,1,1,0,0,0,0,0,0
U01190,cat,Mixed,0-3,paid_ad,mobile,Friday,0,0,retargeting,11.75,3,4.3,2.2,0,0,0,0,0,0,0,0
U01191,dog,Bulldog,12-24,referral,desktop,Friday,1,0,awareness,8.37,4,4.4,6.7,1,0,1,1,2,0,0,1
U01192,cat,Maine Coon,0-3,social_media,desktop,Thursday,0,0,retargeting,10.21,5,3.7,31.2,0,1,1,2,4,1,1,0
U01193,dog,Beagle,0-3,social_media,mobile,Friday,0,0,retargeting,7.01,1,3.0,1.0,0,0,0,0,0,0,0,0
U01194,cat,Maine Coon,12-24,social_media,mobile,Thursday,1,0,none,0.5,1,4.1,2.4,0,0,1,3,3,0,0,1
U01195,dog,German Shepherd,6-12,social_media,mobile,Thursday,0,0,awareness,3.96,4,4.5,35.3,1,1,1,0,2,1,0,1
U01196,bird,Canary,12-24,social_media,mobile,Thursday,0,0,awareness,1.65,2,3.4,7.2,1,0,1,3,3,0,0,1
U01197,reptile,Bearded Dragon,6-12,email,mobile,Wednesday,0,1,seasonal,0.52,1,4.0,6.9,1,0,1,3,2,0,0,1
U01198,reptile,Leopard Gecko,3-6,referral,mobile,Tuesday,0,0,none,0.79,1,4.4,12.1,0,1,1,4,4,0,0,1
U01199,cat,Maine Coon,24+,referral,tablet,Friday,1,0,none,9.88,1,4.2,8.7,0,1,0,0,0,1,0,0
U01200,dog,Bulldog,24+,paid_ad,mobile,Sunday,0,0,seasonal,0.8,3,4.5,22.3,1,1,0,0,0,0,0,0
U01201,rabbit,Mini Rex,24+,paid_ad,desktop,Tuesday,0,1,none,2.25,5,3.8,5.0,1,0,1,3,3,1,0,1
U01202,dog,Chihuahua,12-24,social_media,mobile,Monday,0,0,retargeting,1.53,3,4.7,2.5,1,0,1,3,0,0,0,1
U01203,dog,Labrador,12-24,email,desktop,Wednesday,0,0,none,0.5,3,3.6,12.1,1,1,1,5,0,0,0,1
U01204,dog,Bulldog,3-6,paid_ad,mobile,Sunday,0,1,awareness,2.82,5,3.3,9.5,0,1,1,1,3,0,0,1
U01205,cat,Siamese,6-12,social_media,desktop,Saturday,0,0,awareness,11.33,1,4.6,6.7,1,0,0,0,0,0,0,0
U01206,rabbit,Lionhead,3-6,referral,desktop,Friday,0,1,awareness,0.5,5,3.0,7.1,0,1,0,0,0,0,0,0
U01207,cat,Mixed,3-6,social_media,desktop,Sunday,0,0,seasonal,0.93,9,4.9,36.2,0,1,1,7,0,0,0,1
U01208,cat,Maine Coon,12-24,email,mobile,Thursday,0,0,none,5.8,1,3.1,23.7,0,0,1,3,3,0,0,1
U01209,dog,Beagle,12-24,paid_ad,desktop,Sunday,0,0,none,7.02,4,4.6,3.3,1,0,0,0,0,0,0,0
U01210,reptile,Ball Python,24+,referral,mobile,Wednesday,1,0,awareness,4.4,1,3.2,8.8,1,0,1,4,2,0,0,1
U01211,cat,Persian,12-24,organic,mobile,Wednesday,0,1,awareness,1.19,1,3.6,21.0,0,0,1,4,2,0,0,1
U01212,cat,Siamese,3-6,paid_ad,mobile,Saturday,1,1,awareness,7.41,1,4.2,11.0,0,1,0,0,0,0,0,0
U01213,dog,Labrador,12-24,social_media,mobile,Thursday,0,1,none,2.97,4,3.3,40.7,0,1,0,0,0,0,0,0
U01214,rabbit,Mixed,0-3,organic,mobile,Friday,1,1,seasonal,3.3,9,3.2,18.6,1,1,0,0,0,0,0,0
U01215,cat,Mixed,0-3,paid_ad,desktop,Wednesday,0,1,awareness,0.75,7,4.9,2.3,1,0,1,5,1,0,0,1
U01216,dog,Bulldog,3-6,email,mobile,Friday,0,0,none,1.04,2,4.4,7.6,0,0,1,4,1,0,0,1
U01217,dog,Labrador,12-24,email,mobile,Wednesday,0,1,awareness,6.75,4,3.2,29.2,0,1,0,0,0,0,0,0
U01218,cat,Mixed,24+,social_media,mobile,Monday,0,0,none,1.15,1,4.0,7.7,0,1,1,2,2,0,0,1
U01219,cat,Mixed,6-12,social_media,desktop,Sunday,1,0,none,0.76,5,4.7,10.7,1,1,1,3,1,0,0,1
U01220,dog,Mixed,24+,email,desktop,Sunday,0,0,none,7.09,3,3.2,25.3,1,0,1,2,3,0,0,1
U01221,reptile,Mixed,6-12,social_media,mobile,Sunday,0,1,none,2.78,3,4.6,1.0,1,1,1,4,2,1,1,0
U01222,dog,Beagle,24+,organic,desktop,Saturday,1,0,none,7.3,7,4.7,1.2,1,0,1,3,2,0,0,1
U01223,cat,Siamese,3-6,referral,mobile,Saturday,0,1,awareness,4.38,3,3.7,4.6,1,0,1,3,0,1,0,1
U01224,bird,Mixed,24+,social_media,mobile,Friday,0,0,awareness,2.43,3,5.0,21.8,1,1,0,0,0,0,0,0
U01225,cat,Bengal,3-6,paid_ad,mobile,Tuesday,0,1,awareness,3.1,1,3.8,4.8,1,0,1,5,2,0,0,1
U01226,cat,Bengal,3-6,social_media,desktop,Tuesday,0,1,none,20.12,5,4.8,8.0,1,1,1,1,2,0,0,1
U01227,dog,German Shepherd,3-6,social_media,desktop,Wednesday,1,0,seasonal,5.95,2,4.8,6.3,1,0,0,0,0,0,0,0
U01228,dog,Labrador,0-3,social_media,mobile,Sunday,0,1,retargeting,4.37,5,4.4,24.2,1,1,0,0,0,0,0,0
U01229,reptile,Mixed,6-12,social_media,mobile,Tuesday,0,0,seasonal,1.09,3,3.0,14.0,0,1,0,0,0,0,0,0
U01230,cat,Maine Coon,6-12,social_media,mobile,Sunday,0,0,none,9.32,2,4.4,3.7,1,1,1,4,3,0,0,1
U01231,bird,Lovebird,12-24,social_media,desktop,Friday,0,1,retargeting,0.5,9,3.2,32.2,0,0,1,2,2,0,0,1
U01232,dog,Labrador,3-6,social_media,desktop,Saturday,0,0,none,6.35,4,3.1,1.0,0,1,0,0,0,0,0,0
U01233,dog,Chihuahua,24+,organic,mobile,Tuesday,0,0,retargeting,2.2,2,3.4,8.1,1,1,0,0,0,0,0,0
U01234,dog,Labrador,12-24,social_media,mobile,Wednesday,0,0,none,4.21,1,4.0,23.9,0,1,1,2,2,0,0,1
U01235,cat,Siamese,12-24,organic,desktop,Sunday,1,0,none,3.48,4,3.9,9.2,0,1,0,0,0,1,1,0
U01236,dog,Poodle,24+,organic,desktop,Wednesday,0,0,awareness,9.86,6,3.8,5.0,0,1,1,7,1,1,0,1
U01237,bird,Parakeet,0-3,referral,desktop,Wednesday,0,0,awareness,0.5,4,4.1,37.6,0,0,1,4,3,0,0,1
U01238,cat,Ragdoll,24+,email,desktop,Tuesday,0,1,awareness,4.06,3,3.5,16.5,1,1,1,2,2,0,0,1
U01239,reptile,Mixed,3-6,email,desktop,Tuesday,1,0,none,10.68,1,3.6,11.7,0,1,1,3,2,0,0,1
U01240,dog,Poodle,0-3,social_media,mobile,Wednesday,0,0,awareness,1.31,4,3.4,39.3,1,1,0,0,0,0,0,0
U01241,bird,Canary,3-6,referral,mobile,Saturday,1,1,seasonal,0.5,1,3.9,36.0,0,1,1,3,1,0,0,1
U01242,rabbit,Mixed,6-12,email,mobile,Thursday,1,1,seasonal,2.4,1,4.4,6.4,1,1,1,3,3,1,1,0
U01243,rabbit,Dutch,3-6,paid_ad,desktop,Friday,1,1,awareness,22.51,7,4.0,6.4,0,0,1,0,3,1,1,0
U01244,rabbit,Mixed,3-6,social_media,mobile,Tuesday,0,0,awareness,0.5,3,4.7,5.2,0,0,1,3,4,1,1,0
U01245,rabbit,Mixed,3-6,referral,mobile,Saturday,0,0,none,0.5,3,4.0,5.0,1,0,0,0,0,0,0,0
U01246,cat,Bengal,0-3,paid_ad,mobile,Saturday,0,0,none,4.11,1,3.4,2.3,1,1,1,3,1,0,0,1
U01247,dog,Beagle,12-24,paid_ad,mobile,Monday,1,0,none,1.31,2,4.0,15.4,0,1,0,0,0,0,0,0
U01248,dog,Beagle,3-6,organic,desktop,Thursday,1,1,awareness,4.12,7,3.7,5.3,0,1,1,2,0,0,0,1
U01249,bird,Lovebird,0-3,organic,mobile,Monday,1,0,retargeting,6.21,1,4.0,8.9,1,0,0,0,0,0,0,0
U01250,cat,Bengal,3-6,organic,mobile,Saturday,0,0,awareness,1.01,2,3.2,9.7,1,1,1,3,4,0,0,1
U01251,rabbit,Mixed,0-3,organic,desktop,Saturday,0,0,none,7.62,5,4.6,16.6,1,0,1,2,3,0,0,1
U01252,cat,Siamese,0-3,paid_ad,mobile,Sunday,0,0,awareness,3.19,4,3.7,26.2,0,0,1,4,1,1,0,1
U01253,dog,Bulldog,6-12,organic,desktop,Wednesday,0,0,none,18.36,11,3.0,52.1,1,0,1,4,2,1,1,0
U01254,dog,Mixed,3-6,organic,desktop,Thursday,0,1,retargeting,28.16,5,4.1,8.7,0,0,1,5,1,1,0,1
U01255,cat,Persian,6-12,organic,tablet,Tuesday,0,0,none,4.31,3,4.4,28.8,0,0,1,5,1,0,0,1
U01256,cat,Siamese,6-12,organic,desktop,Thursday,1,0,awareness,6.85,12,3.1,11.4,1,0,0,0,0,0,0,0
U01257,dog,Golden Retriever,0-3,organic,mobile,Friday,0,0,retargeting,6.23,1,3.7,40.8,1,1,0,0,0,0,0,0
U01258,cat,Siamese,6-12,paid_ad,desktop,Monday,1,0,none,2.99,4,4.0,21.4,1,1,1,3,4,1,0,1
U01259,dog,German Shepherd,6-12,email,mobile,Saturday,1,0,none,1.17,2,4.0,17.4,1,1,0,0,0,0,0,0
U01260,cat,Bengal,6-12,organic,mobile,Friday,0,0,awareness,15.21,5,3.1,8.1,1,1,1,4,2,0,0,1
U01261,dog,Mixed,3-6,social_media,mobile,Saturday,0,0,none,2.58,4,4.3,5.4,1,1,0,0,0,0,0,0
U01262,rabbit,Dutch,0-3,social_media,mobile,Wednesday,0,1,awareness,0.5,1,3.2,24.7,1,1,0,0,0,0,0,0
U01263,dog,Chihuahua,3-6,organic,desktop,Sunday,0,0,retargeting,14.18,7,3.7,13.0,1,1,1,2,1,0,0,1
U01264,cat,Mixed,6-12,email,mobile,Sunday,0,0,none,4.17,2,4.0,1.2,1,1,0,0,0,0,0,0
U01265,dog,Chihuahua,0-3,paid_ad,desktop,Sunday,0,0,awareness,1.44,4,4.5,8.6,1,1,1,3,2,0,0,1
U01266,dog,German Shepherd,24+,paid_ad,mobile,Saturday,1,0,seasonal,0.5,5,3.7,2.4,0,0,1,3,2,0,0,1
U01267,dog,Golden Retriever,3-6,paid_ad,mobile,Saturday,0,0,awareness,1.57,4,4.6,1.0,1,1,1,1,3,0,0,1
U01268,cat,Siamese,3-6,organic,tablet,Friday,1,0,seasonal,17.09,3,4.5,72.7,1,1,0,0,0,0,0,0
U01269,cat,Ragdoll,3-6,referral,mobile,Tuesday,1,0,none,12.33,6,3.8,11.7,1,0,1,5,4,0,0,1
U01270,dog,Labrador,12-24,paid_ad,desktop,Saturday,0,0,retargeting,2.91,5,4.8,25.1,0,1,1,1,3,1,1,0
U01271,cat,Bengal,24+,referral,mobile,Saturday,0,0,retargeting,8.22,4,4.9,9.0,1,1,0,0,0,0,0,0
U01272,bird,Canary,12-24,organic,mobile,Sunday,1,0,seasonal,2.04,4,3.5,15.1,1,1,1,1,2,0,0,1
U01273,rabbit,Holland Lop,12-24,referral,mobile,Friday,0,0,none,3.72,1,4.6,69.7,1,1,1,1,0,0,0,1
U01274,dog,Chihuahua,3-6,paid_ad,desktop,Wednesday,0,1,none,3.18,6,3.6,15.9,1,1,1,5,1,0,0,1
U01275,cat,Sphynx,12-24,paid_ad,mobile,Saturday,1,0,none,3.3,4,4.4,2.7,0,0,1,3,1,0,0,1
U01276,dog,Labrador,3-6,organic,mobile,Sunday,0,0,seasonal,1.58,4,4.3,23.2,1,1,1,1,0,0,0,1
U01277,dog,German Shepherd,3-6,paid_ad,mobile,Tuesday,1,1,awareness,0.5,4,4.6,39.8,0,1,1,6,3,0,0,1
U01278,reptile,Leopard Gecko,0-3,referral,desktop,Wednesday,0,0,seasonal,0.9,1,3.4,5.8,0,0,0,0,0,0,0,0
U01279,dog,Beagle,6-12,email,desktop,Friday,0,0,none,2.68,2,4.9,3.8,1,1,1,3,1,0,0,1
U01280,cat,Sphynx,12-24,email,desktop,Tuesday,1,1,none,29.17,8,3.9,4.6,0,1,1,3,2,0,0,1
U01281,cat,Sphynx,6-12,referral,mobile,Monday,1,0,none,15.34,3,3.0,2.7,1,1,0,0,0,1,0,0
U01282,cat,Maine Coon,3-6,social_media,desktop,Wednesday,0,1,awareness,13.71,5,4.5,3.6,1,0,1,3,1,1,1,0
U01283,cat,Persian,6-12,email,desktop,Sunday,1,0,retargeting,2.06,5,4.9,17.5,1,0,1,2,3,1,1,0
U01284,dog,Poodle,6-12,social_media,desktop,Monday,1,0,none,4.54,7,4.9,6.9,1,1,1,6,3,1,1,0
U01285,dog,Bulldog,6-12,referral,desktop,Thursday,0,0,seasonal,4.52,3,3.7,32.6,0,1,0,0,0,0,0,0
U01286,cat,Mixed,3-6,organic,desktop,Saturday,0,0,none,3.82,1,3.0,6.7,1,1,1,1,3,0,0,1
U01287,dog,Bulldog,0-3,social_media,mobile,Sunday,0,0,retargeting,0.5,1,3.7,37.6,1,1,1,2,3,0,0,1
U01288,dog,Chihuahua,0-3,email,desktop,Sunday,0,0,retargeting,5.96,9,4.8,2.1,0,0,1,3,1,0,0,1
U01289,dog,Poodle,24+,paid_ad,tablet,Thursday,0,0,none,0.5,3,4.7,1.0,1,1,1,4,4,0,0,1
U01290,dog,Beagle,12-24,email,mobile,Sunday,0,0,none,7.37,4,3.8,22.9,1,0,1,2,3,1,0,1
U01291,dog,Bulldog,3-6,referral,mobile,Monday,0,0,none,5.35,6,3.3,21.9,1,1,1,3,1,0,0,1
U01292,dog,Poodle,0-3,referral,tablet,Saturday,1,1,none,2.83,2,4.3,18.0,1,0,1,1,2,0,0,1
U01293,cat,Persian,3-6,organic,mobile,Saturday,1,1,seasonal,4.74,5,4.3,8.2,1,1,1,3,1,0,0,1
U01294,cat,Maine Coon,6-12,social_media,desktop,Wednesday,0,1,seasonal,2.07,4,4.3,3.3,0,1,1,1,3,1,1,0
U01295,rabbit,Lionhead,0-3,organic,mobile,Friday,1,0,retargeting,1.08,7,3.3,3.9,1,0,0,0,0,0,0,0
U01296,dog,German Shepherd,12-24,social_media,mobile,Tuesday,0,0,retargeting,1.72,3,4.6,24.2,0,1,1,2,1,1,1,0
U01297,dog,Bulldog,12-24,social_media,mobile,Sunday,0,0,none,7.26,3,3.1,42.5,1,1,0,0,0,0,0,0
U01298,dog,Mixed,6-12,referral,mobile,Thursday,0,0,none,1.08,1,4.9,45.3,1,1,1,2,0,1,0,1
U01299,cat,Bengal,12-24,paid_ad,mobile,Friday,1,0,retargeting,3.76,3,4.8,7.0,0,1,1,7,1,1,0,1
U01300,cat,Bengal,6-12,organic,mobile,Tuesday,1,0,awareness,1.02,3,5.0,15.8,1,0,1,2,1,1,1,0
U01301,dog,German Shepherd,0-3,organic,desktop,Tuesday,1,0,retargeting,2.62,5,4.2,5.5,1,1,0,0,0,0,0,0
U01302,bird,Lovebird,6-12,email,tablet,Sunday,1,0,retargeting,1.34,1,4.2,28.8,1,1,0,0,0,0,0,0
U01303,dog,Poodle,6-12,social_media,mobile,Saturday,0,0,awareness,4.71,2,3.8,13.5,0,0,1,4,1,0,0,1
U01304,cat,Ragdoll,6-12,organic,mobile,Sunday,1,0,none,3.4,6,3.2,29.6,1,1,0,0,0,0,0,0
U01305,cat,Persian,3-6,paid_ad,mobile,Wednesday,0,0,retargeting,5.81,1,4.5,20.6,1,1,1,4,1,0,0,1
U01306,bird,Cockatiel,3-6,referral,mobile,Tuesday,0,0,awareness,0.87,3,4.0,4.2,1,1,0,0,0,0,0,0
U01307,cat,Siamese,24+,social_media,mobile,Friday,1,0,retargeting,0.5,4,3.7,1.0,1,1,0,0,0,0,0,0
U01308,rabbit,Mini Rex,24+,paid_ad,mobile,Friday,1,1,awareness,3.99,3,4.8,61.3,1,0,0,0,0,0,0,0
U01309,dog,Poodle,24+,social_media,mobile,Tuesday,0,0,none,0.56,1,3.0,9.1,1,1,1,2,3,0,0,1
U01310,rabbit,Holland Lop,3-6,paid_ad,mobile,Saturday,0,1,none,0.99,3,4.0,4.8,1,0,1,5,1,1,0,1
U01311,dog,German Shepherd,12-24,social_media,mobile,Thursday,0,0,retargeting,1.66,1,4.3,25.0,1,0,1,3,3,1,1,0
U01312,bird,Mixed,24+,organic,desktop,Tuesday,0,0,awareness,8.24,5,3.0,2.8,0,0,0,0,0,0,0,0
U01313,cat,Siamese,24+,referral,mobile,Wednesday,0,0,awareness,4.47,3,4.5,10.6,1,1,0,0,0,0,0,0
U01314,rabbit,Holland Lop,3-6,social_media,desktop,Friday,0,1,awareness,1.22,1,3.3,8.2,1,1,1,4,4,0,0,1
U01315,cat,Persian,3-6,paid_ad,tablet,Saturday,0,0,awareness,5.92,2,4.7,2.0,1,1,1,1,1,0,0,1
U01316,cat,Persian,6-12,social_media,tablet,Friday,1,0,none,8.0,2,4.5,16.9,0,1,1,3,3,1,1,0
U01317,cat,Bengal,12-24,organic,tablet,Friday,1,0,none,3.2,5,3.3,32.2,0,0,1,3,1,0,0,1
U01318,cat,Bengal,6-12,organic,mobile,Tuesday,0,0,none,1.28,3,4.1,39.6,1,1,1,2,1,0,0,1
U01319,dog,Bulldog,12-24,social_media,mobile,Sunday,1,0,none,5.17,3,4.5,12.2,1,1,0,0,0,1,0,0
U01320,dog,Labrador,6-12,email,mobile,Sunday,0,0,awareness,4.29,2,3.1,1.0,1,1,1,4,3,1,0,1
U01321,dog,Golden Retriever,12-24,social_media,desktop,Saturday,0,0,none,0.63,3,4.1,7.3,1,1,0,0,0,0,0,0
U01322,dog,Labrador,3-6,email,desktop,Monday,0,0,none,8.57,3,3.1,12.0,1,1,1,2,3,1,0,1
U01323,bird,Mixed,12-24,email,desktop,Friday,0,1,none,4.02,5,4.2,51.8,1,1,1,5,2,1,1,0
U01324,dog,German Shepherd,12-24,paid_ad,mobile,Friday,0,0,none,6.37,6,4.8,8.8,1,1,1,3,0,1,1,0
U01325,reptile,Leopard Gecko,3-6,social_media,desktop,Sunday,0,0,seasonal,1.27,5,3.8,6.5,1,1,0,0,0,0,0,0
U01326,dog,Golden Retriever,12-24,referral,mobile,Sunday,0,1,none,1.36,1,3.9,38.4,0,1,1,3,2,1,0,1
U01327,dog,Labrador,0-3,social_media,mobile,Sunday,0,0,awareness,3.57,4,5.0,8.7,1,1,1,3,1,0,0,1
U01328,rabbit,Mini Rex,12-24,social_media,desktop,Monday,1,0,none,3.94,5,3.9,46.9,0,1,0,0,0,0,0,0
U01329,cat,Ragdoll,12-24,organic,mobile,Sunday,0,0,retargeting,2.22,1,3.6,5.7,1,1,0,0,0,0,0,0
U01330,cat,Mixed,12-24,social_media,tablet,Friday,1,0,seasonal,8.91,4,5.0,20.5,0,1,1,2,1,0,0,1
U01331,cat,Ragdoll,3-6,organic,mobile,Saturday,0,0,awareness,3.78,3,4.4,27.8,1,0,0,0,0,0,0,0
U01332,cat,Bengal,0-3,email,desktop,Thursday,1,1,retargeting,9.66,5,4.2,32.7,0,1,1,2,2,0,0,1
U01333,dog,Bulldog,0-3,organic,mobile,Wednesday,0,0,none,0.76,2,4.3,5.3,0,0,0,0,0,0,0,0
U01334,reptile,Leopard Gecko,0-3,social_media,desktop,Thursday,1,0,none,7.83,3,4.6,62.0,0,1,1,5,3,0,0,1
U01335,reptile,Bearded Dragon,6-12,paid_ad,desktop,Tuesday,1,1,none,3.71,6,3.1,20.4,1,1,1,4,2,1,1,0
U01336,cat,Persian,3-6,social_media,tablet,Thursday,0,1,none,0.5,6,3.4,2.5,1,1,1,6,0,1,1,0
U01337,dog,Beagle,12-24,organic,mobile,Sunday,1,0,none,1.22,2,3.1,21.4,1,0,1,3,3,1,0,1
U01338,cat,Mixed,0-3,organic,tablet,Monday,0,1,none,0.5,4,3.6,26.9,1,1,1,5,4,1,0,1
U01339,dog,Mixed,6-12,paid_ad,mobile,Tuesday,1,0,awareness,2.78,1,4.5,3.0,0,0,0,0,0,0,0,0
U01340,dog,Poodle,24+,organic,mobile,Tuesday,0,1,retargeting,1.79,8,3.8,2.8,0,0,0,0,0,0,0,0
U01341,dog,Golden Retriever,24+,social_media,mobile,Thursday,0,1,none,19.92,1,4.4,2.1,1,1,1,1,3,1,0,1
U01342,cat,Maine Coon,12-24,social_media,desktop,Sunday,0,0,none,15.82,9,3.6,10.3,0,0,1,5,3,1,0,1
U01343,bird,Canary,3-6,email,mobile,Tuesday,0,0,awareness,6.11,1,5.0,18.9,0,1,0,0,0,0,0,0
U01344,cat,Siamese,6-12,email,desktop,Tuesday,0,0,awareness,5.42,7,3.2,7.1,1,1,0,0,0,0,0,0
U01345,cat,Sphynx,0-3,paid_ad,desktop,Sunday,1,0,none,12.84,3,4.2,1.0,1,1,0,0,0,0,0,0
U01346,cat,Siamese,6-12,organic,mobile,Sunday,0,0,none,1.41,2,4.2,6.7,1,1,0,0,0,0,0,0
U01347,dog,Mixed,3-6,organic,tablet,Monday,1,1,awareness,5.35,4,4.5,18.2,1,1,1,2,3,0,0,1
U01348,dog,Golden Retriever,3-6,organic,mobile,Saturday,0,0,none,2.27,5,3.0,1.5,1,1,0,0,0,0,0,0
U01349,reptile,Bearded Dragon,6-12,organic,desktop,Saturday,0,0,seasonal,1.13,6,3.5,12.2,1,1,1,7,1,0,0,1
U01350,dog,Bulldog,0-3,organic,mobile,Saturday,0,1,none,0.5,2,3.9,13.9,0,1,0,0,0,0,0,0
U01351,bird,Cockatiel,3-6,social_media,mobile,Friday,1,0,none,2.86,2,4.1,15.8,1,1,1,2,1,0,0,1
U01352,cat,Siamese,3-6,social_media,mobile,Sunday,0,0,awareness,0.5,4,3.1,6.4,1,1,0,0,0,0,0,0
U01353,cat,Mixed,6-12,email,mobile,Monday,0,0,seasonal,5.76,2,4.6,39.3,0,1,0,0,0,0,0,0
U01354,cat,Bengal,6-12,social_media,mobile,Wednesday,0,0,awareness,11.58,5,3.3,79.4,0,1,1,5,2,0,0,1
U01355,cat,Siamese,3-6,paid_ad,mobile,Thursday,0,0,none,0.8,4,4.2,27.2,0,1,1,4,1,0,0,1
U01356,bird,Parakeet,12-24,social_media,mobile,Thursday,1,1,none,2.23,2,3.7,1.7,0,1,0,0,0,0,0,0
U01357,bird,Parakeet,6-12,organic,mobile,Sunday,0,0,awareness,4.7,1,4.0,4.7,1,0,1,2,3,0,0,1
U01358,cat,Sphynx,12-24,social_media,mobile,Friday,0,0,none,1.54,6,3.1,3.4,1,0,1,3,3,0,0,1
U01359,dog,German Shepherd,6-12,organic,desktop,Monday,0,0,awareness,19.78,10,4.7,1.0,0,0,1,0,0,0,0,1
U01360,cat,Bengal,3-6,organic,desktop,Thursday,0,0,awareness,17.11,4,3.6,34.0,1,1,0,0,0,0,0,0
U01361,bird,Parakeet,3-6,social_media,desktop,Thursday,0,0,none,0.66,3,3.6,3.1,1,1,1,1,4,0,0,1
U01362,dog,Beagle,3-6,referral,desktop,Sunday,0,0,none,0.5,3,3.9,7.1,1,1,1,4,1,1,1,0
U01363,cat,Bengal,12-24,paid_ad,desktop,Friday,0,1,retargeting,29.24,1,3.5,7.1,0,1,1,2,0,0,0,1
U01364,cat,Ragdoll,12-24,organic,desktop,Saturday,0,0,awareness,24.45,6,4.2,22.5,1,0,0,0,0,0,0,0
U01365,cat,Bengal,0-3,paid_ad,mobile,Saturday,0,0,retargeting,2.5,2,4.7,8.9,1,1,0,0,0,0,0,0
U01366,dog,Bulldog,12-24,paid_ad,desktop,Saturday,0,0,none,0.5,10,3.9,7.0,0,0,1,5,4,1,1,0
U01367,cat,Bengal,12-24,email,mobile,Saturday,0,1,retargeting,4.39,6,3.2,4.6,1,1,0,0,0,0,0,0
U01368,bird,Mixed,6-12,paid_ad,desktop,Wednesday,0,0,none,2.08,1,4.8,11.2,1,1,0,0,0,0,0,0
U01369,dog,Golden Retriever,12-24,social_media,desktop,Sunday,0,0,none,21.53,6,4.0,1.8,1,1,0,0,0,0,0,0
U01370,dog,German Shepherd,24+,organic,mobile,Saturday,0,0,retargeting,7.2,2,4.9,14.4,0,1,0,0,0,0,0,0
U01371,reptile,Ball Python,6-12,social_media,desktop,Saturday,1,0,retargeting,6.29,7,4.7,26.0,0,1,0,0,0,0,0,0
U01372,dog,German Shepherd,12-24,social_media,mobile,Sunday,0,0,none,1.52,2,4.7,39.4,1,1,0,0,0,0,0,0
U01373,bird,Parakeet,24+,social_media,mobile,Saturday,0,1,retargeting,4.23,3,3.2,15.0,1,0,1,2,2,0,0,1
U01374,cat,Siamese,3-6,email,mobile,Saturday,0,1,retargeting,1.55,2,4.0,25.9,1,0,0,0,0,0,0,0
U01375,dog,Mixed,3-6,referral,desktop,Sunday,0,0,none,0.5,7,4.7,3.8,1,1,1,2,2,0,0,1
U01376,bird,Parakeet,6-12,referral,desktop,Tuesday,1,0,seasonal,4.26,7,4.6,10.8,0,1,0,0,0,0,0,0
U01377,cat,Sphynx,6-12,paid_ad,desktop,Friday,0,0,awareness,5.23,1,4.0,5.0,1,1,1,4,1,1,1,0
U01378,cat,Maine Coon,3-6,paid_ad,mobile,Friday,0,0,awareness,6.55,1,5.0,100.0,1,1,1,1,2,0,0,1
U01379,dog,Golden Retriever,6-12,referral,mobile,Wednesday,1,0,awareness,9.13,5,4.8,7.1,1,1,0,0,0,0,0,0
U01380,cat,Siamese,12-24,organic,desktop,Sunday,1,0,awareness,3.41,6,3.8,3.8,1,1,1,3,1,0,0,1
U01381,dog,Beagle,0-3,organic,mobile,Saturday,1,0,retargeting,2.72,3,3.5,22.2,1,1,0,0,0,0,0,0
U01382,dog,German Shepherd,3-6,social_media,desktop,Saturday,0,0,none,4.96,8,3.8,9.2,0,0,0,0,0,0,0,0
U01383,reptile,Ball Python,24+,paid_ad,mobile,Sunday,1,0,none,1.37,3,3.6,2.0,1,1,1,4,1,1,1,0
U01384,dog,Bulldog,12-24,social_media,mobile,Wednesday,0,0,seasonal,6.19,3,4.3,23.3,1,1,1,2,2,0,0,1
U01385,cat,Persian,24+,paid_ad,mobile,Saturday,0,0,retargeting,3.36,6,4.4,9.9,1,1,0,0,0,0,0,0
U01386,dog,German Shepherd,6-12,organic,desktop,Friday,0,0,none,19.13,7,3.3,23.3,0,0,0,0,0,0,0,0
U01387,rabbit,Holland Lop,6-12,organic,mobile,Wednesday,0,0,none,3.68,3,3.6,20.9,1,1,1,3,1,0,0,1
U01388,dog,Bulldog,0-3,paid_ad,mobile,Tuesday,0,0,retargeting,1.08,2,4.9,12.7,1,0,0,0,0,0,0,0
U01389,reptile,Leopard Gecko,3-6,organic,mobile,Sunday,1,1,none,0.63,5,4.3,19.1,0,1,0,0,0,0,0,0
U01390,cat,Sphynx,3-6,social_media,mobile,Friday,0,0,awareness,2.12,4,4.4,29.1,1,1,1,3,3,1,0,1
U01391,dog,Poodle,0-3,organic,mobile,Saturday,1,0,none,1.94,1,3.1,8.9,1,1,0,0,0,0,0,0
U01392,dog,Golden Retriever,3-6,social_media,mobile,Friday,0,0,awareness,2.38,2,3.8,46.9,0,1,0,0,0,0,0,0
U01393,dog,Beagle,3-6,paid_ad,desktop,Tuesday,0,0,none,1.58,1,4.9,3.0,1,1,1,1,2,1,1,0
U01394,cat,Persian,3-6,social_media,mobile,Wednesday,0,0,awareness,17.41,3,4.6,52.4,1,0,0,0,0,0,0,0
U01395,dog,Poodle,6-12,email,desktop,Thursday,0,0,retargeting,1.23,5,4.6,4.0,1,1,1,4,1,0,0,1
U01396,rabbit,Mixed,6-12,organic,desktop,Sunday,0,0,awareness,6.34,5,4.8,10.6,0,0,0,0,0,0,0,0
U01397,cat,Mixed,6-12,paid_ad,mobile,Monday,0,0,none,0.5,4,3.4,9.5,0,0,1,4,2,0,0,1
U01398,dog,Beagle,0-3,social_media,mobile,Sunday,0,0,none,2.38,3,5.0,1.0,0,1,1,0,1,1,0,1
U01399,cat,Maine Coon,24+,email,desktop,Sunday,0,0,none,2.89,4,3.9,3.2,1,1,1,2,1,0,0,1
U01400,cat,Mixed,12-24,paid_ad,mobile,Sunday,1,0,awareness,2.19,6,4.7,26.6,1,1,1,2,1,1,1,0
U01401,dog,Chihuahua,6-12,organic,mobile,Thursday,0,0,awareness,3.14,7,3.6,4.8,1,1,0,0,0,0,0,0
U01402,dog,Labrador,12-24,paid_ad,mobile,Sunday,0,1,none,4.17,4,4.3,1.0,1,1,1,3,1,0,0,1
U01403,dog,Bulldog,12-24,email,desktop,Thursday,0,0,retargeting,6.83,6,3.1,26.1,1,1,1,6,2,0,0,1
U01404,cat,Ragdoll,3-6,social_media,desktop,Monday,0,1,retargeting,7.77,2,4.9,45.6,0,1,0,0,0,0,0,0
U01405,cat,Sphynx,3-6,organic,tablet,Wednesday,1,0,awareness,12.1,6,3.2,11.4,1,1,1,6,5,0,0,1
U01406,cat,Persian,0-3,referral,desktop,Sunday,1,0,none,16.99,2,4.4,13.7,1,1,0,0,0,0,0,0
U01407,rabbit,Dutch,6-12,paid_ad,mobile,Monday,1,0,retargeting,4.68,1,3.0,1.8,1,0,1,3,3,0,0,1
U01408,rabbit,Dutch,12-24,organic,mobile,Friday,0,0,retargeting,0.5,1,4.0,44.2,0,0,1,2,1,1,0,1
U01409,cat,Mixed,0-3,social_media,mobile,Monday,1,1,seasonal,14.8,1,3.6,3.6,0,0,1,3,2,1,0,1
U01410,bird,Cockatiel,6-12,paid_ad,mobile,Wednesday,0,0,none,10.31,3,3.5,12.0,1,1,0,0,0,0,0,0
U01411,dog,Mixed,12-24,email,mobile,Monday,0,0,seasonal,5.66,4,4.4,50.3,1,0,1,1,2,0,0,1
U01412,dog,Bulldog,6-12,paid_ad,mobile,Sunday,0,0,none,3.32,2,3.9,8.9,1,1,0,0,0,0,0,0
U01413,dog,German Shepherd,6-12,social_media,mobile,Friday,1,0,awareness,1.31,2,3.6,1.5,1,1,1,7,0,0,0,1
U01414,dog,Golden Retriever,6-12,paid_ad,mobile,Sunday,0,0,awareness,6.42,5,3.9,3.6,1,1,0,0,0,0,0,0
U01415,cat,Ragdoll,3-6,social_media,mobile,Saturday,0,1,awareness,9.57,2,3.6,1.1,1,1,0,0,0,0,0,0
U01416,bird,Cockatiel,3-6,organic,tablet,Sunday,1,0,awareness,5.47,5,3.8,7.8,0,1,1,3,1,0,0,1
U01417,dog,Bulldog,3-6,email,desktop,Friday,0,0,none,7.74,8,3.3,13.3,0,1,0,0,0,0,0,0
U01418,dog,Beagle,6-12,referral,tablet,Saturday,0,0,seasonal,1.39,4,4.8,8.9,0,1,0,0,0,0,0,0
U01419,cat,Siamese,6-12,social_media,mobile,Friday,0,1,awareness,2.01,1,3.8,6.3,1,1,1,5,2,1,1,0
U01420,bird,Canary,3-6,social_media,mobile,Friday,0,1,seasonal,4.49,2,3.9,2.7,1,0,1,3,0,0,0,1
U01421,dog,Chihuahua,3-6,email,mobile,Sunday,1,0,none,0.5,1,4.5,18.0,1,1,0,0,0,1,1,0
U01422,cat,Persian,24+,social_media,mobile,Saturday,0,1,awareness,4.66,5,3.2,50.3,0,1,0,0,0,0,0,0
U01423,dog,Bulldog,0-3,paid_ad,mobile,Saturday,1,0,awareness,6.62,2,3.4,6.0,0,0,1,4,4,0,0,1
U01424,dog,German Shepherd,6-12,paid_ad,tablet,Saturday,0,0,awareness,2.65,3,3.3,11.0,1,1,1,3,2,0,0,1
U01425,reptile,Leopard Gecko,6-12,organic,tablet,Tuesday,1,0,retargeting,0.5,5,4.0,2.7,0,1,0,0,0,1,0,0
U01426,reptile,Ball Python,0-3,referral,mobile,Saturday,0,0,none,5.98,4,4.2,1.2,1,0,1,4,1,0,0,1
U01427,dog,Chihuahua,0-3,paid_ad,mobile,Tuesday,1,0,none,0.7,4,4.4,2.7,1,0,1,3,2,1,0,1
U01428,reptile,Leopard Gecko,12-24,paid_ad,mobile,Friday,0,0,retargeting,1.62,1,4.9,1.5,1,1,1,2,1,1,0,1
U01429,cat,Sphynx,6-12,email,mobile,Saturday,1,0,awareness,5.59,4,3.2,14.4,1,1,1,2,0,1,1,0
U01430,bird,Canary,0-3,paid_ad,mobile,Sunday,0,0,none,5.94,3,4.3,16.0,0,1,1,4,0,0,0,1
U01431,cat,Ragdoll,3-6,organic,mobile,Monday,0,0,awareness,9.02,2,4.5,98.2,1,1,0,0,0,0,0,0
U01432,cat,Maine Coon,3-6,social_media,mobile,Monday,0,1,awareness,3.44,5,4.3,71.9,1,0,1,4,1,0,0,1
U01433,cat,Siamese,6-12,paid_ad,mobile,Monday,1,0,retargeting,2.94,3,4.7,8.7,0,1,0,0,0,0,0,0
U01434,cat,Persian,3-6,organic,mobile,Thursday,0,0,none,8.58,2,4.0,3.9,1,0,1,0,1,0,0,1
U01435,dog,Golden Retriever,12-24,organic,mobile,Saturday,0,0,awareness,3.77,3,4.6,10.1,1,1,1,0,4,1,1,0
U01436,dog,Mixed,3-6,paid_ad,mobile,Sunday,1,1,awareness,3.93,3,3.1,34.2,1,1,1,4,1,0,0,1
U01437,dog,German Shepherd,6-12,paid_ad,tablet,Saturday,1,0,retargeting,3.7,4,4.3,17.2,1,0,1,3,1,0,0,1
U01438,cat,Sphynx,3-6,organic,mobile,Sunday,0,0,seasonal,2.12,2,4.9,14.5,1,1,0,0,0,0,0,0
U01439,dog,Poodle,0-3,paid_ad,desktop,Wednesday,0,0,awareness,5.11,8,3.9,17.8,1,1,0,0,0,0,0,0
U01440,cat,Bengal,3-6,email,desktop,Monday,0,1,none,3.54,10,3.2,2.5,0,1,1,1,1,0,0,1
U01441,reptile,Leopard Gecko,3-6,social_media,tablet,Monday,1,0,none,2.1,3,3.7,7.2,0,0,1,2,0,0,0,1
U01442,dog,Labrador,0-3,paid_ad,desktop,Sunday,1,0,none,39.48,7,4.7,3.2,1,1,1,2,4,0,0,1
U01443,cat,Siamese,12-24,social_media,desktop,Saturday,1,0,none,3.2,6,3.3,44.7,1,1,1,0,0,0,0,1
U01444,cat,Bengal,3-6,organic,desktop,Saturday,0,1,retargeting,2.31,5,4.1,3.2,0,1,0,0,0,0,0,0
U01445,bird,Parakeet,12-24,organic,mobile,Wednesday,0,0,retargeting,1.53,4,4.7,3.0,1,1,1,5,1,1,0,1
U01446,dog,Beagle,6-12,social_media,mobile,Thursday,0,0,awareness,4.07,1,4.6,35.5,1,1,1,1,0,0,0,1
U01447,cat,Siamese,0-3,social_media,tablet,Sunday,0,0,none,15.72,3,4.0,44.7,1,1,1,3,2,0,0,1
U01448,rabbit,Lionhead,6-12,paid_ad,desktop,Monday,1,0,none,9.3,5,4.2,18.7,0,1,1,2,2,1,0,1
U01449,bird,Cockatiel,3-6,paid_ad,tablet,Saturday,0,0,seasonal,9.23,1,3.6,97.4,0,0,0,0,0,0,0,0
U01450,cat,Siamese,12-24,email,desktop,Wednesday,0,1,seasonal,15.28,4,4.9,1.0,1,1,1,2,2,1,1,0
U01451,cat,Siamese,6-12,paid_ad,desktop,Monday,1,1,none,19.75,5,3.1,19.1,0,1,1,5,2,0,0,1
U01452,cat,Ragdoll,12-24,organic,desktop,Saturday,0,0,awareness,2.09,6,3.7,3.1,0,0,0,0,0,0,0,0
U01453,bird,Lovebird,6-12,organic,desktop,Wednesday,0,0,none,3.68,4,3.8,7.1,0,1,1,3,1,0,0,1
U01454,cat,Bengal,0-3,paid_ad,mobile,Saturday,1,0,none,2.21,6,4.6,5.2,0,1,1,2,0,0,0,1
U01455,dog,Golden Retriever,24+,organic,tablet,Saturday,1,0,none,3.13,1,3.9,30.5,1,0,0,0,0,0,0,0
U01456,bird,Lovebird,6-12,organic,desktop,Friday,1,0,awareness,6.34,3,4.7,1.9,1,1,1,5,3,0,0,1
U01457,cat,Sphynx,12-24,email,desktop,Saturday,0,0,none,4.01,8,3.6,5.5,0,0,1,5,4,1,1,0
U01458,cat,Ragdoll,0-3,social_media,desktop,Friday,0,0,none,7.47,8,3.4,21.2,1,0,1,4,5,0,0,1
U01459,dog,Poodle,3-6,paid_ad,mobile,Wednesday,0,0,none,2.19,2,3.5,20.7,1,1,1,2,0,1,0,1
U01460,cat,Sphynx,24+,organic,mobile,Saturday,1,1,none,1.7,1,3.3,11.7,1,0,1,2,2,0,0,1
U01461,dog,Bulldog,12-24,organic,tablet,Friday,0,0,retargeting,2.83,2,3.7,25.1,0,1,0,0,0,0,0,0
U01462,cat,Maine Coon,12-24,social_media,desktop,Monday,1,1,none,12.7,5,3.5,1.3,1,1,1,2,2,0,0,1
U01463,dog,Chihuahua,3-6,email,mobile,Sunday,0,1,seasonal,4.18,5,4.2,1.0,1,1,0,0,0,0,0,0
U01464,cat,Ragdoll,12-24,social_media,mobile,Friday,0,1,none,16.61,4,3.0,1.6,1,1,1,2,2,1,0,1
U01465,reptile,Mixed,3-6,social_media,desktop,Sunday,1,0,none,10.73,5,4.0,25.6,1,0,0,0,0,0,0,0
U01466,dog,Golden Retriever,6-12,paid_ad,desktop,Sunday,1,0,none,5.19,6,3.8,10.3,0,1,1,2,3,1,1,0
U01467,reptile,Mixed,24+,referral,desktop,Thursday,0,0,none,1.67,4,3.7,7.3,0,0,1,2,5,0,0,1
U01468,cat,Siamese,3-6,organic,desktop,Friday,1,1,none,8.74,5,3.2,4.0,1,1,1,4,3,1,1,0
U01469,bird,Parakeet,6-12,social_media,mobile,Thursday,1,0,none,4.54,5,4.5,2.1,1,1,1,1,2,1,0,1
U01470,rabbit,Holland Lop,3-6,social_media,mobile,Thursday,1,1,seasonal,2.18,3,3.7,13.0,1,1,1,2,1,1,0,1
U01471,cat,Maine Coon,0-3,referral,mobile,Sunday,1,0,retargeting,1.19,4,4.9,15.3,0,1,1,3,6,1,0,1
U01472,cat,Bengal,24+,referral,desktop,Saturday,1,0,seasonal,6.35,2,4.9,1.0,0,0,1,3,2,1,1,0
U01473,bird,Parakeet,3-6,organic,mobile,Tuesday,1,0,none,1.02,2,4.1,1.1,0,0,1,3,1,1,0,1
U01474,cat,Maine Coon,24+,paid_ad,desktop,Friday,0,1,awareness,21.94,6,3.7,19.6,1,1,1,4,2,0,0,1
U01475,dog,German Shepherd,12-24,social_media,mobile,Sunday,0,0,none,4.51,2,3.8,8.6,0,1,0,0,0,0,0,0
U01476,cat,Maine Coon,3-6,organic,mobile,Friday,0,0,retargeting,1.57,2,3.6,5.7,1,0,0,0,0,0,0,0
U01477,rabbit,Lionhead,6-12,organic,tablet,Saturday,0,0,seasonal,1.22,4,4.4,9.9,0,1,1,2,0,0,0,1
U01478,rabbit,Lionhead,0-3,social_media,mobile,Saturday,0,0,retargeting,4.41,3,4.1,3.3,1,0,0,0,0,0,0,0
U01479,rabbit,Mini Rex,0-3,social_media,desktop,Thursday,0,0,none,7.38,1,3.8,1.0,1,0,0,0,0,0,0,0
U01480,cat,Maine Coon,0-3,organic,mobile,Thursday,1,0,none,4.14,5,4.0,6.4,0,1,1,2,1,0,0,1
U01481,rabbit,Lionhead,0-3,email,mobile,Saturday,1,0,none,3.33,2,3.2,5.9,1,1,1,3,0,1,0,1
U01482,dog,Mixed,6-12,organic,mobile,Friday,0,0,none,4.21,4,4.3,7.7,1,1,0,0,0,0,0,0
U01483,cat,Siamese,3-6,email,mobile,Friday,0,1,none,2.03,1,4.0,10.5,1,1,1,5,2,0,0,1
U01484,dog,Bulldog,12-24,social_media,desktop,Saturday,1,1,none,21.62,3,4.2,24.1,1,1,0,0,0,0,0,0
U01485,dog,German Shepherd,3-6,organic,mobile,Saturday,1,0,none,2.97,4,3.6,35.3,0,0,1,2,2,0,0,1
U01486,dog,Chihuahua,12-24,social_media,mobile,Wednesday,1,0,awareness,0.5,3,4.5,2.9,1,1,1,3,5,0,0,1
U01487,dog,Beagle,3-6,organic,mobile,Tuesday,1,0,awareness,1.95,4,4.0,7.6,1,1,1,4,0,0,0,1
U01488,cat,Persian,3-6,social_media,desktop,Wednesday,1,1,retargeting,1.09,6,3.2,1.0,1,1,1,3,0,1,0,1
U01489,dog,Labrador,0-3,organic,desktop,Friday,0,0,none,3.52,1,4.3,15.6,1,1,1,1,5,0,0,1
U01490,cat,Maine Coon,12-24,social_media,mobile,Wednesday,0,0,none,4.26,1,3.2,6.4,0,0,1,3,1,0,0,1
U01491,dog,German Shepherd,24+,organic,desktop,Friday,1,0,awareness,0.5,4,3.1,8.5,1,1,1,4,1,0,0,1
U01492,dog,Poodle,3-6,email,desktop,Monday,0,0,awareness,15.93,4,4.5,1.0,0,1,0,0,0,0,0,0
U01493,dog,Labrador,6-12,paid_ad,desktop,Friday,1,0,none,7.35,4,3.9,27.8,0,0,1,5,2,0,0,1
U01494,dog,Chihuahua,6-12,organic,mobile,Thursday,0,1,seasonal,1.59,7,3.1,19.8,1,0,1,3,1,0,0,1
U01495,cat,Mixed,3-6,social_media,desktop,Friday,1,0,none,2.91,8,4.0,2.7,1,1,1,2,4,1,1,0
U01496,cat,Mixed,3-6,organic,desktop,Thursday,0,0,none,4.89,4,4.8,1.0,0,1,0,0,0,0,0,0
U01497,cat,Siamese,0-3,email,desktop,Wednesday,0,0,awareness,2.22,9,3.2,1.9,0,1,0,0,0,0,0,0
U01498,cat,Bengal,24+,organic,desktop,Sunday,0,1,none,0.5,6,3.7,10.1,0,1,1,3,1,1,1,0
U01499,dog,Mixed,6-12,social_media,tablet,Tuesday,1,0,awareness,0.5,2,4.7,25.1,0,1,0,0,0,0,0,0
U01500,bird,Mixed,3-6,social_media,mobile,Saturday,0,0,none,1.55,5,3.5,19.1,0,1,0,0,0,0,0,0
U01501,cat,Siamese,12-24,referral,tablet,Sunday,1,0,none,0.86,2,3.2,15.3,1,0,1,4,2,0,0,1
U01502,cat,Bengal,0-3,social_media,mobile,Friday,1,1,seasonal,0.5,5,3.9,24.1,1,1,1,5,0,0,0,1
U01503,dog,German Shepherd,12-24,email,desktop,Sunday,1,0,none,15.3,5,4.7,10.8,1,0,0,0,0,0,0,0
U01504,dog,German Shepherd,0-3,social_media,mobile,Tuesday,1,0,retargeting,1.46,3,3.6,16.4,1,1,1,4,1,1,1,0
U01505,dog,Labrador,12-24,referral,mobile,Friday,0,0,none,3.18,1,4.7,27.0,0,1,1,3,2,1,0,1
U01506,dog,Bulldog,6-12,paid_ad,desktop,Thursday,0,1,awareness,1.54,2,3.2,12.1,0,1,1,7,2,1,1,0
U01507,cat,Ragdoll,6-12,organic,desktop,Monday,0,0,none,0.5,4,3.8,13.9,0,0,1,7,1,0,0,1
U01508,cat,Sphynx,6-12,paid_ad,mobile,Thursday,1,0,retargeting,6.22,7,4.0,14.6,1,1,1,4,2,0,0,1
U01509,cat,Mixed,3-6,social_media,mobile,Thursday,1,0,retargeting,0.61,2,3.8,39.7,1,1,1,4,0,1,0,1
U01510,rabbit,Mixed,12-24,paid_ad,mobile,Saturday,0,0,none,0.5,5,4.8,9.1,0,1,1,1,2,0,0,1
U01511,rabbit,Dutch,0-3,paid_ad,tablet,Sunday,0,0,none,4.42,3,3.6,1.4,0,1,1,4,1,0,0,1
U01512,cat,Persian,12-24,organic,desktop,Monday,0,1,seasonal,0.5,4,4.7,30.7,1,1,1,7,2,1,1,0
U01513,reptile,Ball Python,3-6,paid_ad,mobile,Wednesday,0,0,seasonal,2.01,3,4.7,1.0,1,1,1,6,3,0,0,1
U01514,dog,Chihuahua,3-6,organic,desktop,Thursday,0,1,awareness,2.66,5,4.6,1.0,1,0,0,0,0,0,0,0
U01515,dog,Labrador,6-12,organic,tablet,Thursday,0,0,awareness,2.5,5,3.5,3.3,0,1,1,4,5,0,0,1
U01516,dog,Poodle,3-6,organic,mobile,Saturday,0,1,retargeting,0.5,3,3.7,1.1,1,1,0,0,0,0,0,0
U01517,cat,Siamese,3-6,paid_ad,desktop,Thursday,0,0,none,26.0,4,4.1,11.1,1,1,1,5,0,1,0,1
U01518,bird,Cockatiel,6-12,organic,mobile,Monday,0,0,retargeting,2.55,2,3.3,31.3,1,1,0,0,0,0,0,0
U01519,dog,German Shepherd,3-6,organic,desktop,Saturday,0,0,awareness,6.63,1,3.9,4.2,0,0,1,5,2,0,0,1
U01520,bird,Cockatiel,3-6,paid_ad,mobile,Sunday,0,0,retargeting,3.84,1,3.0,1.0,1,1,1,4,4,0,0,1
U01521,dog,Mixed,6-12,organic,mobile,Friday,0,0,none,7.27,1,3.4,4.4,1,1,0,0,0,0,0,0
U01522,bird,Mixed,6-12,organic,mobile,Friday,0,0,awareness,3.28,3,4.7,5.1,0,0,1,2,3,0,0,1
U01523,dog,Chihuahua,3-6,organic,mobile,Tuesday,0,0,awareness,6.54,3,3.0,30.1,1,0,0,0,0,0,0,0
U01524,dog,Labrador,6-12,social_media,desktop,Wednesday,0,0,retargeting,4.65,7,3.7,16.1,1,1,0,0,0,0,0,0
U01525,cat,Siamese,12-24,social_media,mobile,Wednesday,0,1,retargeting,2.11,3,4.9,2.4,1,0,0,0,0,0,0,0
U01526,dog,Mixed,0-3,organic,mobile,Thursday,1,0,seasonal,7.88,3,4.6,5.1,1,1,0,0,0,0,0,0
U01527,dog,Labrador,24+,referral,desktop,Sunday,0,1,seasonal,15.64,8,3.3,14.9,1,1,1,4,2,0,0,1
U01528,dog,Labrador,0-3,paid_ad,mobile,Friday,0,1,awareness,0.67,1,3.6,1.0,0,1,0,0,0,0,0,0
U01529,rabbit,Mini Rex,6-12,social_media,mobile,Tuesday,0,0,none,2.74,2,4.5,17.0,1,1,0,0,0,0,0,0
U01530,cat,Persian,24+,social_media,tablet,Wednesday,0,0,awareness,7.48,3,4.1,31.1,0,1,1,2,2,0,0,1
U01531,dog,Golden Retriever,3-6,social_media,desktop,Thursday,1,0,seasonal,0.68,6,4.6,30.3,1,1,1,1,2,0,0,1
U01532,cat,Sphynx,6-12,email,mobile,Friday,0,0,none,12.07,5,3.3,1.0,0,1,0,0,0,0,0,0
U01533,cat,Siamese,0-3,organic,mobile,Thursday,0,0,awareness,3.34,2,3.7,24.8,0,0,1,3,1,1,1,0
U01534,dog,Golden Retriever,6-12,organic,tablet,Thursday,0,0,none,6.74,2,4.5,10.4,1,1,0,0,0,0,0,0
U01535,cat,Siamese,6-12,paid_ad,mobile,Friday,0,0,none,0.89,4,3.8,10.4,1,0,1,3,0,0,0,1
U01536,dog,Mixed,6-12,organic,mobile,Wednesday,0,0,retargeting,1.4,2,4.3,13.0,1,1,0,0,0,0,0,0
U01537,dog,Bulldog,0-3,social_media,mobile,Monday,0,0,retargeting,0.59,3,3.4,7.9,1,1,0,0,0,0,0,0
U01538,cat,Maine Coon,0-3,paid_ad,mobile,Monday,0,1,awareness,1.39,1,4.3,18.8,1,0,1,3,2,1,0,1
U01539,dog,Labrador,3-6,email,desktop,Wednesday,0,0,seasonal,5.29,7,3.3,5.8,1,1,1,2,2,0,0,1
U01540,cat,Bengal,0-3,social_media,desktop,Monday,1,0,none,13.99,4,4.5,20.6,0,0,0,0,0,0,0,0
U01541,cat,Siamese,3-6,email,tablet,Wednesday,1,0,none,4.96,5,4.1,39.1,0,1,1,4,1,0,0,1
U01542,dog,Labrador,12-24,organic,desktop,Saturday,0,0,seasonal,2.19,6,3.9,2.1,0,0,1,3,1,1,1,0
U01543,cat,Mixed,6-12,paid_ad,mobile,Saturday,0,0,awareness,0.5,3,3.1,8.8,0,1,1,2,4,0,0,1
U01544,dog,Golden Retriever,0-3,social_media,mobile,Friday,0,0,none,4.43,3,4.3,1.0,0,1,1,4,0,0,0,1
U01545,reptile,Bearded Dragon,12-24,paid_ad,tablet,Sunday,0,0,retargeting,2.73,5,3.4,8.7,1,1,1,4,5,0,0,1
U01546,cat,Siamese,6-12,referral,mobile,Wednesday,1,0,seasonal,18.92,3,3.2,8.6,1,1,0,0,0,0,0,0
U01547,rabbit,Mini Rex,0-3,referral,mobile,Sunday,0,0,retargeting,5.3,2,3.3,19.4,1,1,1,2,1,0,0,1
U01548,cat,Mixed,12-24,referral,tablet,Thursday,0,0,retargeting,10.74,5,3.4,6.6,1,1,1,3,1,1,0,1
U01549,dog,Beagle,12-24,social_media,desktop,Thursday,0,0,none,0.5,7,4.4,32.7,0,0,0,0,0,0,0,0
U01550,cat,Maine Coon,12-24,social_media,mobile,Thursday,1,0,none,6.84,3,4.0,7.6,1,1,0,0,0,1,0,0
U01551,reptile,Leopard Gecko,24+,social_media,desktop,Monday,0,0,seasonal,1.3,4,3.9,12.1,1,1,0,0,0,0,0,0
U01552,cat,Sphynx,0-3,email,tablet,Sunday,1,1,awareness,5.73,4,3.9,4.5,1,1,1,2,2,0,0,1
U01553,rabbit,Lionhead,6-12,paid_ad,mobile,Tuesday,1,0,none,2.08,4,3.8,2.5,0,0,1,4,4,0,0,1
U01554,bird,Cockatiel,0-3,organic,desktop,Wednesday,0,0,awareness,5.09,3,4.0,16.1,1,1,0,0,0,0,0,0
U01555,dog,Labrador,24+,referral,mobile,Wednesday,1,0,retargeting,0.65,4,3.3,8.2,0,1,0,0,0,0,0,0
U01556,dog,German Shepherd,3-6,paid_ad,mobile,Monday,0,1,none,2.78,5,3.6,14.4,0,1,1,1,1,1,0,1
U01557,cat,Ragdoll,24+,referral,tablet,Tuesday,1,1,retargeting,0.5,2,3.2,14.1,1,1,0,0,0,0,0,0
U01558,cat,Persian,6-12,paid_ad,tablet,Monday,1,1,none,0.5,3,4.7,10.1,1,0,1,3,3,1,1,0
U01559,rabbit,Mini Rex,12-24,organic,mobile,Wednesday,0,0,none,3.75,7,5.0,5.4,1,1,0,0,0,0,0,0
U01560,bird,Mixed,24+,organic,mobile,Sunday,0,1,retargeting,10.61,1,4.4,3.3,1,1,0,0,0,0,0,0
U01561,dog,Chihuahua,3-6,organic,mobile,Wednesday,1,0,none,6.84,2,3.1,3.0,1,0,1,5,3,1,1,0
U01562,dog,Poodle,12-24,organic,desktop,Tuesday,0,0,none,4.94,6,3.9,11.6,1,1,0,0,0,0,0,0
U01563,rabbit,Holland Lop,12-24,email,mobile,Saturday,0,0,seasonal,0.5,10,3.0,5.3,1,1,1,3,4,1,1,0
U01564,dog,Chihuahua,6-12,paid_ad,mobile,Sunday,0,0,retargeting,0.5,3,3.6,12.3,0,1,0,0,0,0,0,0
U01565,rabbit,Dutch,6-12,paid_ad,mobile,Wednesday,1,0,awareness,0.6,4,3.2,23.9,0,0,1,3,1,1,0,1
U01566,cat,Siamese,3-6,email,mobile,Wednesday,1,0,none,16.93,4,3.8,10.4,1,1,0,0,0,0,0,0
U01567,cat,Persian,3-6,organic,mobile,Sunday,0,1,none,2.31,2,3.9,9.6,1,1,1,4,3,0,0,1
U01568,dog,German Shepherd,0-3,organic,desktop,Tuesday,1,1,awareness,14.46,6,3.4,45.0,0,1,0,0,0,0,0,0
U01569,cat,Siamese,6-12,organic,mobile,Friday,0,0,none,5.56,2,4.7,7.1,1,1,1,4,4,0,0,1
U01570,cat,Maine Coon,0-3,social_media,mobile,Wednesday,1,0,awareness,4.23,3,4.5,1.0,0,1,0,0,0,0,0,0
U01571,cat,Siamese,0-3,social_media,desktop,Sunday,0,1,awareness,23.03,5,4.7,32.0,1,0,1,6,4,0,0,1
U01572,dog,Bulldog,6-12,organic,desktop,Sunday,0,1,awareness,2.04,3,4.1,3.8,1,1,0,0,0,1,1,0
U01573,cat,Maine Coon,6-12,social_media,mobile,Saturday,0,0,none,2.76,1,3.0,13.6,1,0,1,4,4,0,0,1
U01574,bird,Canary,6-12,organic,mobile,Wednesday,0,0,none,7.0,5,4.8,41.6,1,1,0,0,0,0,0,0
U01575,dog,Chihuahua,6-12,email,desktop,Thursday,0,0,seasonal,6.26,5,4.8,20.5,1,1,0,0,0,0,0,0
U01576,dog,Bulldog,3-6,social_media,mobile,Wednesday,1,0,seasonal,1.29,1,4.1,26.9,1,1,0,0,0,0,0,0
U01577,dog,Mixed,0-3,social_media,desktop,Sunday,0,0,awareness,1.83,3,4.8,8.3,1,1,1,2,2,0,0,1
U01578,cat,Maine Coon,6-12,social_media,mobile,Sunday,1,0,retargeting,6.36,1,3.5,9.2,1,1,1,3,4,0,0,1
U01579,cat,Sphynx,6-12,referral,mobile,Thursday,0,0,retargeting,0.5,2,4.0,1.0,1,0,0,0,0,0,0,0
U01580,cat,Mixed,0-3,organic,mobile,Saturday,1,0,none,11.17,3,4.4,16.6,0,1,1,3,0,0,0,1
U01581,dog,Mixed,6-12,social_media,desktop,Tuesday,0,1,none,0.5,8,4.0,20.5,0,1,0,0,0,0,0,0
U01582,dog,Mixed,3-6,paid_ad,tablet,Thursday,1,0,none,6.48,2,4.7,11.3,1,1,1,5,0,0,0,1
U01583,cat,Persian,0-3,email,mobile,Saturday,1,0,awareness,4.22,5,4.1,28.7,1,1,1,2,4,0,0,1
U01584,cat,Maine Coon,0-3,referral,mobile,Thursday,1,1,awareness,3.93,2,3.3,1.7,1,1,0,0,0,0,0,0
U01585,reptile,Ball Python,6-12,social_media,mobile,Thursday,1,0,seasonal,2.25,4,4.7,1.4,1,1,0,0,0,0,0,0
U01586,dog,Bulldog,24+,social_media,mobile,Monday,0,0,retargeting,8.71,3,4.4,2.1,1,1,1,0,1,0,0,1
U01587,cat,Mixed,12-24,organic,desktop,Saturday,0,0,seasonal,8.4,2,4.0,29.8,0,1,1,3,3,0,0,1
U01588,cat,Persian,0-3,email,mobile,Sunday,1,1,seasonal,6.93,3,4.0,3.1,1,1,0,0,0,0,0,0
U01589,cat,Bengal,3-6,organic,tablet,Sunday,1,1,retargeting,0.8,1,4.4,1.1,0,1,1,3,3,1,1,0
U01590,cat,Bengal,3-6,organic,desktop,Saturday,0,0,none,0.5,3,4.3,23.7,1,1,1,5,3,0,0,1
U01591,cat,Ragdoll,12-24,social_media,tablet,Friday,0,1,none,0.5,4,3.5,18.0,0,1,1,4,1,1,1,0
U01592,reptile,Ball Python,12-24,social_media,desktop,Wednesday,1,0,awareness,0.96,4,4.5,2.6,1,1,1,6,2,0,0,1
U01593,dog,Poodle,24+,organic,mobile,Sunday,0,1,retargeting,5.0,4,4.7,21.6,1,1,1,2,1,0,0,1
U01594,dog,Labrador,6-12,email,mobile,Friday,0,1,none,3.1,4,3.5,5.2,0,0,1,4,2,1,0,1
U01595,cat,Sphynx,0-3,email,mobile,Saturday,0,0,retargeting,6.35,3,3.9,1.0,1,1,0,0,0,0,0,0
U01596,cat,Bengal,24+,organic,mobile,Saturday,0,1,seasonal,0.97,1,3.6,1.0,1,1,0,0,0,0,0,0
U01597,dog,German Shepherd,0-3,social_media,mobile,Sunday,0,0,awareness,2.08,3,3.4,1.9,1,1,1,3,2,0,0,1
U01598,dog,Labrador,12-24,paid_ad,mobile,Monday,1,0,awareness,9.98,2,3.2,25.7,0,1,1,5,2,1,0,1
U01599,dog,Poodle,6-12,social_media,tablet,Wednesday,1,1,retargeting,17.84,6,4.7,7.6,1,0,1,3,1,1,0,1
U01600,bird,Lovebird,24+,social_media,mobile,Saturday,1,0,none,8.92,5,3.5,7.1,0,0,1,8,3,0,0,1
U01601,dog,Chihuahua,3-6,social_media,desktop,Sunday,1,0,none,13.3,4,4.3,23.6,1,1,0,0,0,0,0,0
U01602,dog,German Shepherd,6-12,email,tablet,Saturday,0,0,retargeting,7.58,2,3.9,15.6,1,0,1,2,2,1,0,1
U01603,dog,Bulldog,0-3,referral,desktop,Thursday,1,1,retargeting,19.11,5,4.0,32.1,1,1,1,2,1,1,1,0
U01604,dog,Beagle,6-12,email,mobile,Thursday,1,1,awareness,5.7,5,4.1,1.0,1,0,1,6,2,0,0,1
U01605,dog,German Shepherd,0-3,organic,mobile,Saturday,1,0,seasonal,14.0,3,4.2,2.7,1,1,1,3,1,0,0,1
U01606,cat,Persian,0-3,social_media,mobile,Saturday,1,0,none,0.5,4,4.6,28.8,1,1,1,2,1,1,1,0
U01607,dog,Bulldog,12-24,paid_ad,mobile,Friday,0,1,awareness,11.59,6,3.4,48.5,1,0,1,2,3,0,0,1
U01608,rabbit,Mixed,0-3,organic,mobile,Wednesday,0,0,awareness,2.84,6,3.6,5.2,1,1,1,3,0,0,0,1
U01609,dog,German Shepherd,24+,referral,desktop,Sunday,0,1,none,0.92,6,3.2,1.0,1,1,0,0,0,0,0,0
U01610,cat,Maine Coon,3-6,referral,mobile,Friday,1,1,none,1.1,1,4.4,1.0,0,1,1,3,4,0,0,1
U01611,bird,Lovebird,6-12,organic,mobile,Saturday,0,0,seasonal,6.69,3,3.6,1.0,1,1,1,3,2,0,0,1
U01612,cat,Maine Coon,3-6,referral,tablet,Tuesday,1,0,none,4.59,2,4.6,16.1,1,0,1,2,0,1,0,1
U01613,cat,Mixed,3-6,social_media,mobile,Wednesday,0,0,none,18.49,2,4.5,4.3,1,1,1,5,3,1,1,0
U01614,dog,Bulldog,12-24,paid_ad,mobile,Sunday,1,0,awareness,0.57,2,3.1,6.9,1,1,0,0,0,0,0,0
U01615,dog,Golden Retriever,12-24,social_media,desktop,Monday,0,0,none,4.15,2,3.2,6.9,0,1,0,0,0,0,0,0
U01616,cat,Ragdoll,3-6,social_media,mobile,Friday,0,1,seasonal,1.83,2,4.2,4.3,0,1,0,0,0,0,0,0
U01617,reptile,Ball Python,0-3,email,desktop,Friday,0,1,none,4.36,4,4.4,3.0,0,1,1,3,2,0,0,1
U01618,cat,Sphynx,3-6,paid_ad,mobile,Saturday,0,0,awareness,4.57,5,3.7,11.1,1,1,0,0,0,0,0,0
U01619,cat,Mixed,12-24,organic,desktop,Wednesday,0,1,none,8.45,7,3.4,1.1,1,1,0,0,0,0,0,0
U01620,cat,Bengal,6-12,email,mobile,Tuesday,1,0,retargeting,0.5,2,3.3,9.2,1,1,0,0,0,1,0,0
U01621,cat,Mixed,12-24,organic,mobile,Sunday,0,0,awareness,0.5,1,3.5,8.2,1,1,1,1,1,0,0,1
U01622,dog,Bulldog,12-24,social_media,desktop,Friday,1,0,none,0.5,3,3.3,5.2,0,1,1,3,1,0,0,1
U01623,cat,Persian,12-24,social_media,mobile,Tuesday,0,1,seasonal,9.1,4,3.6,1.3,1,0,1,2,0,0,0,1
U01624,reptile,Ball Python,6-12,social_media,mobile,Tuesday,1,0,none,1.32,1,4.0,16.0,1,1,1,4,2,1,1,0
U01625,dog,Mixed,0-3,social_media,mobile,Sunday,0,0,awareness,2.08,3,4.4,13.8,1,1,1,1,6,0,0,1
U01626,cat,Siamese,6-12,organic,mobile,Tuesday,1,0,seasonal,2.72,3,4.7,20.3,1,1,0,0,0,0,0,0
U01627,dog,Labrador,3-6,organic,mobile,Friday,0,0,retargeting,8.61,4,4.4,11.4,0,0,0,0,0,0,0,0
U01628,cat,Maine Coon,12-24,organic,desktop,Thursday,1,0,retargeting,0.5,4,4.3,10.7,1,0,1,6,2,1,1,0
U01629,dog,Bulldog,3-6,social_media,desktop,Sunday,1,0,none,0.98,5,4.6,4.2,1,1,0,0,0,0,0,0
U01630,cat,Mixed,6-12,referral,desktop,Saturday,0,1,none,9.01,2,4.8,7.6,1,1,1,5,2,0,0,1
U01631,rabbit,Mini Rex,0-3,organic,mobile,Friday,0,0,none,11.62,2,3.5,11.5,1,1,0,0,0,0,0,0
U01632,dog,Golden Retriever,12-24,referral,mobile,Monday,1,0,seasonal,4.68,3,4.2,1.1,1,1,1,2,1,0,0,1
U01633,cat,Mixed,3-6,paid_ad,desktop,Sunday,0,0,seasonal,2.36,6,3.1,18.3,0,1,0,0,0,0,0,0
U01634,rabbit,Lionhead,24+,email,desktop,Thursday,0,1,none,4.4,6,5.0,40.2,0,1,1,2,4,0,0,1
U01635,bird,Cockatiel,6-12,email,mobile,Sunday,0,0,none,12.91,1,4.7,52.4,1,1,1,2,1,0,0,1
U01636,dog,German Shepherd,3-6,paid_ad,mobile,Friday,0,1,none,3.42,3,3.7,25.1,0,0,1,2,3,1,0,1
U01637,dog,Poodle,0-3,organic,mobile,Saturday,0,1,none,2.13,1,4.2,24.9,1,0,1,5,2,1,1,0
U01638,dog,Bulldog,24+,social_media,mobile,Monday,0,1,none,2.2,3,4.1,2.7,0,1,1,1,2,0,0,1
U01639,reptile,Leopard Gecko,3-6,email,desktop,Saturday,1,1,retargeting,20.47,7,4.7,6.0,1,1,1,6,2,0,0,1
U01640,bird,Parakeet,6-12,email,mobile,Wednesday,0,0,seasonal,4.44,4,4.0,21.5,1,0,0,0,0,0,0,0
U01641,cat,Persian,3-6,paid_ad,desktop,Thursday,0,0,retargeting,9.06,3,3.3,1.0,1,1,0,0,0,1,1,0
U01642,rabbit,Mixed,3-6,organic,mobile,Tuesday,1,0,awareness,0.92,1,4.0,1.3,0,1,1,3,0,0,0,1
U01643,cat,Maine Coon,6-12,email,mobile,Tuesday,0,1,retargeting,3.73,5,3.2,15.3,0,1,0,0,0,0,0,0
U01644,cat,Sphynx,3-6,social_media,desktop,Tuesday,1,1,retargeting,3.44,5,4.6,8.5,0,1,0,0,0,1,1,0
U01645,dog,Bulldog,6-12,social_media,mobile,Wednesday,1,1,awareness,1.25,2,3.3,17.2,0,1,0,0,0,0,0,0
U01646,rabbit,Mini Rex,12-24,social_media,mobile,Sunday,0,0,none,7.91,2,3.7,4.5,0,1,1,4,3,0,0,1
U01647,dog,Labrador,3-6,email,tablet,Thursday,0,0,none,3.14,1,3.2,1.3,1,1,1,1,1,0,0,1
U01648,rabbit,Mixed,0-3,paid_ad,desktop,Saturday,1,0,retargeting,1.99,5,3.8,26.5,1,1,1,2,1,1,0,1
U01649,rabbit,Holland Lop,6-12,social_media,desktop,Monday,1,0,seasonal,16.1,11,4.9,22.9,0,1,1,1,1,0,0,1
U01650,cat,Persian,0-3,paid_ad,mobile,Friday,0,0,awareness,1.0,3,4.9,9.3,0,1,0,0,0,0,0,0
U01651,dog,German Shepherd,6-12,social_media,mobile,Friday,0,0,seasonal,6.23,1,4.1,31.9,1,1,0,0,0,0,0,0
U01652,dog,Poodle,6-12,organic,tablet,Sunday,0,1,none,6.88,4,4.3,3.8,0,0,0,0,0,0,0,0
U01653,dog,Bulldog,3-6,organic,mobile,Sunday,0,0,retargeting,11.52,2,3.7,6.9,0,1,1,3,0,1,1,0
U01654,dog,Poodle,3-6,organic,desktop,Thursday,0,0,seasonal,13.92,5,3.4,4.2,1,0,1,4,0,0,0,1
U01655,dog,Golden Retriever,0-3,social_media,mobile,Saturday,0,0,awareness,5.56,1,3.6,1.4,0,0,1,3,4,0,0,1
U01656,bird,Lovebird,12-24,social_media,mobile,Tuesday,1,0,seasonal,1.32,1,3.2,15.9,1,1,0,0,0,0,0,0
U01657,cat,Bengal,3-6,paid_ad,tablet,Friday,0,1,awareness,4.45,10,3.9,13.4,1,0,1,1,2,1,1,0
U01658,dog,Beagle,24+,paid_ad,mobile,Monday,1,0,none,13.16,4,3.2,8.8,1,1,1,5,3,0,0,1
U01659,dog,German Shepherd,0-3,organic,mobile,Wednesday,0,0,none,0.5,3,3.7,29.5,0,1,1,3,3,0,0,1
U01660,cat,Persian,3-6,organic,mobile,Wednesday,0,0,awareness,7.2,3,4.7,10.2,1,0,1,2,2,0,0,1
U01661,cat,Mixed,24+,organic,mobile,Saturday,0,1,seasonal,1.32,9,3.8,9.0,1,0,1,5,3,1,0,1
U01662,cat,Maine Coon,12-24,social_media,mobile,Friday,0,0,none,0.93,1,3.9,17.2,0,1,0,0,0,0,0,0
U01663,bird,Cockatiel,0-3,organic,mobile,Saturday,0,0,awareness,0.92,2,4.1,1.0,0,1,1,3,2,1,1,0
U01664,cat,Bengal,6-12,organic,mobile,Friday,1,0,retargeting,0.5,2,3.6,4.9,1,1,0,0,0,0,0,0
U01665,reptile,Ball Python,0-3,referral,desktop,Monday,0,0,none,28.95,9,3.2,26.9,1,1,0,0,0,0,0,0
U01666,bird,Lovebird,0-3,paid_ad,mobile,Saturday,1,1,none,7.14,3,4.5,2.1,1,1,1,2,2,1,0,1
U01667,dog,Chihuahua,3-6,organic,tablet,Sunday,0,0,none,4.79,6,3.5,25.6,1,0,0,0,0,0,0,0
U01668,bird,Lovebird,12-24,social_media,mobile,Sunday,0,0,none,4.39,1,3.3,15.1,0,1,1,5,2,1,1,0
U01669,dog,Bulldog,3-6,social_media,desktop,Friday,0,0,none,6.34,7,3.2,24.2,1,0,0,0,0,0,0,0
U01670,rabbit,Mixed,6-12,paid_ad,mobile,Saturday,1,1,none,5.84,4,4.4,1.2,1,1,0,0,0,0,0,0
U01671,dog,Labrador,3-6,social_media,desktop,Saturday,0,0,none,14.53,4,3.0,18.3,1,1,0,0,0,0,0,0
U01672,bird,Mixed,3-6,organic,tablet,Tuesday,0,1,awareness,1.32,2,4.2,22.6,1,1,1,2,5,0,0,1
U01673,bird,Canary,0-3,paid_ad,desktop,Tuesday,1,0,retargeting,3.69,6,3.7,1.0,0,1,0,0,0,0,0,0
U01674,rabbit,Mixed,0-3,social_media,desktop,Monday,1,1,retargeting,6.04,6,4.0,19.5,1,0,0,0,0,1,0,0
U01675,rabbit,Lionhead,6-12,organic,mobile,Wednesday,0,1,awareness,13.43,5,4.8,10.0,1,1,0,0,0,0,0,0
U01676,dog,Poodle,0-3,social_media,desktop,Thursday,1,0,seasonal,8.95,2,3.0,1.0,0,0,1,1,2,0,0,1
U01677,dog,Labrador,12-24,social_media,tablet,Sunday,0,0,seasonal,14.81,4,4.3,15.6,1,0,1,5,0,1,1,0
U01678,cat,Siamese,12-24,social_media,tablet,Thursday,1,0,seasonal,12.16,4,4.8,4.1,1,1,1,6,6,1,1,0
U01679,dog,Mixed,3-6,organic,mobile,Saturday,0,1,none,3.97,1,3.5,50.3,0,1,0,0,0,0,0,0
U01680,cat,Mixed,12-24,social_media,tablet,Saturday,0,0,seasonal,14.57,5,3.2,57.3,1,1,1,6,0,0,0,1
U01681,dog,Labrador,12-24,organic,mobile,Tuesday,0,0,retargeting,2.16,1,3.8,1.0,0,1,0,0,0,0,0,0
U01682,reptile,Ball Python,12-24,paid_ad,mobile,Monday,0,0,none,1.67,3,4.9,2.2,1,0,1,0,1,0,0,1
U01683,cat,Sphynx,12-24,organic,mobile,Friday,0,0,none,6.91,2,4.2,10.8,0,1,1,3,3,1,0,1
U01684,rabbit,Mixed,0-3,organic,mobile,Saturday,1,0,retargeting,0.51,2,4.9,14.9,1,1,1,5,6,1,0,1
U01685,dog,Poodle,6-12,email,desktop,Sunday,1,1,none,2.85,11,3.5,15.0,1,1,1,4,2,0,0,1
U01686,bird,Lovebird,3-6,paid_ad,desktop,Thursday,0,1,none,5.63,6,4.4,19.1,0,1,1,2,4,1,1,0
U01687,bird,Lovebird,24+,paid_ad,desktop,Sunday,0,0,awareness,3.27,6,3.6,2.9,1,1,1,4,3,0,0,1
U01688,cat,Mixed,6-12,social_media,desktop,Thursday,0,0,retargeting,22.04,4,4.0,5.3,1,0,1,4,2,0,0,1
U01689,cat,Maine Coon,6-12,organic,mobile,Saturday,0,0,seasonal,14.48,3,4.8,11.6,1,1,0,0,0,0,0,0
U01690,rabbit,Holland Lop,24+,paid_ad,desktop,Friday,1,1,awareness,4.19,5,3.2,2.3,1,1,1,3,2,0,0,1
U01691,dog,Bulldog,3-6,email,mobile,Monday,0,0,retargeting,3.52,3,3.6,25.0,1,0,1,4,0,0,0,1
U01692,cat,Persian,12-24,organic,desktop,Monday,0,0,none,10.06,8,3.7,23.0,1,1,1,1,2,0,0,1
U01693,dog,Poodle,0-3,referral,desktop,Monday,0,0,retargeting,4.77,3,3.1,17.2,0,1,1,4,3,0,0,1
U01694,dog,Poodle,6-12,organic,desktop,Thursday,0,1,awareness,1.64,4,3.5,6.1,1,1,1,4,3,0,0,1
U01695,dog,Bulldog,6-12,referral,mobile,Saturday,0,0,seasonal,6.25,6,3.1,13.1,1,1,0,0,0,0,0,0
U01696,dog,Chihuahua,3-6,paid_ad,desktop,Tuesday,0,0,none,10.44,5,3.6,1.0,1,1,1,5,2,1,1,0
U01697,dog,German Shepherd,6-12,email,mobile,Friday,0,0,awareness,1.28,4,3.1,13.7,1,1,1,2,2,0,0,1
U01698,dog,German Shepherd,6-12,referral,mobile,Wednesday,0,0,awareness,8.14,6,3.1,1.0,1,1,1,2,1,0,0,1
U01699,reptile,Leopard Gecko,3-6,paid_ad,desktop,Saturday,0,0,retargeting,5.71,3,3.5,3.7,0,0,1,5,1,1,1,0
U01700,cat,Ragdoll,6-12,organic,mobile,Saturday,0,0,seasonal,1.23,1,3.8,6.4,1,1,0,0,0,0,0,0
U01701,reptile,Mixed,6-12,social_media,desktop,Saturday,0,0,none,6.33,17,3.8,15.6,0,0,1,0,0,0,0,1
U01702,cat,Ragdoll,0-3,organic,mobile,Friday,1,1,awareness,1.21,3,3.7,4.2,1,1,1,2,2,0,0,1
U01703,dog,German Shepherd,0-3,social_media,mobile,Wednesday,0,0,retargeting,1.4,3,4.0,2.1,1,1,1,2,1,0,0,1
U01704,cat,Ragdoll,24+,paid_ad,desktop,Saturday,1,0,seasonal,14.69,5,4.8,10.3,1,0,1,6,4,1,1,0
U01705,cat,Bengal,0-3,social_media,mobile,Tuesday,0,0,awareness,12.07,5,3.9,20.8,1,1,0,0,0,0,0,0
U01706,dog,Chihuahua,0-3,social_media,mobile,Wednesday,0,0,none,1.35,5,3.2,7.4,0,0,1,3,3,0,0,1
U01707,cat,Ragdoll,12-24,email,mobile,Tuesday,0,0,none,11.97,2,4.4,29.3,1,1,0,0,0,0,0,0
U01708,dog,Golden Retriever,12-24,paid_ad,mobile,Saturday,0,1,awareness,1.24,3,4.9,42.5,1,0,0,0,0,0,0,0
U01709,cat,Bengal,24+,organic,desktop,Saturday,1,0,awareness,0.97,6,3.4,18.8,0,1,1,3,2,1,1,0
U01710,cat,Siamese,12-24,social_media,mobile,Saturday,0,1,none,0.5,1,3.4,24.7,1,1,1,2,2,0,0,1
U01711,dog,Labrador,3-6,organic,desktop,Thursday,0,1,none,2.16,2,3.5,12.1,1,1,1,0,3,0,0,1
U01712,dog,Bulldog,6-12,email,desktop,Tuesday,1,0,retargeting,3.79,3,3.1,12.9,1,1,0,0,0,0,0,0
U01713,rabbit,Holland Lop,0-3,organic,mobile,Sunday,0,1,seasonal,9.19,5,4.6,1.0,1,1,0,0,0,0,0,0
U01714,cat,Siamese,12-24,email,desktop,Friday,0,0,seasonal,2.16,6,3.8,11.4,1,1,0,0,0,0,0,0
U01715,dog,Golden Retriever,6-12,organic,desktop,Thursday,0,0,retargeting,3.55,8,4.5,11.3,0,0,0,0,0,0,0,0
U01716,reptile,Bearded Dragon,6-12,organic,mobile,Friday,0,1,retargeting,4.64,3,4.3,12.3,1,1,0,0,0,1,0,0
U01717,dog,Labrador,6-12,referral,mobile,Tuesday,0,0,none,1.64,3,3.2,3.8,0,0,0,0,0,0,0,0
U01718,cat,Maine Coon,0-3,organic,mobile,Tuesday,0,0,awareness,5.25,1,4.1,7.3,1,1,0,0,0,0,0,0
U01719,reptile,Bearded Dragon,12-24,social_media,desktop,Thursday,1,0,none,3.39,2,4.4,44.6,0,0,1,6,2,0,0,1
U01720,dog,Labrador,0-3,organic,desktop,Wednesday,1,0,retargeting,1.71,6,3.1,28.7,1,1,1,3,3,1,0,1
U01721,dog,Poodle,0-3,social_media,mobile,Wednesday,0,0,seasonal,6.03,5,3.8,9.1,1,1,0,0,0,0,0,0
U01722,dog,German Shepherd,3-6,social_media,desktop,Sunday,0,1,seasonal,0.5,4,4.6,8.1,1,1,1,1,3,0,0,1
U01723,dog,German Shepherd,6-12,social_media,desktop,Friday,0,0,awareness,2.7,5,5.0,23.0,1,0,0,0,0,0,0,0
U01724,dog,Poodle,6-12,organic,desktop,Friday,0,1,retargeting,3.43,6,4.4,7.6,1,0,1,3,3,0,0,1
U01725,cat,Bengal,6-12,social_media,desktop,Saturday,0,0,seasonal,4.78,3,3.6,13.8,1,1,1,4,2,1,0,1
U01726,dog,Mixed,0-3,email,mobile,Sunday,1,0,none,5.18,2,3.6,30.7,1,0,0,0,0,0,0,0
U01727,cat,Persian,3-6,paid_ad,desktop,Tuesday,1,0,retargeting,4.8,1,4.2,3.2,0,0,1,5,2,0,0,1
U01728,reptile,Bearded Dragon,3-6,social_media,desktop,Sunday,0,0,none,5.41,4,4.9,20.3,1,1,0,0,0,0,0,0
U01729,rabbit,Lionhead,3-6,email,desktop,Friday,0,0,seasonal,5.43,3,3.5,89.7,1,0,1,3,3,0,0,1
U01730,cat,Maine Coon,6-12,organic,mobile,Tuesday,0,1,none,2.13,6,3.5,1.0,1,0,0,0,0,0,0,0
U01731,dog,Beagle,12-24,organic,mobile,Wednesday,0,0,none,12.37,1,4.0,1.0,1,1,1,4,2,0,0,1
U01732,cat,Sphynx,12-24,organic,mobile,Friday,0,0,retargeting,14.2,4,4.2,17.9,1,0,1,3,3,1,1,0
U01733,cat,Ragdoll,6-12,organic,mobile,Saturday,0,0,none,3.97,7,4.9,8.8,1,1,0,0,0,0,0,0
U01734,cat,Siamese,12-24,organic,desktop,Wednesday,0,0,none,0.58,3,3.6,3.0,0,1,1,4,2,1,1,0
U01735,dog,Golden Retriever,3-6,social_media,mobile,Friday,0,0,awareness,3.07,3,3.9,10.9,0,1,0,0,0,0,0,0
U01736,bird,Mixed,24+,email,desktop,Saturday,0,0,retargeting,1.22,7,3.7,33.3,1,1,1,0,2,1,0,1
U01737,cat,Persian,0-3,referral,desktop,Thursday,1,1,none,5.15,5,4.5,11.1,0,1,1,1,2,1,0,1
U01738,dog,Chihuahua,0-3,organic,desktop,Sunday,0,1,retargeting,1.63,7,3.7,42.2,1,1,0,0,0,0,0,0
U01739,dog,Golden Retriever,3-6,email,mobile,Sunday,0,0,retargeting,5.54,5,3.9,12.6,1,0,1,4,2,0,0,1
U01740,cat,Maine Coon,0-3,paid_ad,tablet,Thursday,0,0,awareness,0.55,2,3.7,3.1,1,1,1,3,6,0,0,1
U01741,rabbit,Dutch,0-3,email,desktop,Sunday,0,0,awareness,18.38,2,3.1,27.4,0,1,0,0,0,0,0,0
U01742,cat,Ragdoll,3-6,organic,desktop,Monday,1,1,none,1.7,3,4.1,7.2,1,0,1,5,5,1,1,0
U01743,rabbit,Dutch,0-3,organic,mobile,Monday,0,1,none,3.78,3,3.8,13.9,1,0,1,3,0,0,0,1
U01744,dog,Chihuahua,6-12,organic,mobile,Thursday,1,1,none,11.32,4,3.3,7.5,0,1,1,2,1,1,1,0
U01745,cat,Ragdoll,12-24,social_media,mobile,Friday,0,0,none,1.3,4,4.2,8.3,0,0,1,2,4,1,0,1
U01746,cat,Sphynx,0-3,paid_ad,mobile,Friday,0,0,none,12.39,5,4.4,2.9,0,0,0,0,0,0,0,0
U01747,dog,Labrador,6-12,organic,mobile,Thursday,0,0,none,2.24,1,4.0,14.7,1,0,0,0,0,0,0,0
U01748,dog,Mixed,3-6,organic,desktop,Tuesday,1,1,retargeting,25.21,5,3.5,5.7,1,0,1,7,6,1,0,1
U01749,rabbit,Mini Rex,6-12,paid_ad,desktop,Tuesday,0,1,awareness,21.32,7,4.1,6.5,1,1,0,0,0,0,0,0
U01750,dog,Beagle,6-12,paid_ad,mobile,Sunday,1,0,seasonal,0.95,4,3.6,3.2,0,1,1,5,4,0,0,1
U01751,cat,Bengal,0-3,social_media,mobile,Sunday,0,1,none,8.09,3,3.3,6.3,1,0,0,0,0,0,0,0
U01752,dog,Mixed,24+,email,desktop,Saturday,0,1,none,1.68,6,3.2,25.8,1,0,0,0,0,0,0,0
U01753,dog,Bulldog,0-3,social_media,mobile,Saturday,0,0,awareness,1.17,5,3.3,46.3,0,1,1,3,3,0,0,1
U01754,dog,Beagle,6-12,organic,desktop,Friday,0,1,none,0.69,5,4.9,8.7,0,1,1,6,1,1,0,1
U01755,reptile,Mixed,6-12,social_media,mobile,Tuesday,0,0,retargeting,0.6,5,3.6,20.7,1,1,1,2,3,0,0,1
U01756,rabbit,Mixed,12-24,email,mobile,Thursday,0,0,awareness,3.5,2,4.3,36.0,1,1,1,2,5,0,0,1
U01757,reptile,Bearded Dragon,3-6,referral,mobile,Saturday,0,0,awareness,2.09,6,4.5,4.4,1,1,1,2,5,0,0,1
U01758,cat,Siamese,12-24,organic,desktop,Friday,1,0,none,12.21,7,4.1,2.2,0,1,1,5,5,0,0,1
U01759,dog,Chihuahua,12-24,social_media,mobile,Monday,1,1,none,1.84,1,4.0,4.2,0,0,1,5,3,1,1,0
U01760,cat,Persian,0-3,social_media,desktop,Sunday,1,0,awareness,27.0,3,3.7,33.2,0,0,1,4,0,1,1,0
U01761,cat,Sphynx,6-12,social_media,mobile,Sunday,0,0,none,0.5,2,3.4,5.5,1,0,1,5,2,0,0,1
U01762,rabbit,Dutch,3-6,organic,mobile,Wednesday,1,0,none,0.5,5,4.8,11.2,1,1,1,6,4,1,1,0
U01763,dog,Labrador,24+,social_media,desktop,Friday,1,0,awareness,9.43,8,4.2,50.3,0,1,1,4,2,1,1,0
U01764,cat,Siamese,24+,paid_ad,mobile,Sunday,0,0,none,9.94,4,3.3,9.7,0,0,1,3,3,0,0,1
U01765,dog,Chihuahua,12-24,email,desktop,Monday,0,0,retargeting,12.38,3,4.5,6.8,1,1,1,0,1,1,0,1
U01766,dog,Mixed,6-12,social_media,mobile,Friday,0,0,none,3.06,3,3.2,38.3,0,1,1,4,2,1,0,1
U01767,cat,Siamese,3-6,organic,mobile,Thursday,0,1,none,1.43,2,4.0,1.7,0,1,0,0,0,1,0,0
U01768,cat,Ragdoll,3-6,organic,desktop,Thursday,1,1,none,0.5,6,3.1,18.5,1,1,1,1,0,1,1,0
U01769,dog,Beagle,6-12,social_media,tablet,Sunday,1,0,none,4.63,5,4.0,8.5,0,1,1,5,1,0,0,1
U01770,dog,Poodle,6-12,paid_ad,mobile,Thursday,1,1,none,2.94,3,4.1,23.2,1,0,0,0,0,0,0,0
U01771,cat,Siamese,6-12,referral,desktop,Monday,0,1,none,3.29,7,4.0,9.6,1,0,0,0,0,0,0,0
U01772,rabbit,Dutch,12-24,social_media,mobile,Monday,0,0,none,3.02,3,3.9,26.6,0,0,1,1,2,0,0,1
U01773,bird,Parakeet,12-24,social_media,desktop,Monday,0,0,none,7.83,2,3.5,8.5,1,1,1,4,1,0,0,1
U01774,reptile,Ball Python,3-6,paid_ad,desktop,Thursday,0,1,retargeting,7.24,5,3.2,2.5,1,0,0,0,0,1,1,0
U01775,rabbit,Mixed,6-12,social_media,mobile,Saturday,1,0,retargeting,1.07,3,4.3,7.6,0,0,1,4,2,1,1,0
U01776,dog,Golden Retriever,12-24,email,mobile,Tuesday,0,0,none,4.0,5,3.3,2.1,0,1,1,3,1,0,0,1
U01777,cat,Persian,12-24,organic,mobile,Saturday,1,1,none,0.73,3,3.8,1.0,0,1,1,5,1,0,0,1
U01778,cat,Siamese,0-3,paid_ad,mobile,Saturday,0,0,awareness,0.59,1,4.5,4.2,1,1,1,3,2,0,0,1
U01779,dog,Mixed,12-24,social_media,mobile,Wednesday,1,1,retargeting,7.01,4,4.2,8.1,1,1,1,3,2,0,0,1
U01780,rabbit,Mini Rex,24+,paid_ad,desktop,Friday,0,0,seasonal,7.1,5,4.7,2.1,1,0,1,2,1,0,0,1
U01781,dog,Labrador,3-6,paid_ad,tablet,Saturday,1,0,none,9.49,5,4.4,17.8,1,1,1,2,5,0,0,1
U01782,bird,Cockatiel,6-12,organic,mobile,Thursday,1,0,awareness,0.58,6,4.9,15.0,0,1,0,0,0,0,0,0
U01783,cat,Mixed,0-3,paid_ad,mobile,Wednesday,1,0,retargeting,11.2,6,3.4,24.5,0,1,0,0,0,0,0,0
U01784,cat,Bengal,12-24,paid_ad,desktop,Friday,1,1,retargeting,1.11,7,3.1,4.2,1,0,0,0,0,0,0,0
U01785,cat,Siamese,12-24,social_media,tablet,Sunday,1,0,none,13.26,2,3.2,7.1,1,1,1,3,1,0,0,1
U01786,bird,Mixed,24+,organic,mobile,Thursday,0,1,retargeting,1.52,2,3.4,16.1,0,1,1,3,3,1,0,1
U01787,cat,Bengal,12-24,organic,mobile,Thursday,1,0,none,0.51,7,3.1,7.8,0,1,1,5,3,0,0,1
U01788,cat,Mixed,3-6,social_media,mobile,Thursday,1,0,none,1.54,1,3.5,7.3,1,1,1,2,2,1,1,0
U01789,dog,Mixed,0-3,social_media,mobile,Monday,0,1,awareness,0.91,4,4.7,6.4,1,1,1,1,5,0,0,1
U01790,cat,Maine Coon,3-6,email,mobile,Friday,1,0,none,3.07,6,3.5,10.3,0,1,1,1,2,0,0,1
U01791,dog,Mixed,3-6,organic,mobile,Wednesday,0,1,retargeting,13.61,1,4.6,7.9,1,1,1,1,2,1,0,1
U01792,cat,Siamese,0-3,paid_ad,mobile,Tuesday,0,0,retargeting,1.81,3,3.6,11.9,1,1,1,2,2,0,0,1
U01793,cat,Siamese,6-12,organic,desktop,Thursday,0,1,retargeting,7.39,5,3.9,65.2,1,1,0,0,0,0,0,0
U01794,cat,Ragdoll,3-6,organic,mobile,Monday,0,0,none,10.11,4,4.7,10.0,1,1,1,3,1,0,0,1
U01795,dog,Chihuahua,0-3,social_media,mobile,Thursday,0,1,none,4.52,3,4.0,22.4,1,1,0,0,0,0,0,0
U01796,dog,German Shepherd,6-12,social_media,mobile,Tuesday,0,1,none,2.05,1,3.2,16.6,1,1,0,0,0,0,0,0
U01797,cat,Sphynx,6-12,organic,tablet,Monday,0,0,awareness,30.5,3,3.7,12.2,1,1,1,5,4,1,0,1
U01798,dog,Chihuahua,6-12,organic,desktop,Saturday,1,0,retargeting,1.62,1,4.6,20.1,1,1,0,0,0,0,0,0
U01799,dog,Labrador,0-3,organic,mobile,Sunday,0,0,none,3.37,2,3.1,15.2,0,1,0,0,0,0,0,0
U01800,dog,Labrador,3-6,paid_ad,mobile,Tuesday,0,0,awareness,7.25,5,4.5,1.0,1,1,1,0,2,1,0,1
U01801,reptile,Bearded Dragon,12-24,paid_ad,desktop,Friday,0,0,awareness,0.5,3,4.5,20.5,1,0,0,0,0,0,0,0
U01802,cat,Ragdoll,12-24,social_media,mobile,Wednesday,0,0,none,5.51,1,3.9,35.3,0,1,0,0,0,0,0,0
U01803,dog,Labrador,6-12,paid_ad,mobile,Friday,0,0,awareness,1.41,1,3.0,24.5,1,1,1,1,1,0,0,1
U01804,dog,Chihuahua,12-24,paid_ad,mobile,Thursday,0,0,awareness,0.85,3,3.5,7.2,1,1,0,0,0,0,0,0
U01805,dog,Labrador,6-12,organic,tablet,Wednesday,1,1,retargeting,2.08,6,3.5,34.9,1,0,1,5,0,1,1,0
U01806,rabbit,Lionhead,0-3,referral,desktop,Saturday,0,1,retargeting,20.43,3,4.5,1.6,1,0,0,0,0,0,0,0
U01807,cat,Persian,12-24,paid_ad,desktop,Tuesday,1,1,none,17.36,4,4.1,7.2,0,1,1,3,5,1,0,1
U01808,dog,Bulldog,3-6,organic,mobile,Monday,1,0,awareness,1.09,2,3.7,1.0,1,1,1,1,5,1,1,0
U01809,dog,Golden Retriever,3-6,organic,tablet,Saturday,1,0,retargeting,0.81,2,4.2,6.7,1,1,1,1,3,0,0,1
U01810,dog,German Shepherd,0-3,organic,tablet,Saturday,0,0,none,2.94,6,3.2,1.0,1,1,0,0,0,0,0,0
U01811,cat,Bengal,3-6,organic,tablet,Friday,0,1,retargeting,5.83,9,5.0,20.8,1,1,0,0,0,0,0,0
U01812,rabbit,Lionhead,6-12,paid_ad,mobile,Thursday,0,0,none,7.06,4,3.2,4.8,0,0,0,0,0,0,0,0
U01813,dog,German Shepherd,12-24,social_media,mobile,Friday,0,0,awareness,15.4,3,4.6,12.0,1,1,0,0,0,0,0,0
U01814,dog,Chihuahua,3-6,paid_ad,desktop,Thursday,0,0,seasonal,10.85,6,3.9,13.4,1,0,0,0,0,0,0,0
U01815,dog,Mixed,6-12,paid_ad,mobile,Thursday,1,0,awareness,4.16,5,4.8,5.5,1,1,0,0,0,1,0,0
U01816,reptile,Bearded Dragon,0-3,email,mobile,Friday,0,0,awareness,0.54,1,3.4,4.2,1,0,0,0,0,0,0,0
U01817,dog,Bulldog,6-12,email,mobile,Friday,0,0,none,0.5,2,4.1,12.0,1,1,1,1,5,0,0,1
U01818,rabbit,Holland Lop,3-6,organic,desktop,Saturday,0,0,none,5.44,1,4.2,4.1,1,1,1,3,2,0,0,1
U01819,cat,Mixed,0-3,social_media,desktop,Saturday,1,0,awareness,6.04,6,3.9,2.6,0,0,1,4,3,1,0,1
U01820,dog,Mixed,6-12,email,mobile,Thursday,1,0,awareness,8.51,1,3.6,20.5,0,1,1,3,2,0,0,1
U01821,dog,Bulldog,24+,organic,desktop,Thursday,0,0,none,3.04,5,4.6,5.8,1,0,0,0,0,0,0,0
U01822,dog,Labrador,6-12,organic,desktop,Thursday,0,1,seasonal,0.5,3,3.4,8.9,0,1,1,1,2,1,0,1
U01823,cat,Persian,12-24,paid_ad,desktop,Friday,0,0,none,4.3,3,3.5,36.5,1,0,1,2,0,1,0,1
U01824,rabbit,Mixed,3-6,email,mobile,Thursday,1,0,awareness,12.18,3,3.8,2.0,0,1,1,4,2,0,0,1
U01825,cat,Sphynx,3-6,organic,mobile,Sunday,1,1,awareness,7.22,1,4.7,1.0,1,1,0,0,0,0,0,0
U01826,cat,Persian,12-24,email,mobile,Saturday,0,1,awareness,0.5,4,3.0,8.4,0,1,1,1,2,0,0,1
U01827,dog,Poodle,3-6,paid_ad,mobile,Sunday,0,0,awareness,9.45,2,4.8,14.3,1,1,1,5,1,0,0,1
U01828,reptile,Ball Python,3-6,social_media,desktop,Saturday,1,0,none,3.83,6,4.1,9.4,0,1,1,3,5,1,0,1
U01829,rabbit,Lionhead,0-3,organic,mobile,Sunday,0,1,seasonal,1.59,5,3.2,1.0,1,1,1,2,2,0,0,1
U01830,dog,Mixed,6-12,referral,tablet,Saturday,1,0,awareness,2.77,2,3.4,7.8,1,0,1,4,5,0,0,1
U01831,reptile,Bearded Dragon,0-3,social_media,mobile,Sunday,0,1,awareness,3.16,1,3.1,9.8,1,0,0,0,0,0,0,0
U01832,cat,Siamese,0-3,organic,mobile,Tuesday,0,0,retargeting,3.44,4,3.9,44.0,0,1,1,0,2,1,1,0
U01833,cat,Bengal,3-6,social_media,mobile,Monday,0,1,none,4.86,2,3.0,1.2,1,0,0,0,0,0,0,0
U01834,cat,Persian,0-3,paid_ad,mobile,Friday,0,0,retargeting,3.88,4,4.4,17.5,1,1,1,1,1,1,0,1
U01835,rabbit,Dutch,0-3,organic,mobile,Sunday,1,1,awareness,0.54,3,3.2,7.5,1,1,1,7,1,1,1,0
U01836,cat,Siamese,3-6,organic,desktop,Thursday,1,0,retargeting,2.32,8,3.4,31.0,1,0,0,0,0,0,0,0
U01837,dog,Bulldog,0-3,organic,mobile,Tuesday,0,1,retargeting,8.37,2,3.0,16.2,1,1,1,3,3,1,0,1
U01838,dog,Mixed,6-12,referral,desktop,Friday,0,0,seasonal,8.49,9,3.5,7.5,1,1,1,3,3,0,0,1
U01839,bird,Mixed,24+,organic,desktop,Saturday,0,0,none,3.57,8,3.1,15.3,0,1,1,2,0,0,0,1
U01840,dog,Poodle,6-12,email,mobile,Wednesday,1,0,retargeting,0.92,5,3.2,8.9,1,0,0,0,0,0,0,0
U01841,dog,Poodle,12-24,referral,desktop,Saturday,0,1,none,0.5,8,4.9,19.0,1,1,1,5,2,1,0,1
U01842,cat,Siamese,0-3,organic,desktop,Sunday,0,0,retargeting,2.92,6,3.2,23.4,1,0,0,0,0,1,0,0
U01843,cat,Ragdoll,12-24,referral,mobile,Sunday,0,0,none,0.5,1,4.6,17.7,1,1,0,0,0,0,0,0
U01844,cat,Ragdoll,6-12,referral,mobile,Wednesday,0,0,none,3.0,1,4.3,7.0,1,0,0,0,0,0,0,0
U01845,bird,Parakeet,3-6,paid_ad,tablet,Wednesday,1,1,none,8.62,4,3.6,1.0,1,0,0,0,0,0,0,0
U01846,dog,Mixed,0-3,organic,mobile,Thursday,1,0,none,1.53,2,4.7,2.2,0,0,0,0,0,0,0,0
U01847,dog,Chihuahua,6-12,email,mobile,Thursday,0,0,none,8.56,6,3.9,9.4,1,1,0,0,0,0,0,0
U01848,dog,Mixed,12-24,paid_ad,tablet,Tuesday,1,1,awareness,7.93,5,3.6,13.2,1,1,0,0,0,0,0,0
U01849,bird,Canary,0-3,referral,mobile,Saturday,0,1,none,0.5,2,4.6,1.5,1,1,1,6,2,0,0,1
U01850,cat,Siamese,12-24,organic,mobile,Thursday,1,0,retargeting,4.71,6,4.4,9.3,1,1,0,0,0,0,0,0
U01851,dog,Mixed,12-24,paid_ad,desktop,Sunday,0,0,none,1.28,4,3.2,5.1,1,1,1,1,1,1,0,1
U01852,rabbit,Dutch,12-24,social_media,desktop,Sunday,0,0,none,6.38,10,3.7,1.1,1,1,1,4,3,0,0,1
U01853,bird,Canary,12-24,organic,mobile,Monday,0,0,awareness,0.54,2,4.3,6.5,1,1,1,4,2,0,0,1
U01854,rabbit,Holland Lop,6-12,social_media,mobile,Sunday,0,0,none,1.74,4,3.5,15.0,0,1,0,0,0,0,0,0
U01855,bird,Mixed,12-24,paid_ad,desktop,Saturday,0,0,none,5.02,5,4.2,22.4,1,1,0,0,0,0,0,0
U01856,dog,Bulldog,12-24,social_media,desktop,Friday,1,1,seasonal,0.5,5,3.6,21.5,1,1,1,2,1,0,0,1
U01857,rabbit,Lionhead,6-12,social_media,mobile,Thursday,1,0,none,0.58,2,3.4,10.7,1,0,1,1,1,1,1,0
U01858,cat,Bengal,12-24,referral,mobile,Friday,0,1,retargeting,1.76,5,3.7,1.5,1,1,1,1,1,0,0,1
U01859,rabbit,Holland Lop,12-24,social_media,mobile,Wednesday,1,0,none,2.17,3,3.7,13.6,1,1,1,2,3,0,0,1
U01860,cat,Persian,0-3,email,desktop,Friday,0,0,seasonal,15.25,6,4.3,1.0,1,0,1,1,4,1,1,0
U01861,rabbit,Lionhead,3-6,social_media,desktop,Monday,0,0,none,1.24,4,4.2,8.3,1,1,1,1,0,0,0,1
U01862,cat,Bengal,12-24,social_media,tablet,Friday,0,1,seasonal,2.77,3,3.9,16.1,1,0,1,1,2,1,0,1
U01863,dog,Labrador,3-6,email,desktop,Wednesday,1,0,none,5.04,4,4.5,2.0,0,1,0,0,0,0,0,0
U01864,cat,Siamese,24+,referral,desktop,Monday,0,0,none,2.74,1,4.7,14.6,1,0,1,3,2,0,0,1
U01865,reptile,Bearded Dragon,6-12,social_media,mobile,Friday,0,0,awareness,3.44,2,3.2,16.8,1,1,0,0,0,0,0,0
U01866,bird,Lovebird,0-3,paid_ad,desktop,Friday,0,0,awareness,1.78,6,4.3,33.2,1,1,1,4,1,0,0,1
U01867,dog,German Shepherd,3-6,organic,desktop,Thursday,0,0,none,11.54,1,4.4,3.7,1,0,1,2,3,0,0,1
U01868,dog,German Shepherd,12-24,organic,mobile,Monday,1,1,none,3.2,7,3.9,25.7,0,1,1,5,2,1,1,0
U01869,dog,Golden Retriever,3-6,social_media,mobile,Sunday,0,1,retargeting,0.5,2,3.1,6.3,1,0,1,2,5,0,0,1
U01870,cat,Maine Coon,3-6,organic,tablet,Friday,0,0,none,6.41,4,3.9,7.4,1,0,0,0,0,0,0,0
U01871,rabbit,Dutch,3-6,organic,mobile,Tuesday,0,1,awareness,2.95,5,4.7,50.3,0,0,1,3,0,0,0,1
U01872,dog,Golden Retriever,3-6,social_media,mobile,Friday,0,0,awareness,1.88,1,3.3,10.6,1,1,0,0,0,0,0,0
U01873,cat,Mixed,0-3,organic,desktop,Friday,1,1,retargeting,0.5,6,3.7,30.6,1,0,1,4,5,1,0,1
U01874,rabbit,Holland Lop,0-3,organic,desktop,Monday,0,0,none,1.34,7,4.5,18.0,0,1,1,0,9,0,0,1
U01875,cat,Mixed,12-24,social_media,mobile,Friday,1,1,awareness,2.37,5,4.7,8.1,1,0,1,1,3,1,0,1
U01876,cat,Persian,6-12,email,desktop,Saturday,0,1,none,1.74,3,4.8,1.0,1,0,1,1,3,1,1,0
U01877,cat,Ragdoll,3-6,referral,mobile,Saturday,1,1,none,3.92,4,4.6,10.2,1,0,1,3,0,0,0,1
U01878,cat,Sphynx,12-24,email,mobile,Tuesday,1,0,awareness,5.67,1,4.2,7.0,1,1,0,0,0,0,0,0
U01879,dog,German Shepherd,6-12,social_media,mobile,Sunday,1,0,seasonal,8.82,1,3.7,11.2,0,1,1,3,0,0,0,1
U01880,cat,Siamese,6-12,referral,desktop,Wednesday,1,1,none,8.12,6,4.0,19.7,1,0,0,0,0,1,1,0
U01881,cat,Mixed,6-12,paid_ad,tablet,Sunday,0,1,none,7.59,1,3.0,11.6,1,0,1,1,3,0,0,1
U01882,bird,Mixed,3-6,organic,desktop,Monday,1,0,retargeting,5.63,4,3.7,16.7,1,1,1,3,1,1,0,1
U01883,cat,Siamese,12-24,organic,tablet,Friday,1,0,none,27.51,3,4.5,18.0,0,1,1,3,0,1,0,1
U01884,rabbit,Holland Lop,3-6,email,mobile,Friday,1,0,awareness,1.06,3,4.3,22.7,0,1,0,0,0,0,0,0
U01885,dog,Golden Retriever,6-12,email,mobile,Wednesday,0,0,seasonal,1.41,1,3.0,15.7,1,1,1,4,1,1,1,0
U01886,cat,Siamese,12-24,paid_ad,desktop,Saturday,1,1,seasonal,1.05,4,4.1,31.9,1,0,1,1,1,0,0,1
U01887,dog,Golden Retriever,6-12,paid_ad,mobile,Friday,0,1,none,3.03,1,3.0,5.4,0,1,1,1,3,1,1,0
U01888,dog,Chihuahua,6-12,email,desktop,Monday,0,0,awareness,0.79,5,3.7,27.1,1,1,1,4,4,0,0,1
U01889,cat,Sphynx,6-12,referral,desktop,Friday,0,1,seasonal,2.46,9,5.0,15.0,1,0,1,4,3,1,0,1
U01890,reptile,Ball Python,3-6,social_media,tablet,Friday,1,0,none,3.3,3,3.8,14.3,0,1,0,0,0,0,0,0
U01891,dog,Bulldog,24+,organic,mobile,Tuesday,0,0,awareness,14.38,1,4.8,3.1,1,0,1,3,3,0,0,1
U01892,cat,Mixed,12-24,paid_ad,mobile,Sunday,0,0,none,15.1,2,3.0,27.9,1,1,0,0,0,0,0,0
U01893,rabbit,Lionhead,3-6,organic,mobile,Sunday,0,1,none,4.77,6,4.4,13.8,0,0,0,0,0,0,0,0
U01894,dog,Chihuahua,6-12,paid_ad,mobile,Wednesday,0,1,seasonal,2.24,6,3.9,3.0,1,1,1,4,3,0,0,1
U01895,cat,Ragdoll,12-24,referral,desktop,Friday,1,0,retargeting,15.63,2,4.1,1.0,1,1,1,6,5,1,1,0
U01896,cat,Siamese,12-24,email,mobile,Wednesday,1,0,none,9.48,9,5.0,10.0,1,0,0,0,0,0,0,0
U01897,cat,Persian,24+,email,mobile,Saturday,0,0,retargeting,10.97,1,3.6,5.0,1,0,1,5,2,0,0,1
U01898,dog,Golden Retriever,0-3,social_media,mobile,Sunday,0,0,awareness,4.65,4,4.7,5.3,0,1,1,6,3,0,0,1
U01899,dog,Mixed,3-6,social_media,mobile,Thursday,0,0,seasonal,1.03,2,4.8,1.2,1,1,1,1,2,0,0,1
U01900,rabbit,Dutch,24+,social_media,mobile,Saturday,0,0,none,0.5,6,3.6,3.8,1,1,1,1,3,0,0,1
U01901,cat,Siamese,6-12,email,mobile,Friday,0,1,none,11.2,1,3.1,51.3,1,0,1,2,4,1,0,1
U01902,dog,Mixed,24+,paid_ad,mobile,Thursday,0,0,none,0.5,5,4.6,12.3,1,1,1,4,1,1,0,1
U01903,rabbit,Mixed,3-6,email,mobile,Sunday,0,0,awareness,1.23,3,4.9,11.5,1,1,0,0,0,0,0,0
U01904,dog,Chihuahua,12-24,organic,mobile,Friday,0,0,none,3.04,2,4.0,10.6,0,1,1,7,0,0,0,1
U01905,cat,Sphynx,6-12,social_media,mobile,Thursday,1,0,none,0.5,1,4.7,22.0,1,0,1,2,2,1,1,0
U01906,dog,Poodle,6-12,paid_ad,mobile,Saturday,0,0,seasonal,10.8,3,3.4,16.9,1,1,1,6,4,0,0,1
U01907,reptile,Bearded Dragon,6-12,social_media,mobile,Wednesday,0,0,seasonal,1.18,1,4.5,3.2,0,1,0,0,0,0,0,0
U01908,dog,Poodle,12-24,social_media,desktop,Wednesday,0,0,awareness,0.5,2,4.4,10.4,0,1,1,5,4,1,0,1
U01909,dog,Mixed,3-6,paid_ad,desktop,Sunday,1,1,seasonal,39.39,1,4.1,18.5,0,0,1,3,2,1,1,0
U01910,dog,Beagle,24+,email,desktop,Saturday,0,0,seasonal,2.91,3,3.6,9.0,1,1,0,0,0,0,0,0
U01911,dog,Bulldog,6-12,social_media,mobile,Saturday,0,0,retargeting,9.53,5,3.5,11.7,1,0,1,2,0,1,1,0
U01912,bird,Cockatiel,12-24,paid_ad,mobile,Wednesday,0,1,awareness,2.11,4,4.4,1.3,1,1,0,0,0,0,0,0
U01913,reptile,Bearded Dragon,0-3,organic,desktop,Friday,1,0,seasonal,6.53,10,4.1,1.0,1,1,0,0,0,0,0,0
U01914,dog,Bulldog,0-3,referral,mobile,Sunday,1,0,awareness,1.26,4,4.7,22.0,0,1,1,3,0,0,0,1
U01915,cat,Persian,3-6,organic,desktop,Wednesday,1,0,none,5.45,4,4.6,22.4,1,1,0,0,0,1,1,0
U01916,cat,Bengal,12-24,organic,mobile,Tuesday,0,0,none,1.36,1,3.4,10.7,1,0,1,0,1,0,0,1
U01917,bird,Canary,3-6,paid_ad,mobile,Friday,1,0,awareness,10.56,1,3.4,25.3,1,1,0,0,0,0,0,0
U01918,cat,Bengal,12-24,organic,desktop,Thursday,1,0,seasonal,0.5,4,4.9,22.8,1,1,1,5,2,0,0,1
U01919,dog,Golden Retriever,0-3,paid_ad,mobile,Tuesday,0,1,retargeting,1.46,4,3.8,6.6,1,0,1,1,1,1,0,1
U01920,cat,Siamese,3-6,paid_ad,mobile,Sunday,1,1,seasonal,10.17,3,4.1,10.1,1,0,0,0,0,0,0,0
U01921,cat,Sphynx,3-6,paid_ad,mobile,Sunday,0,0,retargeting,2.98,2,3.8,9.6,1,0,0,0,0,0,0,0
U01922,dog,Poodle,0-3,referral,mobile,Friday,0,0,none,4.17,3,4.1,1.0,1,1,1,3,2,0,0,1
U01923,cat,Sphynx,12-24,organic,mobile,Saturday,1,0,retargeting,4.8,1,4.4,1.0,0,1,1,2,2,1,1,0
U01924,dog,German Shepherd,12-24,paid_ad,desktop,Sunday,0,0,none,0.57,3,3.7,27.3,1,1,0,0,0,0,0,0
U01925,rabbit,Dutch,12-24,organic,desktop,Saturday,0,0,awareness,0.5,5,3.7,57.1,0,1,1,0,1,1,0,1
U01926,dog,Poodle,3-6,social_media,desktop,Monday,0,0,retargeting,21.67,5,4.7,21.2,1,0,0,0,0,0,0,0
U01927,cat,Maine Coon,24+,paid_ad,mobile,Tuesday,1,0,awareness,1.44,3,4.2,1.1,1,1,0,0,0,0,0,0
U01928,cat,Mixed,12-24,social_media,tablet,Monday,0,0,retargeting,3.11,1,4.7,14.1,0,1,1,1,3,1,0,1
U01929,cat,Maine Coon,3-6,email,desktop,Monday,0,0,none,8.94,6,4.7,14.7,0,1,0,0,0,0,0,0
U01930,dog,Chihuahua,12-24,social_media,mobile,Wednesday,0,0,retargeting,1.23,6,3.3,4.7,1,1,0,0,0,1,0,0
U01931,cat,Persian,0-3,email,desktop,Thursday,1,0,none,10.3,6,4.6,10.0,1,0,1,3,1,1,1,0
U01932,cat,Mixed,0-3,referral,desktop,Wednesday,1,0,awareness,4.78,7,4.8,1.0,1,1,1,2,2,0,0,1
U01933,cat,Bengal,12-24,organic,desktop,Monday,0,0,awareness,15.15,1,3.9,9.5,0,0,1,4,2,0,0,1
U01934,cat,Sphynx,24+,email,mobile,Friday,0,0,awareness,1.49,2,4.0,4.7,1,1,1,5,3,0,0,1
U01935,cat,Mixed,6-12,paid_ad,mobile,Wednesday,0,0,none,1.04,2,3.8,3.7,1,1,0,0,0,0,0,0
U01936,rabbit,Lionhead,6-12,social_media,desktop,Saturday,0,0,none,10.69,2,3.3,55.0,1,1,1,6,4,1,0,1
U01937,dog,Beagle,3-6,organic,mobile,Monday,1,0,retargeting,1.8,2,4.1,16.8,1,1,1,2,3,0,0,1
U01938,rabbit,Lionhead,12-24,email,desktop,Sunday,0,0,awareness,3.18,3,3.8,33.5,1,0,1,2,2,0,0,1
U01939,cat,Ragdoll,12-24,social_media,desktop,Sunday,0,1,awareness,12.31,7,4.6,2.4,1,0,1,5,5,0,0,1
U01940,dog,German Shepherd,3-6,organic,desktop,Saturday,0,0,awareness,7.87,6,4.0,3.9,1,1,1,1,1,1,1,0
U01941,dog,Chihuahua,6-12,paid_ad,mobile,Saturday,0,0,seasonal,2.65,1,4.9,39.2,1,1,0,0,0,0,0,0
U01942,dog,German Shepherd,12-24,social_media,desktop,Sunday,0,0,seasonal,2.24,4,4.5,4.9,1,1,1,6,7,0,0,1
U01943,rabbit,Mini Rex,12-24,referral,mobile,Tuesday,0,0,none,5.06,4,3.5,31.7,0,1,1,1,1,1,1,0
U01944,cat,Maine Coon,12-24,paid_ad,desktop,Sunday,1,0,none,1.55,7,3.8,20.2,1,1,0,0,0,0,0,0
U01945,rabbit,Mini Rex,3-6,email,desktop,Saturday,0,1,awareness,15.81,3,4.2,1.0,1,1,0,0,0,0,0,0
U01946,cat,Bengal,12-24,organic,mobile,Saturday,0,1,none,0.74,4,3.3,2.5,1,1,1,3,2,0,0,1
U01947,cat,Siamese,6-12,social_media,desktop,Thursday,0,0,none,12.75,4,4.0,12.2,0,1,1,0,1,1,0,1
U01948,dog,Beagle,0-3,organic,mobile,Friday,1,0,none,2.51,7,4.7,37.3,1,1,1,1,4,1,1,0
U01949,dog,Chihuahua,6-12,referral,mobile,Saturday,0,0,none,0.94,6,3.3,12.9,0,1,1,1,1,0,0,1
U01950,cat,Bengal,12-24,organic,mobile,Friday,1,0,awareness,2.34,4,3.2,18.0,0,1,0,0,0,0,0,0
U01951,dog,Beagle,12-24,organic,mobile,Saturday,1,1,none,1.14,5,4.0,16.8,0,1,0,0,0,0,0,0
U01952,dog,Golden Retriever,24+,social_media,mobile,Monday,1,0,none,0.67,1,4.8,1.8,1,1,1,2,5,0,0,1
U01953,cat,Siamese,0-3,organic,mobile,Thursday,0,0,seasonal,1.24,6,4.4,26.5,1,0,1,1,2,0,0,1
U01954,cat,Sphynx,0-3,organic,desktop,Thursday,0,0,seasonal,15.76,4,4.1,19.8,1,1,1,5,3,0,0,1
U01955,reptile,Ball Python,24+,email,desktop,Wednesday,0,0,seasonal,0.67,1,3.3,5.8,0,1,1,5,1,1,1,0
U01956,bird,Canary,12-24,organic,desktop,Tuesday,0,1,none,21.57,5,4.5,9.3,1,1,0,0,0,0,0,0
U01957,cat,Siamese,3-6,organic,mobile,Tuesday,1,1,none,0.5,1,4.3,9.8,1,1,1,1,4,0,0,1
U01958,cat,Maine Coon,0-3,social_media,tablet,Thursday,0,1,none,6.98,4,4.9,23.7,1,1,1,1,1,0,0,1
U01959,cat,Maine Coon,12-24,paid_ad,desktop,Friday,0,0,none,15.14,4,3.2,45.6,1,1,1,1,2,0,0,1
U01960,rabbit,Dutch,3-6,email,mobile,Monday,0,0,none,9.51,4,3.7,29.3,0,1,0,0,0,0,0,0
U01961,dog,Mixed,12-24,social_media,desktop,Sunday,1,1,seasonal,1.21,2,4.0,9.8,0,1,1,3,4,1,1,0
U01962,cat,Siamese,6-12,email,mobile,Saturday,0,1,seasonal,5.45,5,4.3,6.2,1,1,0,0,0,0,0,0
U01963,rabbit,Lionhead,6-12,social_media,desktop,Saturday,0,0,retargeting,0.68,5,3.9,3.9,1,0,1,0,1,0,0,1
U01964,dog,Mixed,6-12,referral,mobile,Tuesday,0,1,retargeting,1.98,5,3.8,17.4,0,1,1,3,1,0,0,1
U01965,cat,Ragdoll,3-6,organic,mobile,Friday,1,0,awareness,5.99,5,3.7,8.1,1,0,1,2,4,0,0,1
U01966,cat,Maine Coon,0-3,email,desktop,Friday,0,0,retargeting,3.31,2,3.2,2.3,1,1,1,3,3,1,0,1
U01967,dog,German Shepherd,6-12,paid_ad,mobile,Sunday,0,0,seasonal,1.71,1,3.8,1.0,1,0,1,3,4,0,0,1
U01968,dog,Bulldog,3-6,paid_ad,mobile,Saturday,0,0,awareness,0.56,1,3.5,13.1,1,0,1,5,2,0,0,1
U01969,dog,Chihuahua,6-12,organic,tablet,Friday,1,1,none,0.5,4,3.6,31.0,1,1,1,3,1,1,1,0
U01970,dog,Golden Retriever,6-12,organic,tablet,Sunday,0,0,none,0.8,6,3.0,6.0,1,1,0,0,0,0,0,0
U01971,dog,Bulldog,0-3,paid_ad,desktop,Tuesday,1,1,awareness,16.25,6,3.1,3.6,0,1,1,1,0,0,0,1
U01972,rabbit,Mini Rex,3-6,organic,mobile,Monday,1,0,none,0.5,1,3.6,10.5,0,1,1,3,3,0,0,1
U01973,dog,Poodle,3-6,paid_ad,mobile,Saturday,0,0,seasonal,5.37,2,3.4,21.0,1,1,1,4,3,0,0,1
U01974,cat,Persian,3-6,paid_ad,desktop,Monday,0,1,awareness,11.42,8,4.1,1.0,0,0,0,0,0,0,0,0
U01975,dog,Poodle,0-3,paid_ad,mobile,Tuesday,0,0,retargeting,3.82,3,4.0,31.4,1,1,1,3,2,1,0,1
U01976,bird,Canary,0-3,organic,mobile,Saturday,0,1,none,4.59,6,4.7,70.7,1,1,1,3,0,0,0,1
U01977,dog,Chihuahua,3-6,paid_ad,mobile,Wednesday,0,0,awareness,4.81,6,3.1,8.9,0,1,1,2,3,1,1,0
U01978,cat,Bengal,6-12,email,mobile,Friday,0,0,awareness,2.77,3,4.4,27.9,1,0,1,4,1,0,0,1
U01979,bird,Lovebird,6-12,paid_ad,mobile,Sunday,0,0,retargeting,1.69,8,4.8,8.1,1,1,1,6,1,0,0,1
U01980,rabbit,Lionhead,0-3,organic,mobile,Wednesday,0,1,none,9.93,5,4.2,1.7,0,1,1,2,0,1,0,1
U01981,dog,German Shepherd,0-3,organic,mobile,Tuesday,1,0,seasonal,16.26,4,4.7,10.5,1,1,0,0,0,0,0,0
U01982,rabbit,Dutch,6-12,social_media,mobile,Tuesday,1,0,retargeting,3.69,2,4.1,2.9,1,0,1,3,2,0,0,1
U01983,cat,Maine Coon,3-6,organic,mobile,Tuesday,0,1,retargeting,1.0,4,4.6,3.2,1,1,1,2,1,0,0,1
U01984,cat,Mixed,3-6,email,mobile,Monday,0,0,seasonal,2.7,5,3.1,23.8,0,0,1,5,2,0,0,1
U01985,dog,Labrador,6-12,referral,desktop,Monday,1,1,seasonal,5.35,3,3.3,1.6,1,0,0,0,0,0,0,0
U01986,dog,German Shepherd,0-3,social_media,desktop,Thursday,1,0,none,11.07,4,3.2,5.2,1,1,0,0,0,0,0,0
U01987,cat,Siamese,0-3,paid_ad,mobile,Wednesday,1,0,retargeting,5.01,3,4.8,6.7,0,1,0,0,0,0,0,0
U01988,cat,Maine Coon,0-3,organic,mobile,Saturday,0,0,none,3.29,2,4.1,36.0,0,1,0,0,0,0,0,0
U01989,cat,Mixed,0-3,organic,mobile,Sunday,0,0,awareness,5.19,2,3.7,14.1,0,0,1,2,3,0,0,1
U01990,cat,Maine Coon,0-3,organic,mobile,Saturday,0,0,none,0.5,4,4.1,1.0,1,1,1,4,2,0,0,1
U01991,rabbit,Mixed,12-24,social_media,mobile,Friday,0,0,awareness,5.25,3,3.0,5.0,1,1,0,0,0,0,0,0
U01992,dog,Beagle,12-24,referral,mobile,Tuesday,0,0,awareness,1.08,2,4.4,1.0,0,1,0,0,0,0,0,0
U01993,cat,Bengal,24+,organic,desktop,Saturday,0,0,awareness,8.33,6,3.5,20.0,1,1,1,2,2,0,0,1
U01994,dog,Beagle,6-12,email,desktop,Thursday,0,0,retargeting,0.94,1,3.5,3.2,1,1,1,1,2,1,0,1
U01995,rabbit,Mini Rex,3-6,social_media,mobile,Monday,1,0,awareness,0.5,1,3.5,3.8,1,1,0,0,0,0,0,0
U01996,cat,Mixed,0-3,referral,mobile,Sunday,0,0,none,0.5,1,3.6,1.9,1,0,0,0,0,0,0,0
U01997,reptile,Bearded Dragon,3-6,organic,desktop,Wednesday,0,1,retargeting,14.46,3,4.3,17.5,0,1,1,1,2,1,0,1
U01998,dog,German Shepherd,3-6,organic,mobile,Tuesday,1,0,awareness,4.22,4,4.2,10.9,1,1,1,2,1,1,1,0
U01999,dog,Beagle,3-6,organic,desktop,Sunday,1,0,awareness,3.5,5,4.2,4.6,1,1,0,0,0,0,0,0
U02000,dog,Beagle,3-6,social_media,mobile,Sunday,0,0,seasonal,7.05,1,3.6,23.6,0,1,1,1,0,0,0,1
U02001,dog,Golden Retriever,24+,organic,desktop,Wednesday,1,0,none,7.67,5,4.5,13.1,0,1,0,0,0,0,0,0
U02002,dog,Mixed,3-6,paid_ad,tablet,Thursday,0,0,awareness,6.29,2,5.0,3.0,1,0,1,1,3,0,0,1
U02003,bird,Parakeet,0-3,email,tablet,Friday,0,1,retargeting,3.34,4,4.3,1.0,1,0,0,0,0,0,0,0
U02004,dog,Labrador,3-6,email,mobile,Saturday,1,1,none,0.5,2,4.1,1.4,0,0,1,3,1,1,1,0
U02005,dog,Poodle,0-3,social_media,mobile,Monday,0,1,none,1.36,2,3.3,6.1,1,1,0,0,0,0,0,0
U02006,rabbit,Lionhead,6-12,organic,mobile,Friday,0,0,retargeting,0.5,2,3.2,1.2,0,0,1,2,1,0,0,1
U02007,cat,Ragdoll,12-24,social_media,tablet,Sunday,0,0,none,7.06,2,3.5,4.2,0,1,1,2,0,0,0,1
U02008,rabbit,Mixed,3-6,referral,mobile,Wednesday,0,1,awareness,1.0,2,4.0,1.2,0,1,1,1,2,0,0,1
U02009,dog,Bulldog,6-12,paid_ad,mobile,Sunday,0,0,awareness,2.72,5,3.6,1.2,1,1,0,0,0,0,0,0
U02010,cat,Siamese,12-24,paid_ad,mobile,Sunday,0,1,retargeting,1.98,7,5.0,5.5,1,1,1,3,1,1,0,1
U02011,dog,Labrador,3-6,paid_ad,mobile,Wednesday,0,0,retargeting,0.7,2,4.2,10.8,0,1,0,0,0,0,0,0
U02012,dog,Mixed,0-3,organic,mobile,Saturday,1,1,seasonal,14.46,2,3.7,6.3,0,1,1,4,1,1,0,1
U02013,bird,Canary,3-6,organic,desktop,Wednesday,0,1,none,16.26,4,4.5,1.6,1,0,0,0,0,1,1,0
U02014,dog,Labrador,3-6,organic,mobile,Saturday,0,0,retargeting,0.5,5,3.4,1.0,1,0,1,1,2,0,0,1
U02015,cat,Persian,12-24,social_media,mobile,Saturday,0,0,retargeting,7.99,5,4.8,3.3,0,0,0,0,0,0,0,0
U02016,cat,Maine Coon,0-3,organic,tablet,Wednesday,1,0,none,4.36,3,4.0,18.0,0,1,0,0,0,0,0,0
U02017,dog,Chihuahua,0-3,social_media,desktop,Saturday,1,1,seasonal,11.59,5,4.0,16.6,0,1,1,3,1,0,0,1
U02018,bird,Cockatiel,24+,email,desktop,Saturday,1,1,seasonal,0.98,3,3.5,33.7,1,0,1,2,2,1,1,0
U02019,dog,Golden Retriever,3-6,paid_ad,mobile,Thursday,0,0,none,0.65,2,3.0,36.5,1,1,0,0,0,0,0,0
U02020,cat,Sphynx,6-12,paid_ad,desktop,Tuesday,0,0,retargeting,17.27,4,5.0,22.2,1,1,1,3,4,1,0,1
U02021,reptile,Leopard Gecko,6-12,referral,mobile,Monday,0,1,retargeting,7.98,1,4.5,1.0,0,0,0,0,0,0,0,0
U02022,cat,Maine Coon,12-24,organic,mobile,Friday,0,0,awareness,2.85,3,4.6,1.7,0,1,1,3,2,0,0,1
U02023,bird,Lovebird,12-24,organic,mobile,Sunday,0,1,seasonal,7.15,3,3.7,20.2,1,1,0,0,0,0,0,0
U02024,dog,Beagle,3-6,email,mobile,Saturday,1,1,retargeting,5.01,3,4.2,26.3,1,1,0,0,0,0,0,0
U02025,cat,Bengal,12-24,organic,mobile,Thursday,0,1,retargeting,0.93,7,3.8,14.2,1,1,0,0,0,0,0,0
U02026,dog,German Shepherd,12-24,organic,tablet,Friday,1,0,none,2.59,2,3.0,6.8,1,0,0,0,0,1,1,0
U02027,cat,Siamese,12-24,social_media,mobile,Wednesday,0,0,awareness,0.67,7,4.6,3.1,1,1,0,0,0,0,0,0
U02028,reptile,Leopard Gecko,3-6,organic,mobile,Tuesday,1,0,awareness,5.2,2,3.0,16.9,0,1,1,4,0,0,0,1
U02029,dog,Chihuahua,0-3,social_media,mobile,Friday,0,1,retargeting,19.19,2,4.1,8.0,1,0,1,2,1,1,1,0
U02030,cat,Mixed,0-3,social_media,mobile,Thursday,1,0,awareness,3.6,3,4.0,7.0,0,1,1,2,2,0,0,1
U02031,dog,German Shepherd,6-12,social_media,desktop,Friday,0,0,none,8.32,3,3.7,9.5,1,1,1,4,1,1,0,1
U02032,cat,Persian,3-6,email,mobile,Sunday,1,0,none,6.24,1,3.0,27.2,0,1,1,4,2,0,0,1
U02033,cat,Mixed,0-3,social_media,desktop,Friday,0,0,awareness,1.98,5,4.3,15.4,0,0,0,0,0,0,0,0
U02034,reptile,Leopard Gecko,12-24,organic,mobile,Friday,0,1,retargeting,1.43,2,4.4,12.2,0,0,1,3,2,0,0,1
U02035,cat,Bengal,12-24,organic,desktop,Tuesday,0,1,retargeting,4.15,5,3.0,5.8,0,1,1,3,3,0,0,1
U02036,dog,Golden Retriever,3-6,social_media,desktop,Sunday,0,0,awareness,7.04,6,3.6,5.9,1,1,1,3,2,0,0,1
U02037,dog,Beagle,0-3,paid_ad,desktop,Saturday,1,0,none,14.82,6,4.1,66.5,1,1,0,0,0,0,0,0
U02038,dog,Golden Retriever,3-6,paid_ad,desktop,Sunday,1,1,none,2.29,5,4.9,9.6,1,1,1,3,4,1,1,0
U02039,dog,Labrador,6-12,email,desktop,Thursday,0,0,none,4.97,7,4.1,4.0,1,1,1,2,1,0,0,1
U02040,dog,Mixed,6-12,organic,mobile,Friday,1,0,retargeting,6.34,3,4.7,19.2,0,1,1,5,2,0,0,1
U02041,bird,Canary,12-24,email,mobile,Friday,0,0,none,0.5,4,3.9,20.8,1,1,1,3,3,0,0,1
U02042,cat,Sphynx,12-24,email,desktop,Tuesday,0,0,awareness,5.61,9,3.1,7.2,1,1,0,0,0,0,0,0
U02043,cat,Maine Coon,12-24,social_media,desktop,Saturday,0,0,retargeting,1.22,7,3.7,23.2,0,1,0,0,0,0,0,0
U02044,dog,Bulldog,24+,social_media,mobile,Sunday,1,0,seasonal,3.52,5,3.9,30.6,1,0,0,0,0,0,0,0
U02045,bird,Mixed,3-6,social_media,mobile,Tuesday,0,0,seasonal,5.11,1,4.0,26.5,0,1,0,0,0,0,0,0
U02046,cat,Sphynx,24+,email,desktop,Monday,1,0,seasonal,2.11,3,3.5,1.1,0,0,0,0,0,1,1,0
U02047,dog,Bulldog,6-12,paid_ad,mobile,Saturday,0,0,retargeting,8.62,2,3.9,23.6,1,1,1,4,1,0,0,1
U02048,cat,Mixed,0-3,organic,mobile,Wednesday,0,1,retargeting,1.85,5,3.8,7.7,1,1,1,2,0,0,0,1
U02049,cat,Mixed,6-12,paid_ad,mobile,Friday,0,0,retargeting,0.96,2,3.3,1.7,0,1,1,5,3,0,0,1
U02050,dog,Poodle,3-6,organic,desktop,Saturday,0,0,seasonal,4.88,4,4.4,33.4,1,0,0,0,0,0,0,0
U02051,cat,Sphynx,0-3,organic,tablet,Wednesday,0,0,seasonal,13.57,6,3.7,10.1,0,1,0,0,0,0,0,0
U02052,cat,Sphynx,3-6,referral,mobile,Saturday,0,1,awareness,0.5,6,3.6,31.4,1,0,1,2,5,1,0,1
U02053,dog,Mixed,12-24,referral,mobile,Friday,1,0,awareness,1.81,2,3.2,13.7,1,1,0,0,0,0,0,0
U02054,bird,Parakeet,3-6,organic,mobile,Sunday,0,1,awareness,3.71,3,4.8,5.9,0,0,1,2,5,0,0,1
U02055,rabbit,Mini Rex,6-12,social_media,mobile,Saturday,1,0,retargeting,1.55,4,4.3,12.9,0,0,1,5,1,1,0,1
U02056,cat,Bengal,24+,organic,desktop,Sunday,0,0,retargeting,0.57,4,4.5,47.5,1,0,0,0,0,0,0,0
U02057,cat,Bengal,6-12,social_media,mobile,Monday,0,0,seasonal,1.84,1,4.4,14.6,1,0,0,0,0,0,0,0
U02058,cat,Persian,24+,paid_ad,mobile,Wednesday,0,0,awareness,7.83,3,3.3,25.2,0,1,1,1,2,0,0,1
U02059,cat,Maine Coon,3-6,referral,desktop,Monday,0,0,none,26.86,5,3.3,30.0,1,0,1,3,0,0,0,1
U02060,cat,Bengal,12-24,email,desktop,Thursday,0,0,seasonal,0.5,9,4.9,7.4,1,1,1,2,0,0,0,1
U02061,dog,Mixed,24+,social_media,mobile,Sunday,0,0,none,3.83,3,3.0,2.6,1,1,1,4,2,0,0,1
U02062,cat,Bengal,6-12,email,mobile,Thursday,0,0,none,0.51,3,4.8,55.7,0,1,1,3,4,0,0,1
U02063,rabbit,Mixed,3-6,social_media,tablet,Sunday,1,1,retargeting,5.7,3,4.8,32.9,1,1,1,3,2,1,1,0
U02064,cat,Siamese,3-6,referral,mobile,Wednesday,0,1,none,0.5,3,4.1,13.5,0,1,1,3,3,0,0,1
U02065,dog,Poodle,3-6,paid_ad,desktop,Wednesday,0,0,none,0.5,2,3.7,43.8,1,1,1,5,3,1,0,1
U02066,rabbit,Mini Rex,6-12,email,mobile,Sunday,1,0,none,5.25,3,4.2,14.2,0,1,1,3,1,0,0,1
U02067,dog,Poodle,3-6,social_media,desktop,Thursday,1,0,none,0.6,6,4.1,14.6,0,1,1,0,1,1,1,0
U02068,dog,Beagle,12-24,organic,desktop,Saturday,0,0,awareness,2.84,2,5.0,14.9,0,0,0,0,0,0,0,0
U02069,dog,German Shepherd,6-12,organic,desktop,Wednesday,1,0,none,24.73,8,3.7,26.2,1,1,1,2,2,1,1,0
U02070,dog,Bulldog,3-6,paid_ad,desktop,Sunday,1,0,awareness,32.89,3,4.2,5.6,0,1,1,1,5,0,0,1
U02071,rabbit,Dutch,12-24,social_media,tablet,Friday,0,0,none,0.88,5,4.0,5.6,1,1,1,3,2,0,0,1
U02072,cat,Maine Coon,12-24,social_media,desktop,Saturday,0,1,retargeting,6.42,4,3.3,1.0,1,0,1,3,3,1,1,0
U02073,dog,Bulldog,6-12,social_media,mobile,Monday,1,0,none,3.73,1,4.7,24.8,0,1,1,4,3,1,0,1
U02074,bird,Cockatiel,0-3,paid_ad,mobile,Friday,0,0,none,2.11,2,3.4,4.6,1,1,1,1,1,0,0,1
U02075,bird,Lovebird,6-12,organic,desktop,Sunday,0,0,none,15.52,5,4.2,3.7,0,1,1,2,0,0,0,1
U02076,bird,Cockatiel,6-12,paid_ad,desktop,Sunday,0,1,awareness,8.42,7,3.7,9.7,0,0,0,0,0,0,0,0
U02077,dog,Golden Retriever,0-3,paid_ad,mobile,Monday,1,1,awareness,6.58,1,4.7,29.3,0,0,0,0,0,0,0,0
U02078,cat,Ragdoll,24+,referral,mobile,Wednesday,1,0,awareness,1.43,3,4.7,13.7,1,1,0,0,0,0,0,0
U02079,reptile,Bearded Dragon,12-24,social_media,desktop,Thursday,0,0,seasonal,3.42,7,3.3,27.7,1,1,0,0,0,0,0,0
U02080,rabbit,Dutch,3-6,organic,mobile,Tuesday,1,0,seasonal,2.34,3,4.9,1.0,1,1,0,0,0,0,0,0
U02081,dog,Poodle,6-12,social_media,mobile,Saturday,0,0,awareness,1.62,4,3.3,3.1,1,1,0,0,0,0,0,0
U02082,dog,Beagle,12-24,social_media,desktop,Tuesday,0,0,none,0.78,5,3.9,18.9,0,1,0,0,0,0,0,0
U02083,cat,Ragdoll,0-3,organic,desktop,Wednesday,0,1,awareness,1.05,2,4.4,5.0,1,0,1,3,2,1,0,1
U02084,bird,Parakeet,3-6,email,mobile,Saturday,1,0,none,0.7,1,3.8,41.8,0,0,0,0,0,1,0,0
U02085,cat,Persian,24+,social_media,mobile,Friday,0,0,retargeting,1.04,4,4.1,21.1,1,0,1,3,4,1,0,1
U02086,cat,Siamese,0-3,paid_ad,mobile,Saturday,0,1,none,1.26,1,5.0,18.1,1,1,1,3,1,0,0,1
U02087,dog,Golden Retriever,6-12,organic,mobile,Sunday,0,1,retargeting,1.34,3,3.5,1.0,1,1,1,3,6,1,0,1
U02088,cat,Mixed,6-12,email,desktop,Tuesday,0,0,seasonal,4.74,6,4.5,17.6,1,1,1,2,5,1,1,0
U02089,rabbit,Mini Rex,24+,paid_ad,mobile,Saturday,0,0,awareness,2.49,1,4.3,11.2,0,1,0,0,0,0,0,0
U02090,dog,Labrador,3-6,paid_ad,mobile,Wednesday,0,0,awareness,1.68,2,4.9,2.8,1,1,0,0,0,0,0,0
U02091,rabbit,Mixed,24+,paid_ad,mobile,Thursday,1,0,awareness,8.32,8,3.2,13.3,0,1,0,0,0,0,0,0
U02092,reptile,Leopard Gecko,0-3,paid_ad,mobile,Monday,0,1,none,2.82,4,3.5,1.7,1,0,1,1,3,0,0,1
U02093,dog,Chihuahua,3-6,referral,tablet,Tuesday,1,1,seasonal,10.07,4,4.5,10.0,0,1,0,0,0,0,0,0
U02094,cat,Mixed,3-6,social_media,mobile,Wednesday,0,1,awareness,11.74,1,4.6,3.2,1,0,0,0,0,1,0,0
U02095,dog,Mixed,0-3,social_media,desktop,Wednesday,0,0,none,1.39,3,4.4,1.0,1,1,1,2,0,1,1,0
U02096,rabbit,Dutch,24+,organic,desktop,Sunday,0,1,retargeting,3.35,3,3.3,6.9,0,1,1,7,2,0,0,1
U02097,cat,Mixed,24+,organic,mobile,Saturday,1,0,none,2.58,4,3.7,6.9,1,1,1,1,2,1,0,1
U02098,cat,Sphynx,0-3,organic,desktop,Sunday,0,0,none,3.41,7,3.4,10.9,0,0,1,0,0,0,0,1
U02099,rabbit,Dutch,6-12,organic,mobile,Friday,1,0,awareness,0.5,4,4.5,49.0,0,1,1,2,4,0,0,1
U02100,dog,Chihuahua,0-3,organic,desktop,Wednesday,1,0,retargeting,13.2,8,4.8,1.2,0,1,1,2,4,0,0,1
U02101,bird,Mixed,0-3,organic,mobile,Wednesday,0,1,awareness,0.5,1,4.2,3.8,0,1,1,3,1,1,0,1
U02102,cat,Siamese,12-24,organic,desktop,Wednesday,0,0,retargeting,42.12,2,3.3,9.0,1,1,0,0,0,0,0,0
U02103,dog,Golden Retriever,12-24,referral,mobile,Wednesday,1,0,none,6.75,4,4.7,6.4,0,1,1,7,2,0,0,1
U02104,cat,Bengal,6-12,organic,desktop,Saturday,0,0,awareness,6.77,3,3.9,12.5,1,1,1,1,2,0,0,1
U02105,rabbit,Mini Rex,0-3,paid_ad,mobile,Friday,0,1,none,0.59,2,3.3,24.4,0,1,0,0,0,0,0,0
U02106,dog,Bulldog,12-24,organic,desktop,Thursday,0,0,seasonal,5.65,3,4.2,8.1,1,1,1,3,2,0,0,1
U02107,bird,Lovebird,12-24,referral,mobile,Tuesday,0,0,none,1.06,5,3.2,5.5,0,0,1,3,1,0,0,1
U02108,bird,Parakeet,6-12,paid_ad,desktop,Monday,1,1,none,1.74,4,4.2,3.9,1,1,0,0,0,0,0,0
U02109,dog,Chihuahua,3-6,email,mobile,Tuesday,0,0,seasonal,8.05,9,4.9,23.3,1,1,1,2,0,1,1,0
U02110,reptile,Leopard Gecko,3-6,email,mobile,Tuesday,0,0,seasonal,1.68,1,4.2,1.5,1,1,1,4,3,0,0,1
U02111,dog,Beagle,6-12,organic,desktop,Saturday,0,0,retargeting,4.67,2,4.7,10.0,0,0,0,0,0,0,0,0
U02112,dog,German Shepherd,24+,referral,tablet,Tuesday,1,0,none,12.03,2,4.7,7.0,1,0,1,2,2,0,0,1
U02113,dog,Poodle,24+,paid_ad,mobile,Saturday,0,1,awareness,0.5,5,3.3,15.0,1,1,1,4,2,0,0,1
U02114,bird,Lovebird,12-24,paid_ad,tablet,Thursday,1,0,awareness,4.51,3,4.3,11.7,1,0,0,0,0,0,0,0
U02115,cat,Mixed,3-6,email,desktop,Monday,1,1,retargeting,6.73,6,4.1,6.4,0,1,0,0,0,1,1,0
U02116,dog,Chihuahua,3-6,social_media,desktop,Saturday,0,0,none,4.32,1,3.1,1.7,1,1,0,0,0,0,0,0
U02117,cat,Siamese,12-24,paid_ad,mobile,Friday,0,1,none,8.06,4,3.4,2.2,1,1,0,0,0,0,0,0
U02118,cat,Siamese,6-12,organic,mobile,Wednesday,0,0,awareness,13.03,4,3.3,17.2,0,1,1,2,5,1,0,1
U02119,dog,Beagle,24+,email,desktop,Sunday,1,0,none,4.88,8,4.2,10.2,1,0,1,1,4,0,0,1
U02120,bird,Canary,12-24,organic,mobile,Monday,1,0,retargeting,2.13,3,3.3,23.3,1,1,1,1,2,0,0,1
U02121,rabbit,Dutch,24+,referral,mobile,Tuesday,1,0,retargeting,2.44,1,3.6,38.9,0,1,0,0,0,0,0,0
U02122,cat,Maine Coon,3-6,organic,mobile,Saturday,0,0,retargeting,5.84,4,3.2,16.8,1,1,0,0,0,0,0,0
U02123,reptile,Mixed,24+,organic,mobile,Saturday,0,0,awareness,3.86,2,3.1,36.5,1,0,0,0,0,0,0,0
U02124,cat,Maine Coon,24+,email,desktop,Wednesday,0,0,seasonal,1.97,7,5.0,1.0,1,1,1,6,1,1,1,0
U02125,reptile,Ball Python,24+,paid_ad,desktop,Monday,0,0,none,0.5,6,3.8,11.6,0,1,0,0,0,0,0,0
U02126,cat,Mixed,0-3,email,desktop,Sunday,0,0,none,23.25,4,4.0,4.7,0,1,0,0,0,0,0,0
U02127,cat,Mixed,24+,organic,mobile,Wednesday,0,0,awareness,1.38,4,3.1,3.3,1,1,1,3,3,0,0,1
U02128,dog,German Shepherd,12-24,organic,mobile,Tuesday,0,1,none,4.63,3,3.3,4.9,0,0,0,0,0,0,0,0
U02129,bird,Cockatiel,3-6,paid_ad,mobile,Friday,0,0,none,6.17,3,4.2,25.7,0,1,0,0,0,0,0,0
U02130,cat,Siamese,6-12,referral,mobile,Sunday,0,1,none,1.62,1,3.8,14.9,1,1,0,0,0,0,0,0
U02131,dog,Poodle,0-3,paid_ad,desktop,Monday,0,0,seasonal,7.87,3,4.2,22.5,1,0,1,3,4,0,0,1
U02132,dog,Bulldog,3-6,social_media,desktop,Saturday,0,1,seasonal,0.89,6,3.6,10.4,0,1,1,2,2,0,0,1
U02133,cat,Persian,3-6,referral,mobile,Friday,0,0,awareness,15.94,1,4.0,4.7,0,1,0,0,0,0,0,0
U02134,cat,Maine Coon,12-24,social_media,desktop,Thursday,0,1,none,0.5,3,4.8,9.5,0,0,0,0,0,0,0,0
U02135,cat,Siamese,6-12,social_media,mobile,Saturday,1,0,none,2.62,3,4.2,3.6,0,1,1,4,1,0,0,1
U02136,bird,Parakeet,24+,social_media,desktop,Sunday,0,1,none,4.62,8,4.4,71.4,0,1,1,2,0,0,0,1
U02137,dog,Mixed,6-12,social_media,mobile,Wednesday,1,1,none,7.11,3,4.9,22.2,1,0,0,0,0,0,0,0
U02138,cat,Ragdoll,12-24,paid_ad,desktop,Tuesday,0,0,none,1.01,7,4.4,1.0,1,1,1,1,2,0,0,1
U02139,dog,Bulldog,12-24,social_media,mobile,Sunday,0,0,retargeting,2.64,2,4.3,92.8,1,0,0,0,0,0,0,0
U02140,bird,Parakeet,0-3,social_media,mobile,Saturday,0,1,awareness,1.25,4,4.7,2.4,1,0,1,5,1,0,0,1
U02141,rabbit,Dutch,12-24,organic,mobile,Thursday,0,0,none,1.31,6,4.4,16.1,1,1,1,3,1,1,0,1
U02142,cat,Sphynx,0-3,organic,mobile,Friday,0,0,retargeting,6.86,4,4.2,7.2,1,1,1,3,1,0,0,1
U02143,cat,Bengal,3-6,email,mobile,Saturday,1,0,retargeting,0.5,3,3.5,11.8,0,1,1,8,0,0,0,1
U02144,dog,Labrador,6-12,organic,mobile,Saturday,0,0,awareness,6.29,2,3.1,18.8,1,1,0,0,0,0,0,0
U02145,cat,Maine Coon,6-12,organic,mobile,Sunday,0,1,none,7.57,1,3.8,5.4,1,1,1,4,0,0,0,1
U02146,rabbit,Lionhead,24+,email,desktop,Thursday,0,0,seasonal,13.9,5,4.6,1.6,1,1,1,3,2,0,0,1
U02147,cat,Siamese,3-6,email,mobile,Wednesday,0,0,retargeting,4.49,3,4.0,16.1,0,1,0,0,0,1,1,0
U02148,dog,Chihuahua,3-6,paid_ad,desktop,Saturday,1,0,none,3.16,4,3.2,1.0,0,1,1,5,4,1,0,1
U02149,cat,Bengal,12-24,social_media,mobile,Thursday,1,0,awareness,2.54,4,3.9,3.8,1,0,1,3,0,0,0,1
U02150,rabbit,Lionhead,3-6,paid_ad,tablet,Friday,0,1,awareness,17.49,3,4.2,1.0,1,1,1,3,1,1,0,1
U02151,dog,Poodle,12-24,referral,tablet,Thursday,0,0,awareness,13.85,2,3.5,19.9,1,1,1,4,3,0,0,1
U02152,dog,Chihuahua,3-6,paid_ad,mobile,Tuesday,0,0,awareness,2.83,2,3.2,32.1,0,1,1,2,3,1,1,0
U02153,cat,Bengal,3-6,email,desktop,Thursday,1,0,awareness,22.35,3,4.1,5.9,1,1,1,3,1,1,1,0
U02154,rabbit,Mixed,24+,social_media,mobile,Saturday,0,1,retargeting,6.06,4,3.2,5.7,0,0,0,0,0,0,0,0
U02155,dog,Poodle,6-12,referral,tablet,Saturday,1,0,awareness,15.04,3,3.0,1.5,1,1,1,2,1,0,0,1
U02156,dog,Chihuahua,24+,organic,mobile,Friday,0,0,none,5.23,7,4.5,1.0,1,1,1,5,1,1,1,0
U02157,dog,Golden Retriever,3-6,organic,mobile,Tuesday,1,0,none,8.87,1,3.9,4.0,1,1,1,4,2,1,1,0
U02158,dog,Labrador,0-3,social_media,mobile,Thursday,0,0,none,10.12,5,3.1,29.4,0,1,0,0,0,0,0,0
U02159,cat,Siamese,12-24,organic,mobile,Saturday,0,0,awareness,0.5,2,4.2,13.8,0,1,1,2,6,0,0,1
U02160,cat,Maine Coon,3-6,referral,mobile,Thursday,0,0,none,15.28,3,3.0,1.0,1,1,0,0,0,0,0,0
U02161,cat,Sphynx,12-24,email,desktop,Saturday,1,1,retargeting,3.17,4,3.7,14.1,0,0,1,5,3,0,0,1
U02162,cat,Sphynx,6-12,email,mobile,Friday,1,1,none,2.64,1,3.3,1.0,1,0,1,2,5,0,0,1
U02163,dog,Poodle,24+,email,mobile,Wednesday,1,1,retargeting,7.14,2,3.8,8.1,1,1,0,0,0,1,1,0
U02164,rabbit,Mixed,3-6,social_media,mobile,Saturday,1,0,retargeting,3.83,6,3.0,40.9,0,0,1,4,3,0,0,1
U02165,cat,Persian,12-24,organic,mobile,Monday,0,0,none,10.17,2,4.9,14.8,1,0,0,0,0,0,0,0
U02166,reptile,Leopard Gecko,12-24,email,mobile,Friday,1,0,retargeting,1.79,2,3.3,14.2,1,0,1,3,2,0,0,1
U02167,cat,Maine Coon,0-3,paid_ad,desktop,Tuesday,1,1,seasonal,3.64,2,4.9,16.8,1,1,1,4,1,1,1,0
U02168,dog,Mixed,12-24,social_media,mobile,Monday,0,0,none,0.5,3,4.0,2.2,1,1,1,3,2,1,1,0
U02169,cat,Siamese,6-12,paid_ad,desktop,Friday,0,1,seasonal,4.85,2,3.1,1.5,1,1,1,2,4,0,0,1
U02170,dog,Beagle,24+,organic,mobile,Friday,0,0,awareness,5.86,3,4.8,7.0,1,0,1,1,2,0,0,1
U02171,cat,Sphynx,6-12,organic,mobile,Saturday,0,1,awareness,1.63,2,3.8,3.2,0,1,0,0,0,0,0,0
U02172,dog,Golden Retriever,6-12,organic,desktop,Saturday,1,0,none,4.85,3,3.3,1.0,1,1,0,0,0,0,0,0
U02173,dog,Poodle,12-24,social_media,mobile,Saturday,0,0,retargeting,1.13,5,3.5,6.2,1,1,1,4,4,0,0,1
U02174,bird,Canary,6-12,paid_ad,mobile,Thursday,0,0,awareness,5.19,3,3.6,10.3,1,1,1,5,2,0,0,1
U02175,dog,Mixed,6-12,paid_ad,desktop,Saturday,0,1,retargeting,0.5,7,4.2,1.0,0,1,1,3,3,1,1,0
U02176,rabbit,Dutch,6-12,social_media,mobile,Friday,0,1,retargeting,4.28,4,4.9,53.6,0,1,1,5,1,1,1,0
U02177,dog,German Shepherd,12-24,email,mobile,Thursday,0,1,awareness,2.17,3,3.4,21.7,1,0,0,0,0,0,0,0
U02178,cat,Maine Coon,0-3,paid_ad,desktop,Friday,1,0,none,0.5,2,3.4,20.1,0,1,0,0,0,0,0,0
U02179,cat,Sphynx,0-3,organic,desktop,Sunday,0,1,none,14.98,2,4.9,31.8,0,1,0,0,0,1,1,0
U02180,cat,Siamese,12-24,organic,mobile,Tuesday,1,0,none,3.04,2,3.4,13.4,1,1,1,1,0,0,0,1
U02181,dog,Labrador,24+,referral,mobile,Sunday,0,0,seasonal,4.16,1,3.5,8.6,0,1,1,6,1,1,0,1
U02182,dog,Chihuahua,12-24,email,mobile,Monday,1,0,none,5.99,3,5.0,9.9,1,1,0,0,0,0,0,0
U02183,dog,Bulldog,0-3,referral,mobile,Wednesday,0,0,none,4.84,2,4.3,3.3,1,0,1,1,1,1,0,1
U02184,dog,German Shepherd,6-12,social_media,desktop,Wednesday,0,0,none,10.24,6,3.6,7.2,1,1,0,0,0,0,0,0
U02185,cat,Persian,3-6,paid_ad,desktop,Friday,0,1,seasonal,11.21,1,3.5,24.0,1,0,1,3,0,1,1,0
U02186,bird,Cockatiel,6-12,organic,desktop,Tuesday,1,0,awareness,5.34,3,4.0,10.5,0,1,1,2,0,1,1,0
U02187,bird,Cockatiel,3-6,organic,mobile,Sunday,0,0,seasonal,1.59,2,3.6,3.0,1,1,0,0,0,0,0,0
U02188,rabbit,Dutch,0-3,social_media,mobile,Saturday,0,0,retargeting,0.98,1,3.0,29.7,0,0,1,3,1,1,0,1
U02189,rabbit,Mixed,0-3,social_media,desktop,Saturday,1,0,seasonal,13.99,8,3.1,15.7,1,1,1,3,2,0,0,1
U02190,cat,Sphynx,12-24,organic,mobile,Thursday,0,0,none,15.94,4,4.1,13.7,1,1,0,0,0,0,0,0
U02191,dog,Beagle,0-3,organic,desktop,Sunday,0,0,none,3.45,8,3.5,52.2,1,1,1,4,2,1,0,1
U02192,bird,Parakeet,0-3,organic,desktop,Sunday,0,0,none,0.71,6,4.9,38.9,1,1,1,2,0,0,0,1
U02193,cat,Mixed,0-3,paid_ad,tablet,Friday,0,0,awareness,1.64,2,4.4,2.4,1,1,1,1,1,0,0,1
U02194,cat,Sphynx,6-12,social_media,mobile,Saturday,0,0,retargeting,5.05,3,5.0,20.3,1,1,0,0,0,0,0,0
U02195,dog,Beagle,0-3,organic,mobile,Friday,0,0,none,0.86,4,4.6,35.1,1,1,1,2,2,0,0,1
U02196,cat,Mixed,6-12,organic,desktop,Friday,1,0,none,11.81,3,3.6,29.7,0,1,1,4,3,1,1,0
U02197,cat,Ragdoll,12-24,organic,desktop,Wednesday,0,0,awareness,20.0,5,4.5,33.0,0,1,1,2,2,0,0,1
U02198,bird,Canary,6-12,email,desktop,Thursday,0,0,none,19.89,5,3.9,24.6,0,1,0,0,0,0,0,0
U02199,cat,Maine Coon,12-24,organic,mobile,Monday,0,0,awareness,0.5,2,4.0,67.4,0,0,0,0,0,0,0,0
U02200,dog,Labrador,6-12,paid_ad,desktop,Thursday,0,0,none,24.76,6,4.1,4.8,0,1,0,0,0,0,0,0
U02201,reptile,Ball Python,0-3,organic,desktop,Saturday,0,0,retargeting,8.09,6,4.4,2.6,1,1,0,0,0,0,0,0
U02202,dog,Beagle,6-12,organic,mobile,Sunday,1,0,awareness,0.5,2,3.7,1.2,1,0,0,0,0,0,0,0
U02203,cat,Persian,3-6,paid_ad,mobile,Sunday,1,1,awareness,2.44,2,4.6,26.0,1,1,0,0,0,1,1,0
U02204,dog,Golden Retriever,6-12,paid_ad,desktop,Friday,1,0,none,9.39,11,3.3,9.0,0,1,1,3,1,0,0,1
U02205,cat,Ragdoll,24+,organic,mobile,Friday,0,1,none,14.28,2,3.7,4.5,1,0,1,1,3,1,1,0
U02206,bird,Parakeet,3-6,paid_ad,mobile,Tuesday,1,1,retargeting,0.63,4,4.4,17.0,0,0,1,0,2,0,0,1
U02207,dog,Golden Retriever,12-24,social_media,desktop,Saturday,1,1,retargeting,1.07,6,4.7,1.0,1,1,0,0,0,1,1,0
U02208,bird,Parakeet,6-12,paid_ad,mobile,Monday,0,0,awareness,2.24,2,4.7,3.3,1,1,0,0,0,0,0,0
U02209,dog,Bulldog,24+,email,desktop,Wednesday,0,1,awareness,26.87,6,3.7,7.1,1,0,1,0,3,0,0,1
U02210,bird,Cockatiel,24+,email,mobile,Saturday,0,0,none,12.44,3,3.8,3.6,1,1,0,0,0,0,0,0
U02211,rabbit,Holland Lop,12-24,referral,mobile,Wednesday,0,0,seasonal,0.91,2,3.5,6.3,0,1,0,0,0,0,0,0
U02212,rabbit,Lionhead,3-6,organic,tablet,Monday,1,0,retargeting,1.92,5,4.2,2.7,1,1,0,0,0,0,0,0
U02213,dog,Bulldog,24+,email,tablet,Sunday,0,1,awareness,15.51,1,3.7,1.0,0,0,0,0,0,1,0,0
U02214,reptile,Ball Python,12-24,social_media,mobile,Wednesday,1,0,seasonal,4.65,4,4.9,10.3,0,1,0,0,0,0,0,0
U02215,cat,Mixed,24+,organic,desktop,Monday,0,1,none,27.98,3,3.7,1.1,1,1,1,2,1,0,0,1
U02216,dog,German Shepherd,24+,organic,mobile,Monday,0,0,retargeting,10.18,5,4.4,19.1,1,1,1,4,2,1,0,1
U02217,rabbit,Dutch,3-6,organic,mobile,Wednesday,0,1,seasonal,0.85,6,4.3,1.0,0,0,0,0,0,1,1,0
U02218,dog,Bulldog,0-3,email,mobile,Tuesday,1,1,none,6.49,5,4.0,21.8,1,1,1,2,1,0,0,1
U02219,bird,Parakeet,6-12,email,mobile,Saturday,0,1,none,0.5,3,3.0,1.0,0,0,0,0,0,0,0,0
U02220,dog,Poodle,0-3,email,desktop,Wednesday,1,0,retargeting,13.28,4,3.6,54.3,1,1,1,4,2,0,0,1
U02221,cat,Bengal,6-12,organic,desktop,Saturday,0,1,none,7.18,7,4.4,6.7,1,1,0,0,0,0,0,0
U02222,cat,Sphynx,6-12,social_media,tablet,Tuesday,0,1,seasonal,20.32,3,3.8,5.4,1,0,1,2,2,1,1,0
U02223,dog,Chihuahua,6-12,referral,desktop,Friday,0,0,none,25.11,4,3.1,5.5,0,1,0,0,0,0,0,0
U02224,dog,Golden Retriever,0-3,social_media,mobile,Saturday,1,0,retargeting,0.5,4,4.8,4.1,0,1,1,5,0,0,0,1
U02225,dog,Mixed,12-24,email,desktop,Saturday,0,1,none,1.36,6,4.2,2.9,1,1,1,7,1,0,0,1
U02226,cat,Siamese,6-12,paid_ad,tablet,Friday,0,0,none,4.3,1,3.2,26.5,1,0,0,0,0,0,0,0
U02227,dog,Golden Retriever,12-24,paid_ad,desktop,Sunday,0,1,seasonal,16.51,3,3.1,9.3,0,1,1,3,1,1,0,1
U02228,cat,Sphynx,0-3,social_media,desktop,Wednesday,1,0,retargeting,13.14,6,3.2,1.6,1,0,0,0,0,0,0,0
U02229,dog,Poodle,12-24,paid_ad,tablet,Friday,0,0,none,21.67,3,5.0,25.6,1,0,1,4,1,1,0,1
U02230,dog,Mixed,3-6,social_media,mobile,Sunday,0,0,none,4.38,4,3.6,29.6,1,1,0,0,0,0,0,0
U02231,cat,Mixed,12-24,paid_ad,desktop,Monday,0,0,retargeting,2.31,3,4.4,38.6,0,1,1,4,3,0,0,1
U02232,dog,Poodle,24+,organic,desktop,Monday,0,0,retargeting,0.5,3,3.3,1.0,1,1,1,2,1,1,1,0
U02233,bird,Canary,12-24,organic,tablet,Wednesday,1,1,retargeting,1.26,5,3.5,9.6,1,1,1,3,3,0,0,1
U02234,bird,Parakeet,6-12,organic,mobile,Saturday,1,0,awareness,3.94,1,3.0,13.9,1,1,1,1,3,0,0,1
U02235,cat,Sphynx,12-24,paid_ad,mobile,Wednesday,0,1,none,11.86,4,4.7,27.7,1,1,0,0,0,1,1,0
U02236,cat,Sphynx,12-24,social_media,desktop,Tuesday,1,1,seasonal,3.02,5,5.0,14.5,0,1,1,2,4,1,1,0
U02237,bird,Mixed,6-12,organic,mobile,Thursday,1,0,retargeting,7.3,5,3.8,9.2,1,1,1,3,2,1,1,0
U02238,dog,Poodle,12-24,organic,desktop,Friday,0,0,awareness,3.92,4,3.4,21.6,0,0,1,3,4,1,1,0
U02239,dog,Beagle,6-12,referral,mobile,Wednesday,1,0,awareness,1.68,4,3.3,9.3,1,1,1,4,2,0,0,1
U02240,dog,Mixed,6-12,paid_ad,mobile,Wednesday,1,0,awareness,3.24,3,3.5,5.0,0,1,0,0,0,0,0,0
U02241,rabbit,Mini Rex,3-6,email,mobile,Friday,0,0,retargeting,2.04,2,3.8,13.1,1,1,1,2,4,0,0,1
U02242,dog,Mixed,24+,email,mobile,Sunday,1,0,retargeting,11.15,4,4.4,10.7,1,1,1,2,2,0,0,1
U02243,cat,Mixed,6-12,social_media,mobile,Saturday,0,1,seasonal,2.87,4,4.4,10.0,1,1,1,4,1,1,0,1
U02244,reptile,Mixed,3-6,social_media,mobile,Saturday,0,0,awareness,1.14,3,4.0,3.2,0,1,0,0,0,0,0,0
U02245,bird,Parakeet,3-6,referral,mobile,Thursday,1,0,awareness,6.47,4,3.8,28.0,1,1,0,0,0,0,0,0
U02246,cat,Persian,0-3,organic,mobile,Wednesday,1,1,seasonal,30.41,4,4.0,1.0,1,1,1,4,1,1,1,0
U02247,dog,Chihuahua,0-3,social_media,mobile,Thursday,1,1,none,4.75,5,4.1,1.0,0,1,1,3,1,0,0,1
U02248,rabbit,Dutch,24+,social_media,mobile,Saturday,0,1,awareness,1.01,3,4.2,2.3,1,1,0,0,0,0,0,0
U02249,cat,Sphynx,6-12,social_media,desktop,Thursday,1,1,awareness,2.13,5,4.3,1.8,0,0,1,2,1,0,0,1
U02250,dog,Mixed,0-3,social_media,desktop,Sunday,0,0,seasonal,0.5,1,4.3,32.1,1,1,1,3,0,1,0,1
U02251,dog,German Shepherd,12-24,social_media,mobile,Sunday,0,1,none,0.5,5,3.4,23.4,1,1,1,3,4,0,0,1
U02252,bird,Parakeet,6-12,organic,mobile,Monday,0,1,none,8.63,1,4.0,5.0,1,0,1,4,2,0,0,1
U02253,cat,Persian,0-3,social_media,desktop,Monday,0,0,none,0.79,5,3.7,4.6,1,1,0,0,0,0,0,0
U02254,rabbit,Dutch,6-12,organic,mobile,Tuesday,0,0,none,2.32,3,4.2,7.8,1,1,0,0,0,0,0,0
U02255,bird,Parakeet,3-6,organic,tablet,Thursday,0,0,none,5.99,4,4.0,11.0,1,0,1,1,6,0,0,1
U02256,cat,Ragdoll,3-6,organic,desktop,Tuesday,1,0,awareness,14.82,3,3.4,6.0,1,1,1,1,1,1,1,0
U02257,cat,Ragdoll,6-12,paid_ad,mobile,Sunday,1,0,seasonal,0.85,2,4.4,35.4,1,0,1,4,0,1,0,1
U02258,cat,Ragdoll,6-12,social_media,mobile,Monday,1,0,awareness,2.62,3,3.0,1.0,0,0,0,0,0,0,0,0
U02259,dog,Bulldog,6-12,email,mobile,Wednesday,0,0,none,1.32,3,3.6,48.8,0,0,1,4,0,1,1,0
U02260,cat,Ragdoll,3-6,paid_ad,mobile,Tuesday,1,0,seasonal,1.34,1,4.6,12.6,1,1,0,0,0,0,0,0
U02261,rabbit,Mixed,12-24,email,mobile,Sunday,1,0,awareness,1.27,5,4.5,43.5,1,0,1,2,2,0,0,1
U02262,cat,Siamese,24+,social_media,mobile,Saturday,0,1,none,4.02,1,4.9,17.8,1,0,0,0,0,0,0,0
U02263,bird,Canary,24+,social_media,desktop,Sunday,1,0,none,0.5,3,4.2,2.5,1,1,1,5,0,0,0,1
U02264,cat,Persian,24+,social_media,mobile,Sunday,0,0,retargeting,2.39,5,4.0,17.7,1,1,1,2,1,0,0,1
U02265,cat,Ragdoll,6-12,email,mobile,Friday,0,0,retargeting,0.94,2,4.3,52.0,1,0,0,0,0,0,0,0
U02266,cat,Persian,0-3,social_media,desktop,Wednesday,0,0,awareness,26.64,6,4.7,10.4,0,1,1,3,2,1,0,1
U02267,cat,Bengal,12-24,paid_ad,mobile,Tuesday,1,0,none,3.98,6,4.2,31.5,0,1,0,0,0,0,0,0
U02268,cat,Persian,6-12,paid_ad,mobile,Wednesday,1,0,retargeting,9.22,3,4.5,69.0,1,1,1,4,2,0,0,1
U02269,dog,Chihuahua,24+,organic,mobile,Saturday,0,1,none,0.99,3,3.6,6.2,1,1,1,1,3,0,0,1
U02270,cat,Sphynx,3-6,organic,desktop,Monday,0,0,retargeting,12.95,5,3.7,8.0,1,1,1,3,4,0,0,1
U02271,dog,Mixed,24+,email,tablet,Monday,1,0,awareness,3.48,1,3.1,4.8,1,0,1,3,3,0,0,1
U02272,dog,Bulldog,0-3,social_media,mobile,Friday,1,0,none,0.89,6,3.5,38.9,1,0,0,0,0,0,0,0
U02273,cat,Persian,3-6,organic,mobile,Saturday,0,0,none,6.52,3,4.0,14.8,1,1,0,0,0,0,0,0
U02274,cat,Persian,12-24,paid_ad,mobile,Saturday,0,1,none,6.53,1,4.3,21.2,1,0,1,2,2,1,1,0
U02275,reptile,Bearded Dragon,6-12,organic,mobile,Thursday,1,0,none,19.23,1,4.1,3.3,0,1,0,0,0,0,0,0
U02276,cat,Maine Coon,3-6,referral,mobile,Saturday,0,1,none,6.91,5,4.4,8.4,1,1,1,1,1,1,0,1
U02277,cat,Maine Coon,3-6,paid_ad,desktop,Friday,0,0,awareness,1.22,6,3.9,15.2,1,1,1,3,0,1,0,1
U02278,cat,Bengal,0-3,paid_ad,tablet,Tuesday,0,1,awareness,2.53,4,4.0,20.0,1,1,1,6,1,1,1,0
U02279,cat,Siamese,24+,organic,mobile,Saturday,1,1,awareness,2.73,4,3.9,16.0,1,0,1,3,2,0,0,1
U02280,dog,Labrador,6-12,organic,mobile,Sunday,1,1,awareness,0.62,1,4.2,18.5,1,1,1,4,2,1,0,1
U02281,dog,Labrador,12-24,social_media,desktop,Monday,0,1,retargeting,12.1,5,3.7,14.3,0,1,1,1,0,1,0,1
U02282,dog,Labrador,3-6,organic,mobile,Thursday,0,0,seasonal,3.4,6,4.2,3.2,1,0,1,3,2,0,0,1
U02283,cat,Persian,3-6,social_media,mobile,Friday,0,1,none,13.15,4,3.8,11.8,1,0,1,4,0,1,1,0
U02284,dog,Poodle,6-12,social_media,mobile,Tuesday,0,0,awareness,4.05,5,4.2,33.7,1,1,0,0,0,0,0,0
U02285,dog,Golden Retriever,12-24,organic,mobile,Sunday,0,1,none,3.37,1,3.7,1.9,1,1,1,4,2,0,0,1
U02286,dog,Golden Retriever,24+,organic,mobile,Wednesday,0,0,none,0.5,2,3.3,4.0,0,0,0,0,0,0,0,0
U02287,reptile,Mixed,0-3,paid_ad,desktop,Saturday,0,0,retargeting,0.97,7,3.4,8.7,1,1,0,0,0,0,0,0
U02288,dog,Chihuahua,0-3,organic,desktop,Saturday,0,1,awareness,14.77,4,3.3,1.1,0,0,1,3,0,1,1,0
U02289,cat,Ragdoll,0-3,organic,mobile,Friday,1,0,retargeting,21.27,3,3.3,7.1,1,1,0,0,0,0,0,0
U02290,dog,Bulldog,3-6,email,mobile,Tuesday,0,0,awareness,2.44,7,4.2,8.1,1,0,0,0,0,0,0,0
U02291,cat,Sphynx,6-12,referral,tablet,Wednesday,0,1,none,10.8,5,4.8,25.9,0,1,1,2,1,1,1,0
U02292,dog,Chihuahua,12-24,social_media,mobile,Monday,0,0,seasonal,4.49,1,4.8,63.3,0,1,1,4,2,0,0,1
U02293,dog,Mixed,3-6,organic,desktop,Wednesday,0,0,none,24.93,5,4.5,3.2,1,0,0,0,0,0,0,0
U02294,cat,Persian,24+,email,mobile,Wednesday,0,0,none,1.24,4,4.1,3.5,1,1,0,0,0,0,0,0
U02295,dog,Mixed,6-12,referral,mobile,Sunday,0,0,none,3.58,2,3.9,36.4,0,1,0,0,0,0,0,0
U02296,dog,Golden Retriever,6-12,paid_ad,mobile,Thursday,0,0,seasonal,2.39,3,3.3,33.1,0,1,1,5,2,0,0,1
U02297,dog,Beagle,12-24,email,desktop,Saturday,0,0,awareness,6.09,3,3.4,49.3,1,1,0,0,0,0,0,0
U02298,dog,German Shepherd,0-3,social_media,mobile,Thursday,1,0,awareness,1.42,1,4.9,27.6,1,1,0,0,0,0,0,0
U02299,dog,Golden Retriever,6-12,social_media,mobile,Saturday,0,0,retargeting,3.13,6,3.6,11.9,1,0,0,0,0,0,0,0
U02300,dog,Beagle,6-12,organic,mobile,Sunday,0,0,awareness,4.46,1,4.2,12.9,1,1,1,6,1,1,1,0
U02301,rabbit,Lionhead,3-6,email,desktop,Wednesday,1,1,retargeting,0.51,1,4.2,8.4,1,1,1,2,4,0,0,1
U02302,cat,Ragdoll,3-6,paid_ad,tablet,Sunday,1,0,awareness,8.83,4,3.4,1.0,0,0,1,1,0,1,1,0
U02303,cat,Bengal,6-12,referral,tablet,Friday,0,1,seasonal,7.97,3,4.5,10.2,1,1,1,6,1,0,0,1
U02304,dog,Chihuahua,6-12,organic,tablet,Saturday,1,0,retargeting,13.81,2,3.2,31.7,0,1,1,1,4,0,0,1
U02305,bird,Canary,6-12,organic,mobile,Saturday,0,0,awareness,1.94,2,3.5,1.7,0,1,1,4,1,0,0,1
U02306,dog,Chihuahua,3-6,social_media,mobile,Thursday,1,0,none,0.5,5,4.1,3.5,1,1,0,0,0,0,0,0
U02307,dog,Beagle,3-6,paid_ad,mobile,Wednesday,0,1,seasonal,2.82,5,4.0,2.9,1,1,1,2,3,1,1,0
U02308,cat,Bengal,6-12,paid_ad,mobile,Monday,1,1,retargeting,0.67,3,4.5,1.0,1,1,1,5,2,0,0,1
U02309,dog,Mixed,3-6,organic,desktop,Friday,1,1,awareness,8.13,1,4.9,2.2,0,1,1,5,2,1,1,0
U02310,dog,Chihuahua,12-24,organic,desktop,Sunday,0,0,retargeting,0.5,2,3.5,9.1,1,1,0,0,0,0,0,0
U02311,cat,Sphynx,12-24,social_media,mobile,Saturday,1,1,awareness,2.13,1,3.1,24.5,1,1,1,4,1,0,0,1
U02312,bird,Mixed,0-3,social_media,desktop,Wednesday,0,0,none,0.52,1,3.7,1.0,1,0,0,0,0,0,0,0
U02313,cat,Maine Coon,0-3,paid_ad,tablet,Saturday,0,1,none,0.5,2,4.6,8.2,1,1,0,0,0,0,0,0
U02314,cat,Persian,3-6,social_media,mobile,Saturday,0,0,awareness,14.71,1,4.5,27.9,0,0,1,3,3,0,0,1
U02315,reptile,Leopard Gecko,0-3,paid_ad,mobile,Wednesday,1,0,none,19.44,5,4.0,39.0,0,1,1,0,2,0,0,1
U02316,dog,German Shepherd,6-12,email,mobile,Monday,0,0,awareness,3.69,4,3.9,1.2,1,0,0,0,0,0,0,0
U02317,dog,Mixed,0-3,paid_ad,mobile,Tuesday,0,0,retargeting,1.24,1,3.8,16.3,1,0,1,4,1,0,0,1
U02318,dog,Poodle,12-24,social_media,desktop,Sunday,0,0,none,18.88,2,3.4,17.6,0,1,0,0,0,0,0,0
U02319,cat,Mixed,6-12,paid_ad,mobile,Sunday,0,0,none,11.67,3,3.7,51.8,1,1,0,0,0,0,0,0
U02320,cat,Bengal,3-6,organic,mobile,Wednesday,0,0,retargeting,8.77,1,3.4,1.0,0,0,0,0,0,0,0,0
U02321,bird,Canary,3-6,social_media,tablet,Wednesday,1,1,awareness,3.93,2,3.1,24.3,1,1,1,4,4,1,0,1
U02322,cat,Mixed,3-6,organic,mobile,Saturday,1,0,none,0.5,1,4.8,14.3,1,1,1,1,1,0,0,1
U02323,cat,Mixed,24+,social_media,mobile,Sunday,0,1,retargeting,0.5,4,3.5,1.1,0,0,1,1,2,0,0,1
U02324,dog,Bulldog,12-24,social_media,tablet,Saturday,0,1,retargeting,14.75,2,3.2,6.2,1,1,1,3,3,1,1,0
U02325,rabbit,Mini Rex,6-12,organic,mobile,Friday,0,1,none,7.3,6,4.0,12.0,1,0,0,0,0,0,0,0
U02326,reptile,Mixed,3-6,referral,mobile,Wednesday,0,1,none,1.99,3,3.5,1.0,1,1,0,0,0,0,0,0
U02327,rabbit,Holland Lop,6-12,organic,desktop,Friday,0,1,none,2.39,7,3.8,18.3,1,0,1,2,3,1,0,1
U02328,dog,Labrador,6-12,paid_ad,mobile,Wednesday,0,0,retargeting,4.7,1,4.9,31.1,1,1,0,0,0,0,0,0
U02329,cat,Siamese,6-12,referral,desktop,Saturday,0,0,awareness,12.83,3,3.4,11.9,0,1,1,3,0,0,0,1
U02330,dog,German Shepherd,0-3,organic,mobile,Thursday,0,0,awareness,5.99,5,3.6,17.1,1,1,1,3,3,1,0,1
U02331,dog,German Shepherd,6-12,email,mobile,Sunday,1,0,seasonal,4.35,1,4.0,14.9,1,1,1,3,0,1,0,1
U02332,dog,Chihuahua,24+,organic,mobile,Thursday,1,0,none,1.2,1,3.9,1.0,1,1,1,7,2,0,0,1
U02333,cat,Mixed,3-6,organic,mobile,Saturday,0,0,none,1.39,3,3.2,5.8,1,1,1,1,1,0,0,1
U02334,cat,Bengal,12-24,social_media,desktop,Wednesday,1,0,none,10.04,3,4.5,27.6,1,1,1,3,2,0,0,1
U02335,dog,Labrador,24+,referral,desktop,Thursday,0,1,none,12.66,1,3.9,23.1,1,1,0,0,0,0,0,0
U02336,dog,Mixed,6-12,organic,tablet,Friday,1,0,retargeting,0.8,2,3.5,6.3,1,0,1,7,0,1,0,1
U02337,cat,Bengal,6-12,email,desktop,Monday,1,0,awareness,1.62,8,4.5,11.0,0,1,1,4,1,1,1,0
U02338,dog,Labrador,3-6,social_media,mobile,Sunday,1,0,none,5.19,2,3.8,39.8,1,1,0,0,0,0,0,0
U02339,dog,Bulldog,3-6,paid_ad,desktop,Friday,0,0,none,3.84,2,3.6,58.5,0,0,1,4,1,1,1,0
U02340,cat,Ragdoll,6-12,organic,desktop,Friday,0,1,none,6.46,6,4.5,24.5,1,1,0,0,0,0,0,0
U02341,rabbit,Mixed,6-12,email,desktop,Sunday,0,0,seasonal,5.72,3,3.2,4.9,1,1,1,6,2,1,1,0
U02342,dog,Bulldog,3-6,email,desktop,Sunday,0,0,retargeting,11.68,5,4.8,1.6,0,1,1,3,3,1,1,0
U02343,dog,Beagle,0-3,email,desktop,Friday,0,0,awareness,12.78,6,3.1,34.0,1,1,1,0,2,0,0,1
U02344,dog,Beagle,6-12,referral,mobile,Sunday,0,0,none,1.5,2,3.3,16.2,1,1,0,0,0,0,0,0
U02345,bird,Canary,6-12,paid_ad,desktop,Monday,1,0,awareness,4.68,6,3.5,27.1,0,1,0,0,0,0,0,0
U02346,cat,Mixed,0-3,organic,mobile,Tuesday,0,0,none,0.6,5,4.4,1.2,1,1,1,4,1,0,0,1
U02347,cat,Mixed,0-3,social_media,mobile,Friday,0,0,seasonal,8.4,2,4.4,12.4,1,1,1,3,1,0,0,1
U02348,dog,Mixed,3-6,social_media,desktop,Thursday,0,0,retargeting,14.56,8,5.0,31.1,1,1,1,1,1,0,0,1
U02349,cat,Mixed,6-12,social_media,mobile,Thursday,0,1,awareness,1.62,4,4.1,1.0,0,0,1,1,0,0,0,1
U02350,dog,Labrador,0-3,social_media,mobile,Wednesday,0,0,awareness,0.8,2,4.7,40.3,1,1,1,7,1,0,0,1
U02351,cat,Bengal,3-6,social_media,mobile,Thursday,0,0,awareness,0.5,3,3.9,16.1,1,1,1,3,2,0,0,1
U02352,bird,Cockatiel,0-3,social_media,desktop,Saturday,0,0,none,5.13,7,4.3,6.9,1,0,1,3,1,1,0,1
U02353,cat,Bengal,3-6,referral,mobile,Friday,0,0,none,0.5,7,3.1,16.9,1,1,1,4,1,0,0,1
U02354,bird,Mixed,12-24,organic,desktop,Sunday,0,1,awareness,6.85,5,4.6,18.8,1,0,1,1,1,0,0,1
U02355,cat,Persian,3-6,referral,mobile,Saturday,0,0,none,5.16,5,4.3,15.2,0,1,1,3,0,1,1,0
U02356,dog,Chihuahua,12-24,social_media,mobile,Wednesday,1,1,none,4.33,3,4.3,19.5,1,1,1,1,2,0,0,1
U02357,bird,Canary,24+,email,mobile,Wednesday,0,0,awareness,7.32,3,3.4,2.1,1,1,0,0,0,0,0,0
U02358,dog,Labrador,3-6,paid_ad,desktop,Wednesday,1,1,seasonal,3.71,6,3.8,11.6,1,0,0,0,0,0,0,0
U02359,cat,Ragdoll,6-12,social_media,mobile,Sunday,0,0,seasonal,10.58,1,3.5,5.7,0,1,1,3,2,0,0,1
U02360,dog,Chihuahua,3-6,social_media,tablet,Monday,0,0,none,0.5,3,4.4,2.1,0,0,0,0,0,0,0,0
U02361,dog,German Shepherd,6-12,social_media,tablet,Wednesday,0,0,none,0.78,5,5.0,18.3,1,1,0,0,0,0,0,0
U02362,cat,Ragdoll,0-3,social_media,desktop,Sunday,0,0,awareness,4.14,3,3.4,13.8,1,0,0,0,0,0,0,0
U02363,dog,Chihuahua,6-12,referral,tablet,Saturday,0,0,retargeting,5.86,4,3.2,100.0,0,1,0,0,0,0,0,0
U02364,cat,Ragdoll,0-3,paid_ad,mobile,Wednesday,0,0,seasonal,0.5,4,3.7,27.4,0,1,0,0,0,0,0,0
U02365,cat,Siamese,3-6,organic,mobile,Tuesday,0,1,seasonal,3.81,2,4.0,7.9,0,1,1,1,2,0,0,1
U02366,dog,Poodle,3-6,organic,desktop,Sunday,0,0,retargeting,2.86,2,4.4,22.7,0,1,1,0,2,0,0,1
U02367,dog,Golden Retriever,12-24,social_media,desktop,Sunday,1,0,none,17.02,4,4.0,3.1,1,1,1,2,1,1,1,0
U02368,cat,Ragdoll,0-3,organic,desktop,Wednesday,1,1,none,5.94,4,5.0,9.5,1,1,1,6,0,1,0,1
U02369,dog,German Shepherd,24+,email,desktop,Thursday,0,0,none,6.91,4,4.5,7.7,1,0,1,4,2,0,0,1
U02370,cat,Bengal,0-3,organic,tablet,Sunday,0,1,awareness,18.93,2,3.4,14.2,0,1,1,3,2,0,0,1
U02371,cat,Maine Coon,3-6,social_media,mobile,Saturday,0,0,none,6.57,8,3.6,24.5,0,0,0,0,0,0,0,0
U02372,rabbit,Holland Lop,12-24,organic,desktop,Saturday,0,0,retargeting,3.46,9,4.6,9.3,0,0,0,0,0,0,0,0
U02373,cat,Maine Coon,0-3,social_media,desktop,Friday,1,0,retargeting,5.05,3,4.8,30.0,1,0,1,1,1,0,0,1
U02374,cat,Maine Coon,3-6,email,desktop,Sunday,0,1,none,8.14,5,4.1,21.0,1,1,0,0,0,0,0,0
U02375,cat,Mixed,6-12,social_media,mobile,Wednesday,0,1,seasonal,1.02,1,3.9,4.7,1,1,0,0,0,0,0,0
U02376,dog,Chihuahua,12-24,referral,desktop,Tuesday,0,1,awareness,0.72,4,3.3,11.4,0,1,1,4,1,0,0,1
U02377,dog,Chihuahua,12-24,paid_ad,tablet,Saturday,1,0,seasonal,2.42,1,3.5,28.5,1,1,1,2,5,1,0,1
U02378,rabbit,Lionhead,12-24,social_media,mobile,Friday,0,1,seasonal,5.27,5,4.4,21.0,1,1,0,0,0,0,0,0
U02379,cat,Sphynx,3-6,organic,desktop,Sunday,0,0,none,2.32,4,3.1,25.8,0,1,1,4,3,0,0,1
U02380,rabbit,Mixed,0-3,paid_ad,mobile,Monday,1,0,none,0.5,4,4.2,4.5,1,0,0,0,0,0,0,0
U02381,rabbit,Mixed,12-24,referral,tablet,Sunday,0,1,none,1.24,2,3.5,22.7,1,1,1,3,5,0,0,1
U02382,bird,Cockatiel,0-3,paid_ad,mobile,Wednesday,0,0,retargeting,3.98,5,3.4,7.8,1,1,0,0,0,0,0,0
U02383,bird,Parakeet,3-6,organic,mobile,Saturday,1,0,awareness,3.33,1,3.8,48.3,0,0,1,3,2,0,0,1
U02384,cat,Bengal,12-24,referral,mobile,Monday,0,0,seasonal,5.3,3,3.9,9.4,0,1,1,8,3,1,1,0
U02385,dog,Poodle,6-12,organic,desktop,Friday,1,1,none,3.03,5,4.3,34.1,0,0,0,0,0,0,0,0
U02386,cat,Persian,12-24,paid_ad,mobile,Saturday,0,0,retargeting,10.52,1,3.3,16.3,1,1,1,3,0,1,1,0
U02387,dog,Golden Retriever,6-12,referral,desktop,Thursday,0,0,seasonal,4.69,1,3.7,40.6,1,0,0,0,0,0,0,0
U02388,cat,Persian,3-6,organic,tablet,Tuesday,1,1,retargeting,4.69,4,3.3,12.5,1,0,0,0,0,0,0,0
U02389,cat,Siamese,0-3,referral,desktop,Friday,0,0,none,23.18,5,4.1,4.1,0,1,0,0,0,0,0,0
U02390,cat,Bengal,0-3,social_media,mobile,Sunday,1,0,awareness,17.64,1,3.4,15.8,1,1,0,0,0,0,0,0
U02391,dog,Mixed,3-6,referral,tablet,Wednesday,1,0,none,7.04,3,4.8,4.5,1,1,1,2,2,1,1,0
U02392,dog,Golden Retriever,6-12,organic,desktop,Wednesday,0,1,none,22.6,6,3.1,28.5,1,1,0,0,0,0,0,0
U02393,cat,Sphynx,12-24,referral,mobile,Wednesday,1,0,none,3.55,3,4.1,1.3,1,1,1,4,2,1,1,0
U02394,dog,Poodle,3-6,organic,mobile,Sunday,1,0,none,1.67,1,4.4,4.1,1,1,1,5,2,0,0,1
U02395,bird,Lovebird,12-24,paid_ad,mobile,Thursday,0,0,retargeting,1.32,2,4.8,23.0,1,1,1,1,2,0,0,1
U02396,dog,Bulldog,24+,social_media,desktop,Monday,0,0,none,6.38,7,3.5,8.1,0,1,1,1,3,0,0,1
U02397,dog,German Shepherd,3-6,social_media,mobile,Saturday,0,0,retargeting,4.23,6,4.4,2.6,1,1,1,5,1,0,0,1
U02398,dog,Labrador,3-6,organic,mobile,Saturday,0,0,none,2.64,7,4.4,77.5,1,0,0,0,0,0,0,0
U02399,cat,Maine Coon,3-6,paid_ad,desktop,Tuesday,0,0,none,16.79,5,4.2,9.1,1,1,1,1,1,1,0,1
U02400,cat,Sphynx,3-6,organic,desktop,Sunday,0,1,none,4.34,2,4.7,9.8,0,0,1,2,3,1,1,0
U02401,dog,German Shepherd,6-12,email,desktop,Friday,0,1,none,2.49,1,3.9,6.5,1,0,1,2,3,1,1,0
U02402,dog,Bulldog,24+,organic,desktop,Friday,0,1,none,0.5,5,4.4,1.0,1,1,1,4,3,1,0,1
U02403,cat,Bengal,3-6,referral,mobile,Thursday,0,0,awareness,16.04,4,3.4,4.2,1,1,0,0,0,0,0,0
U02404,dog,Mixed,0-3,organic,desktop,Sunday,0,0,seasonal,13.56,6,4.9,4.9,1,0,1,2,3,1,1,0
U02405,cat,Persian,0-3,organic,mobile,Wednesday,0,0,none,4.35,1,4.2,12.7,1,1,0,0,0,0,0,0
U02406,cat,Maine Coon,12-24,organic,desktop,Wednesday,1,1,none,13.85,7,4.5,41.3,1,1,1,2,2,1,1,0
U02407,dog,Mixed,12-24,social_media,desktop,Tuesday,0,0,none,12.97,6,3.6,2.3,1,1,1,3,2,0,0,1
U02408,dog,Mixed,6-12,organic,mobile,Saturday,0,1,seasonal,12.22,4,3.8,55.1,1,1,0,0,0,0,0,0
U02409,reptile,Mixed,12-24,social_media,tablet,Friday,0,0,retargeting,2.44,1,3.4,9.6,1,1,1,2,2,0,0,1
U02410,cat,Sphynx,6-12,paid_ad,mobile,Friday,0,0,retargeting,3.68,7,4.9,13.1,1,1,0,0,0,0,0,0
U02411,cat,Sphynx,3-6,paid_ad,mobile,Tuesday,0,0,none,0.5,4,4.8,1.0,1,1,0,0,0,0,0,0
U02412,dog,German Shepherd,0-3,email,tablet,Saturday,1,0,none,21.85,4,3.3,28.5,1,1,0,0,0,0,0,0
U02413,cat,Ragdoll,6-12,organic,desktop,Saturday,0,0,none,32.82,7,3.5,30.3,1,1,1,2,1,1,1,0
U02414,dog,Labrador,12-24,email,desktop,Thursday,1,0,seasonal,12.14,2,4.1,21.0,1,0,0,0,0,0,0,0
U02415,cat,Bengal,24+,organic,mobile,Saturday,0,0,none,2.75,3,3.2,2.4,0,1,1,2,0,0,0,1
U02416,reptile,Leopard Gecko,0-3,paid_ad,desktop,Wednesday,0,0,awareness,4.12,6,4.2,7.8,1,1,0,0,0,0,0,0
U02417,dog,Chihuahua,24+,organic,mobile,Saturday,1,0,awareness,2.6,4,3.5,46.7,1,1,0,0,0,0,0,0
U02418,dog,Beagle,0-3,social_media,mobile,Monday,1,1,awareness,1.58,5,4.3,8.2,0,0,1,3,1,0,0,1
U02419,dog,Beagle,6-12,social_media,mobile,Friday,0,0,none,3.41,5,3.2,6.4,1,1,1,3,3,0,0,1
U02420,dog,Beagle,3-6,paid_ad,mobile,Sunday,1,0,awareness,0.5,9,3.3,1.3,0,1,1,3,3,1,0,1
U02421,dog,Chihuahua,12-24,organic,desktop,Sunday,0,0,none,37.55,5,4.1,1.2,1,1,0,0,0,0,0,0
U02422,dog,Labrador,6-12,email,mobile,Wednesday,1,1,seasonal,2.51,5,4.4,8.5,0,1,1,5,1,0,0,1
U02423,rabbit,Holland Lop,3-6,organic,mobile,Thursday,0,0,none,9.18,4,4.2,11.7,1,0,0,0,0,0,0,0
U02424,cat,Mixed,0-3,paid_ad,mobile,Monday,1,1,none,5.86,5,3.6,26.1,0,0,1,3,5,1,1,0
U02425,dog,Bulldog,0-3,referral,desktop,Sunday,0,0,none,2.67,3,4.2,35.7,1,0,0,0,0,0,0,0
U02426,bird,Lovebird,3-6,social_media,desktop,Friday,0,0,retargeting,1.51,4,3.5,7.7,1,0,0,0,0,0,0,0
U02427,dog,Mixed,12-24,social_media,mobile,Thursday,1,0,none,24.77,3,4.9,27.8,1,1,1,3,4,0,0,1
U02428,reptile,Bearded Dragon,6-12,referral,desktop,Tuesday,0,0,awareness,8.87,7,3.3,11.8,0,1,1,4,1,0,0,1
U02429,dog,Chihuahua,3-6,social_media,mobile,Sunday,0,0,none,1.31,4,4.2,54.0,1,0,0,0,0,0,0,0
U02430,bird,Cockatiel,6-12,social_media,desktop,Friday,0,0,none,0.5,7,3.9,39.7,0,1,1,4,2,0,0,1
U02431,cat,Mixed,6-12,email,mobile,Wednesday,1,0,awareness,5.43,5,3.7,18.7,1,1,1,5,2,1,1,0
U02432,rabbit,Mini Rex,0-3,email,mobile,Thursday,1,0,none,1.26,1,4.0,3.1,0,0,0,0,0,0,0,0
U02433,reptile,Mixed,3-6,organic,desktop,Wednesday,1,1,retargeting,1.5,2,3.2,38.8,0,1,0,0,0,0,0,0
U02434,dog,Poodle,12-24,paid_ad,tablet,Friday,1,0,retargeting,8.63,1,3.9,1.9,0,0,1,1,1,0,0,1
U02435,reptile,Mixed,12-24,social_media,mobile,Sunday,0,0,seasonal,3.98,2,4.8,25.6,1,1,1,1,2,0,0,1
U02436,dog,Poodle,0-3,organic,desktop,Sunday,0,1,none,5.12,1,3.3,10.2,1,0,0,0,0,0,0,0
U02437,dog,Bulldog,3-6,paid_ad,desktop,Thursday,0,0,awareness,22.3,4,4.1,14.2,1,1,1,3,1,0,0,1
U02438,dog,Golden Retriever,3-6,social_media,tablet,Saturday,0,0,seasonal,7.4,1,4.6,30.8,1,0,1,0,3,0,0,1
U02439,cat,Sphynx,3-6,organic,mobile,Thursday,0,1,retargeting,10.19,2,4.6,23.6,0,0,0,0,0,0,0,0
U02440,dog,Labrador,24+,email,mobile,Wednesday,0,0,none,0.96,1,3.3,1.0,1,1,1,3,1,1,0,1
U02441,cat,Sphynx,6-12,paid_ad,desktop,Sunday,0,1,awareness,2.74,4,4.5,6.9,1,0,1,3,2,0,0,1
U02442,cat,Ragdoll,0-3,paid_ad,mobile,Wednesday,1,0,seasonal,0.5,2,4.5,52.8,1,0,1,2,0,0,0,1
U02443,rabbit,Mini Rex,12-24,referral,mobile,Wednesday,0,0,awareness,1.27,1,4.1,6.6,0,1,1,1,5,0,0,1
U02444,rabbit,Holland Lop,6-12,paid_ad,mobile,Sunday,1,0,retargeting,12.49,5,3.8,24.6,1,1,1,5,2,0,0,1
U02445,cat,Sphynx,12-24,organic,desktop,Tuesday,1,0,awareness,25.69,5,3.1,19.6,1,0,0,0,0,0,0,0
U02446,dog,Bulldog,6-12,social_media,mobile,Saturday,1,0,none,6.5,3,3.0,46.9,1,1,1,1,1,0,0,1
U02447,dog,Beagle,12-24,paid_ad,desktop,Sunday,1,0,none,5.74,9,4.2,44.9,1,1,1,2,2,0,0,1
U02448,dog,Golden Retriever,12-24,social_media,mobile,Friday,0,1,none,6.91,1,3.7,9.2,1,1,1,1,3,1,0,1
U02449,dog,Chihuahua,0-3,email,mobile,Monday,0,1,none,3.67,5,3.6,3.9,0,1,1,1,0,1,1,0
U02450,dog,Poodle,12-24,email,mobile,Thursday,1,1,seasonal,0.5,2,3.2,5.4,0,1,0,0,0,1,0,0
U02451,dog,Bulldog,0-3,social_media,mobile,Tuesday,0,1,retargeting,3.17,7,4.9,5.2,1,0,1,4,2,1,0,1
U02452,reptile,Mixed,0-3,referral,desktop,Thursday,1,0,retargeting,5.48,9,3.4,14.9,1,1,0,0,0,0,0,0
U02453,cat,Persian,0-3,social_media,desktop,Saturday,0,1,awareness,2.41,1,4.3,6.9,1,1,1,3,0,0,0,1
U02454,dog,Beagle,24+,social_media,mobile,Thursday,0,0,none,1.03,5,3.1,30.4,0,1,1,3,1,0,0,1
U02455,cat,Ragdoll,6-12,referral,mobile,Thursday,0,0,none,1.46,2,4.3,5.4,1,1,1,5,2,0,0,1
U02456,dog,Beagle,3-6,social_media,desktop,Friday,1,1,seasonal,7.62,1,4.3,69.3,1,0,1,1,1,1,0,1
U02457,cat,Sphynx,0-3,organic,desktop,Friday,1,0,awareness,1.23,10,4.8,16.3,1,1,1,6,1,0,0,1
U02458,cat,Maine Coon,0-3,social_media,desktop,Sunday,1,1,awareness,9.94,4,4.2,6.6,1,1,1,3,5,0,0,1
U02459,cat,Bengal,0-3,paid_ad,desktop,Wednesday,1,0,seasonal,4.28,2,3.1,13.2,0,1,1,4,6,0,0,1
U02460,cat,Ragdoll,0-3,paid_ad,mobile,Saturday,0,0,none,1.98,2,4.9,6.7,0,1,0,0,0,0,0,0
U02461,reptile,Ball Python,0-3,paid_ad,desktop,Friday,0,0,seasonal,9.88,6,3.2,10.9,1,1,0,0,0,0,0,0
U02462,bird,Parakeet,0-3,paid_ad,mobile,Wednesday,1,0,seasonal,2.47,3,3.5,11.2,1,1,1,2,3,0,0,1
U02463,cat,Siamese,3-6,organic,mobile,Wednesday,0,1,none,2.16,1,4.5,21.7,1,1,1,3,2,1,1,0
U02464,cat,Maine Coon,6-12,paid_ad,desktop,Thursday,0,1,none,16.42,2,4.4,8.9,1,1,1,5,1,1,1,0
U02465,cat,Ragdoll,6-12,paid_ad,tablet,Friday,0,0,seasonal,2.99,3,4.4,44.5,1,1,0,0,0,0,0,0
U02466,dog,Mixed,3-6,organic,desktop,Wednesday,0,0,awareness,15.28,4,3.8,1.6,0,1,0,0,0,0,0,0
U02467,dog,Golden Retriever,0-3,organic,mobile,Sunday,1,0,none,3.19,2,3.8,5.8,0,0,1,1,1,0,0,1
U02468,dog,Golden Retriever,6-12,referral,mobile,Friday,0,1,awareness,1.06,1,4.2,20.6,1,0,0,0,0,0,0,0
U02469,cat,Sphynx,6-12,paid_ad,mobile,Sunday,1,0,awareness,4.32,3,3.5,13.6,0,1,1,8,0,0,0,1
U02470,cat,Maine Coon,6-12,paid_ad,desktop,Monday,1,1,retargeting,2.62,4,3.4,2.0,1,1,1,6,3,0,0,1
U02471,dog,Beagle,24+,paid_ad,mobile,Wednesday,0,0,seasonal,0.72,1,3.3,25.2,1,0,0,0,0,0,0,0
U02472,reptile,Ball Python,0-3,social_media,desktop,Monday,0,1,seasonal,0.54,2,3.8,16.4,0,1,1,5,3,1,0,1
U02473,bird,Mixed,3-6,email,mobile,Wednesday,0,0,seasonal,0.97,4,4.8,13.2,1,1,0,0,0,0,0,0
U02474,cat,Siamese,6-12,social_media,desktop,Sunday,1,0,none,10.4,7,4.8,31.3,0,1,1,2,1,1,0,1
U02475,cat,Siamese,0-3,organic,tablet,Monday,0,0,retargeting,11.83,2,4.8,27.0,1,0,1,2,3,0,0,1
U02476,bird,Canary,0-3,paid_ad,mobile,Thursday,0,1,none,6.92,3,3.4,5.7,0,1,1,4,4,0,0,1
U02477,dog,Golden Retriever,3-6,social_media,mobile,Tuesday,1,1,none,1.43,3,4.2,11.8,1,1,0,0,0,0,0,0
U02478,rabbit,Holland Lop,6-12,email,desktop,Thursday,0,0,retargeting,6.49,7,4.3,29.4,0,1,1,5,0,0,0,1
U02479,dog,Chihuahua,6-12,social_media,mobile,Sunday,1,0,awareness,1.19,2,3.9,1.0,1,1,1,2,1,0,0,1
U02480,rabbit,Lionhead,3-6,social_media,desktop,Friday,1,1,seasonal,5.85,8,4.1,6.0,1,0,1,4,2,0,0,1
U02481,dog,Golden Retriever,6-12,organic,desktop,Saturday,0,1,none,17.02,4,3.3,7.4,0,0,1,2,3,0,0,1
U02482,bird,Lovebird,3-6,organic,mobile,Wednesday,0,0,retargeting,0.5,7,4.8,4.8,1,1,0,0,0,0,0,0
U02483,bird,Cockatiel,6-12,organic,desktop,Sunday,0,0,none,25.29,6,3.3,10.7,0,1,1,1,2,0,0,1
U02484,dog,Bulldog,6-12,organic,mobile,Saturday,1,0,none,7.99,1,4.7,23.9,0,1,1,4,2,0,0,1
U02485,cat,Mixed,3-6,referral,tablet,Thursday,1,1,awareness,9.32,3,3.1,9.8,1,1,1,4,2,1,1,0
U02486,reptile,Leopard Gecko,3-6,organic,mobile,Thursday,0,0,none,4.11,7,3.8,1.0,0,1,0,0,0,0,0,0
U02487,cat,Persian,6-12,organic,desktop,Sunday,0,0,awareness,11.47,5,3.4,28.8,0,0,1,2,4,0,0,1
U02488,bird,Parakeet,3-6,email,mobile,Friday,1,0,seasonal,18.27,3,3.3,3.4,1,1,1,2,0,0,0,1
U02489,cat,Ragdoll,24+,email,mobile,Saturday,0,0,retargeting,6.69,6,4.3,8.5,0,1,1,5,2,1,1,0
U02490,dog,Poodle,12-24,organic,mobile,Thursday,1,0,none,1.97,6,4.8,1.0,1,1,0,0,0,0,0,0
U02491,dog,Poodle,6-12,paid_ad,desktop,Wednesday,0,0,none,7.42,6,4.6,8.7,0,0,1,3,0,0,0,1
U02492,dog,Golden Retriever,12-24,paid_ad,desktop,Saturday,0,0,awareness,3.2,6,3.6,7.0,1,1,0,0,0,0,0,0
U02493,rabbit,Dutch,3-6,organic,desktop,Friday,1,1,awareness,21.05,4,4.2,5.1,1,1,0,0,0,0,0,0
U02494,dog,Bulldog,0-3,organic,mobile,Friday,0,1,awareness,10.48,6,3.6,41.5,0,0,0,0,0,0,0,0
U02495,cat,Persian,6-12,referral,desktop,Friday,0,0,none,6.54,4,3.2,17.0,1,1,0,0,0,0,0,0
U02496,cat,Bengal,24+,paid_ad,desktop,Tuesday,0,0,retargeting,11.86,6,3.2,37.1,1,1,1,1,2,1,0,1
U02497,cat,Bengal,6-12,email,mobile,Saturday,0,0,none,10.94,2,3.3,9.4,1,0,1,3,6,0,0,1
U02498,bird,Parakeet,0-3,organic,mobile,Sunday,1,1,awareness,0.98,4,4.3,10.9,1,1,1,4,4,0,0,1
U02499,reptile,Ball Python,12-24,social_media,mobile,Sunday,0,1,awareness,3.03,3,3.3,44.6,1,1,0,0,0,0,0,0
U02500,cat,Siamese,6-12,email,mobile,Wednesday,1,1,none,2.99,5,4.2,9.2,1,1,1,3,3,1,1,0
U02501,rabbit,Lionhead,6-12,organic,mobile,Thursday,1,1,retargeting,5.17,4,3.0,1.0,1,1,0,0,0,0,0,0
U02502,rabbit,Dutch,6-12,social_media,desktop,Saturday,1,0,awareness,2.86,6,4.5,15.5,0,1,1,7,3,1,1,0
U02503,cat,Siamese,12-24,email,mobile,Friday,1,0,awareness,5.62,3,3.5,3.3,1,0,0,0,0,0,0,0
U02504,reptile,Bearded Dragon,24+,social_media,desktop,Friday,0,0,awareness,3.09,3,4.1,46.0,1,1,0,0,0,0,0,0
U02505,dog,Beagle,3-6,paid_ad,tablet,Sunday,1,1,seasonal,0.77,4,3.7,1.1,1,0,1,3,1,1,1,0
U02506,dog,Poodle,6-12,paid_ad,desktop,Friday,0,0,retargeting,0.88,5,4.1,34.2,1,0,0,0,0,1,0,0
U02507,bird,Canary,12-24,social_media,desktop,Friday,0,1,none,0.76,1,3.4,2.4,0,1,1,2,1,1,0,1
U02508,cat,Sphynx,12-24,paid_ad,mobile,Monday,0,1,none,0.5,5,4.2,4.5,1,1,0,0,0,0,0,0
U02509,rabbit,Lionhead,12-24,organic,desktop,Monday,0,1,none,4.57,4,4.8,2.5,0,1,0,0,0,1,0,0
U02510,bird,Parakeet,6-12,paid_ad,mobile,Monday,0,0,none,3.9,2,4.2,6.1,1,1,0,0,0,0,0,0
U02511,dog,Beagle,24+,organic,desktop,Sunday,0,0,seasonal,1.06,3,3.9,1.7,1,0,1,7,2,0,0,1
U02512,bird,Cockatiel,0-3,organic,tablet,Thursday,0,1,awareness,4.73,1,3.9,7.0,0,1,1,0,5,1,1,0
U02513,cat,Maine Coon,3-6,email,desktop,Thursday,0,0,seasonal,7.1,12,3.8,5.6,0,1,0,0,0,0,0,0
U02514,cat,Sphynx,3-6,social_media,desktop,Sunday,0,0,none,1.24,6,3.5,20.3,1,0,0,0,0,0,0,0
U02515,cat,Sphynx,3-6,referral,mobile,Friday,1,1,awareness,2.36,1,3.8,14.2,1,0,1,4,1,0,0,1
U02516,bird,Canary,6-12,social_media,mobile,Friday,0,1,seasonal,4.92,4,3.8,17.3,1,1,0,0,0,0,0,0
U02517,dog,Labrador,3-6,organic,desktop,Wednesday,0,0,none,0.5,3,4.4,10.1,1,0,1,3,2,1,0,1
U02518,cat,Sphynx,24+,social_media,mobile,Sunday,0,1,awareness,0.72,3,3.6,28.8,1,1,0,0,0,0,0,0
U02519,cat,Mixed,3-6,social_media,desktop,Tuesday,0,0,seasonal,42.74,4,3.8,6.5,0,1,0,0,0,0,0,0
U02520,cat,Siamese,12-24,social_media,mobile,Monday,0,0,seasonal,6.02,2,4.2,7.7,1,0,0,0,0,0,0,0
U02521,cat,Bengal,12-24,email,desktop,Tuesday,0,0,retargeting,4.87,4,4.6,1.5,0,1,1,2,3,1,0,1
U02522,dog,German Shepherd,3-6,paid_ad,mobile,Wednesday,0,1,seasonal,4.52,2,4.7,100.0,1,1,0,0,0,0,0,0
U02523,dog,Labrador,6-12,paid_ad,mobile,Wednesday,0,0,retargeting,8.52,1,4.2,9.0,1,1,1,3,1,0,0,1
U02524,dog,Mixed,12-24,referral,desktop,Saturday,0,0,none,14.41,7,3.9,37.1,1,1,1,6,4,0,0,1
U02525,rabbit,Dutch,12-24,organic,mobile,Tuesday,1,0,retargeting,1.37,3,4.3,28.7,0,1,1,5,0,1,0,1
U02526,dog,German Shepherd,6-12,paid_ad,mobile,Saturday,0,1,seasonal,3.08,4,3.1,4.5,0,1,1,0,1,1,1,0
U02527,dog,Mixed,24+,social_media,mobile,Monday,1,0,awareness,4.62,4,4.1,10.4,0,1,1,1,3,1,1,0
U02528,reptile,Ball Python,6-12,email,mobile,Tuesday,1,0,none,0.5,2,3.6,13.3,1,1,0,0,0,0,0,0
U02529,dog,Poodle,3-6,social_media,mobile,Friday,0,0,awareness,13.26,3,4.0,28.0,1,1,0,0,0,0,0,0
U02530,reptile,Leopard Gecko,6-12,referral,mobile,Sunday,1,0,retargeting,1.98,3,3.6,1.5,1,0,1,1,4,0,0,1
U02531,cat,Ragdoll,6-12,paid_ad,desktop,Sunday,1,0,none,3.61,6,3.4,26.4,0,1,0,0,0,0,0,0
U02532,rabbit,Lionhead,6-12,referral,mobile,Sunday,1,1,retargeting,8.32,3,3.5,1.8,0,1,0,0,0,0,0,0
U02533,dog,Mixed,3-6,paid_ad,tablet,Saturday,0,0,awareness,0.82,4,4.5,8.9,1,0,1,5,2,1,1,0
U02534,dog,Poodle,6-12,referral,mobile,Saturday,0,1,awareness,0.5,5,3.8,29.7,0,1,1,3,2,1,0,1
U02535,cat,Mixed,12-24,paid_ad,mobile,Friday,0,0,none,5.26,3,4.4,4.0,1,0,0,0,0,0,0,0
U02536,rabbit,Mini Rex,24+,social_media,mobile,Friday,0,0,none,1.7,2,4.5,1.0,0,1,0,0,0,0,0,0
U02537,cat,Bengal,6-12,organic,desktop,Tuesday,1,0,awareness,11.28,6,3.0,1.0,1,1,1,6,2,1,0,1
U02538,dog,Mixed,12-24,social_media,mobile,Friday,1,0,awareness,0.5,5,4.9,3.1,0,1,0,0,0,0,0,0
U02539,rabbit,Lionhead,12-24,organic,desktop,Thursday,0,1,none,2.9,6,3.2,11.7,0,1,0,0,0,0,0,0
U02540,rabbit,Holland Lop,6-12,social_media,mobile,Thursday,1,1,none,0.94,6,3.9,33.5,0,1,0,0,0,0,0,0
U02541,cat,Persian,3-6,social_media,mobile,Friday,1,0,none,6.12,4,4.9,18.5,1,1,1,2,1,0,0,1
U02542,rabbit,Dutch,12-24,social_media,desktop,Tuesday,0,0,awareness,1.55,4,3.3,24.5,1,1,0,0,0,0,0,0
U02543,rabbit,Mixed,24+,referral,mobile,Thursday,0,0,seasonal,2.14,4,3.4,4.2,1,1,0,0,0,0,0,0
U02544,cat,Siamese,6-12,referral,mobile,Monday,0,0,retargeting,7.77,1,3.5,7.2,1,1,1,1,1,0,0,1
U02545,dog,Chihuahua,12-24,organic,desktop,Sunday,1,1,seasonal,19.26,5,4.7,11.1,0,0,1,4,2,0,0,1
U02546,cat,Sphynx,3-6,social_media,desktop,Tuesday,1,1,awareness,10.0,4,4.7,6.9,1,0,1,5,1,0,0,1
U02547,dog,Chihuahua,6-12,social_media,desktop,Wednesday,0,0,awareness,4.37,5,4.8,20.9,0,0,1,3,0,1,0,1
U02548,cat,Persian,0-3,social_media,desktop,Sunday,0,0,none,6.62,6,4.0,52.8,1,1,0,0,0,0,0,0
U02549,cat,Persian,12-24,paid_ad,desktop,Friday,1,0,retargeting,9.13,5,4.8,22.0,1,0,1,4,2,0,0,1
U02550,dog,Beagle,3-6,social_media,desktop,Tuesday,1,1,awareness,16.22,4,3.5,42.2,1,1,1,1,2,0,0,1
U02551,dog,German Shepherd,0-3,email,mobile,Thursday,0,0,retargeting,9.98,1,4.2,57.7,0,1,1,0,1,0,0,1
U02552,dog,German Shepherd,0-3,paid_ad,desktop,Tuesday,0,0,awareness,20.85,2,3.9,5.8,1,1,1,2,2,1,1,0
U02553,rabbit,Dutch,6-12,paid_ad,desktop,Tuesday,1,0,none,9.99,4,3.6,14.4,1,0,1,2,3,1,1,0
U02554,bird,Parakeet,0-3,organic,mobile,Monday,0,0,none,0.56,4,4.5,21.8,0,1,1,0,2,1,1,0
U02555,dog,Chihuahua,0-3,paid_ad,mobile,Thursday,0,0,retargeting,6.26,5,4.5,14.5,0,1,1,4,1,0,0,1
U02556,reptile,Ball Python,6-12,social_media,mobile,Saturday,1,1,none,5.9,1,4.5,13.7,0,1,1,4,0,0,0,1
U02557,cat,Siamese,6-12,organic,desktop,Friday,0,1,none,16.4,5,4.2,6.9,0,1,1,3,1,1,0,1
U02558,dog,Labrador,3-6,organic,mobile,Friday,1,0,seasonal,11.77,3,3.7,11.3,0,1,0,0,0,0,0,0
U02559,dog,German Shepherd,0-3,social_media,tablet,Tuesday,0,0,retargeting,4.63,2,4.3,6.2,0,1,0,0,0,0,0,0
U02560,cat,Sphynx,6-12,social_media,mobile,Wednesday,0,0,none,4.84,4,3.4,3.8,1,1,0,0,0,0,0,0
U02561,rabbit,Holland Lop,24+,organic,desktop,Sunday,0,1,none,0.5,6,3.5,7.2,1,0,1,3,2,0,0,1
U02562,cat,Mixed,6-12,email,mobile,Monday,0,0,none,3.87,1,4.9,7.6,0,0,0,0,0,0,0,0
U02563,dog,Bulldog,6-12,paid_ad,desktop,Sunday,0,1,awareness,5.0,5,4.1,2.3,1,1,1,0,1,0,0,1
U02564,dog,Mixed,6-12,organic,desktop,Friday,1,1,retargeting,25.57,2,4.4,10.1,0,0,0,0,0,1,1,0
U02565,cat,Maine Coon,0-3,organic,desktop,Sunday,0,0,none,18.09,9,3.9,15.2,1,0,0,0,0,0,0,0
U02566,dog,Labrador,12-24,paid_ad,desktop,Wednesday,1,0,seasonal,12.46,6,3.0,1.6,0,1,1,6,4,0,0,1
U02567,dog,Beagle,0-3,organic,desktop,Wednesday,0,1,none,0.5,4,4.0,11.4,0,1,1,2,2,0,0,1
U02568,dog,Poodle,0-3,referral,mobile,Saturday,0,0,none,2.34,4,4.1,1.4,1,1,0,0,0,0,0,0
U02569,rabbit,Dutch,0-3,email,mobile,Saturday,0,0,seasonal,4.17,2,3.2,29.1,1,1,1,2,3,1,0,1
U02570,bird,Lovebird,12-24,social_media,desktop,Wednesday,1,0,none,0.5,4,3.4,7.9,0,0,1,1,0,1,0,1
U02571,cat,Bengal,3-6,organic,mobile,Sunday,0,0,seasonal,1.22,1,3.3,4.2,1,0,0,0,0,0,0,0
U02572,bird,Parakeet,6-12,organic,mobile,Monday,0,1,retargeting,7.65,4,4.8,7.1,1,1,1,6,1,0,0,1
U02573,dog,German Shepherd,0-3,organic,desktop,Monday,1,0,none,1.08,6,3.1,15.8,1,1,0,0,0,0,0,0
U02574,cat,Mixed,12-24,organic,mobile,Friday,0,0,awareness,0.5,1,4.5,9.7,1,1,0,0,0,0,0,0
U02575,dog,Poodle,3-6,email,mobile,Saturday,0,1,awareness,3.95,4,3.9,13.9,1,1,1,5,1,1,1,0
U02576,cat,Siamese,3-6,organic,desktop,Sunday,0,0,seasonal,22.83,4,3.0,13.6,0,0,1,8,2,1,0,1
U02577,reptile,Bearded Dragon,12-24,social_media,mobile,Thursday,0,1,awareness,6.3,2,3.9,17.8,0,1,0,0,0,0,0,0
U02578,cat,Mixed,0-3,email,mobile,Monday,0,0,awareness,16.74,5,5.0,40.3,0,1,1,6,2,0,0,1
U02579,dog,Mixed,6-12,organic,mobile,Friday,1,0,none,6.37,2,3.9,15.9,0,0,1,2,1,1,1,0
U02580,cat,Persian,3-6,organic,desktop,Wednesday,1,0,awareness,4.49,1,3.5,2.7,0,1,0,0,0,0,0,0
U02581,dog,Beagle,12-24,organic,tablet,Thursday,1,1,none,19.05,3,4.8,9.1,0,1,1,3,1,1,0,1
U02582,bird,Cockatiel,6-12,organic,desktop,Friday,0,1,none,3.34,4,3.2,3.2,0,1,1,4,1,0,0,1
U02583,cat,Mixed,12-24,paid_ad,mobile,Monday,1,0,seasonal,1.96,1,4.5,2.2,1,1,1,4,0,0,0,1
U02584,cat,Maine Coon,12-24,social_media,tablet,Friday,0,1,none,3.86,6,3.5,20.5,0,0,0,0,0,0,0,0
U02585,cat,Mixed,3-6,paid_ad,desktop,Thursday,0,1,none,13.12,8,4.4,2.5,1,1,0,0,0,0,0,0
U02586,cat,Ragdoll,0-3,social_media,desktop,Saturday,0,0,retargeting,19.48,7,3.3,22.8,1,1,1,5,1,0,0,1
U02587,dog,Mixed,6-12,social_media,desktop,Saturday,1,0,retargeting,3.45,2,3.1,11.1,1,1,1,1,2,0,0,1
U02588,cat,Sphynx,0-3,social_media,mobile,Tuesday,0,0,none,2.82,4,4.4,8.3,0,1,1,2,2,1,1,0
U02589,dog,German Shepherd,0-3,paid_ad,mobile,Tuesday,0,0,none,10.4,1,3.8,31.0,1,1,0,0,0,0,0,0
U02590,cat,Mixed,0-3,organic,mobile,Wednesday,1,0,none,0.5,3,5.0,34.5,1,0,0,0,0,0,0,0
U02591,rabbit,Mini Rex,6-12,organic,mobile,Tuesday,0,0,none,5.36,3,4.1,3.6,1,0,1,2,3,0,0,1
U02592,rabbit,Holland Lop,6-12,email,desktop,Saturday,0,0,retargeting,3.63,5,3.1,24.1,1,0,0,0,0,0,0,0
U02593,cat,Maine Coon,6-12,social_media,desktop,Sunday,0,0,awareness,3.69,7,3.3,14.0,0,1,0,0,0,0,0,0
U02594,cat,Siamese,12-24,social_media,desktop,Saturday,1,0,retargeting,4.62,9,4.8,10.3,1,1,1,8,2,0,0,1
U02595,dog,Chihuahua,24+,email,mobile,Friday,0,0,awareness,2.47,2,3.1,4.1,1,1,0,0,0,0,0,0
U02596,rabbit,Dutch,3-6,social_media,mobile,Thursday,0,0,retargeting,4.95,2,4.1,24.3,0,1,1,5,1,1,0,1
U02597,dog,Poodle,6-12,email,mobile,Wednesday,1,0,awareness,11.97,3,3.0,32.0,0,0,0,0,0,0,0,0
U02598,cat,Ragdoll,6-12,social_media,mobile,Sunday,0,1,seasonal,3.08,8,4.4,19.6,0,0,1,4,4,1,0,1
U02599,dog,Bulldog,12-24,paid_ad,mobile,Sunday,0,0,awareness,8.14,1,3.3,4.8,1,1,0,0,0,0,0,0
U02600,dog,German Shepherd,12-24,paid_ad,desktop,Friday,1,0,retargeting,10.27,2,3.4,1.1,1,1,0,0,0,1,1,0
U02601,cat,Mixed,0-3,social_media,mobile,Wednesday,0,0,awareness,1.83,6,3.6,9.8,1,0,0,0,0,0,0,0
U02602,dog,German Shepherd,0-3,email,tablet,Saturday,0,0,awareness,5.75,2,3.0,4.7,0,1,0,0,0,0,0,0
U02603,cat,Ragdoll,0-3,paid_ad,mobile,Tuesday,0,1,retargeting,5.0,3,4.0,6.3,1,1,1,5,1,1,1,0
U02604,dog,Labrador,0-3,social_media,desktop,Saturday,0,0,none,0.5,5,4.9,6.0,1,1,0,0,0,0,0,0
U02605,dog,German Shepherd,3-6,social_media,mobile,Saturday,1,0,awareness,2.29,3,4.4,3.6,1,0,1,4,5,0,0,1
U02606,cat,Bengal,3-6,paid_ad,mobile,Tuesday,0,0,retargeting,22.35,4,4.9,62.6,1,1,1,1,4,0,0,1
U02607,dog,Beagle,6-12,email,desktop,Sunday,0,0,retargeting,7.91,7,3.3,29.0,0,1,0,0,0,0,0,0
U02608,dog,Poodle,12-24,organic,desktop,Sunday,1,0,awareness,3.17,2,3.5,1.3,0,1,1,0,1,0,0,1
U02609,cat,Mixed,0-3,paid_ad,mobile,Sunday,0,0,awareness,1.31,7,3.7,27.4,0,0,1,5,1,1,0,1
U02610,dog,Golden Retriever,3-6,organic,mobile,Friday,0,0,none,1.07,7,4.5,1.0,1,1,1,2,1,0,0,1
U02611,rabbit,Mixed,6-12,paid_ad,mobile,Wednesday,0,1,seasonal,1.8,1,5.0,26.8,1,1,0,0,0,0,0,0
U02612,dog,German Shepherd,12-24,paid_ad,desktop,Friday,0,0,none,1.68,5,4.7,3.2,1,1,0,0,0,0,0,0
U02613,dog,Bulldog,12-24,referral,tablet,Thursday,0,0,retargeting,0.94,5,4.2,9.5,0,0,1,0,2,1,1,0
U02614,cat,Persian,3-6,organic,mobile,Tuesday,0,0,none,2.06,3,4.2,5.8,0,1,0,0,0,0,0,0
U02615,dog,Golden Retriever,3-6,email,mobile,Thursday,0,1,none,4.25,2,4.5,12.9,1,0,0,0,0,0,0,0
U02616,dog,Poodle,6-12,social_media,tablet,Saturday,1,0,none,1.03,3,3.4,8.9,0,0,1,3,5,1,1,0
U02617,dog,Mixed,3-6,social_media,mobile,Monday,1,0,retargeting,0.5,3,4.6,1.0,1,1,0,0,0,0,0,0
U02618,dog,Golden Retriever,0-3,organic,desktop,Wednesday,0,0,none,0.5,6,4.5,20.9,1,1,1,5,2,1,1,0
U02619,rabbit,Mixed,3-6,email,mobile,Monday,0,0,none,1.09,3,3.1,9.9,1,0,0,0,0,0,0,0
U02620,dog,Bulldog,24+,social_media,desktop,Saturday,0,0,none,1.64,2,3.1,3.5,1,0,0,0,0,0,0,0
U02621,rabbit,Holland Lop,3-6,organic,mobile,Saturday,0,1,none,2.71,3,3.3,13.6,1,1,0,0,0,0,0,0
U02622,bird,Canary,3-6,email,mobile,Monday,1,0,none,2.13,6,4.3,3.0,0,0,1,2,1,0,0,1
U02623,cat,Sphynx,12-24,paid_ad,mobile,Sunday,1,1,none,1.79,4,4.9,11.8,1,1,1,6,1,0,0,1
U02624,bird,Canary,24+,paid_ad,desktop,Monday,0,0,retargeting,10.76,5,3.2,8.4,0,1,0,0,0,0,0,0
U02625,dog,German Shepherd,12-24,referral,desktop,Friday,0,1,awareness,5.48,8,4.2,11.5,1,1,1,3,2,1,1,0
U02626,reptile,Ball Python,6-12,social_media,desktop,Saturday,0,0,awareness,0.58,11,4.2,12.8,1,1,1,1,1,0,0,1
U02627,dog,Chihuahua,12-24,referral,desktop,Saturday,0,0,seasonal,2.74,4,3.3,1.0,0,0,0,0,0,0,0,0
U02628,cat,Siamese,6-12,paid_ad,mobile,Monday,1,1,awareness,16.49,4,3.5,15.2,1,1,1,1,1,0,0,1
U02629,cat,Maine Coon,3-6,organic,mobile,Sunday,1,0,seasonal,17.16,3,4.1,5.3,0,1,1,3,3,0,0,1
U02630,dog,Beagle,24+,organic,desktop,Sunday,0,1,none,2.29,3,3.7,6.2,1,1,0,0,0,0,0,0
U02631,cat,Siamese,6-12,social_media,mobile,Friday,0,0,awareness,0.83,3,3.3,22.3,0,0,0,0,0,0,0,0
U02632,cat,Sphynx,0-3,social_media,mobile,Friday,0,1,none,3.11,1,3.9,3.0,0,1,1,4,3,0,0,1
U02633,dog,Labrador,3-6,email,mobile,Monday,1,0,awareness,2.99,2,3.2,6.2,1,1,1,4,4,0,0,1
U02634,dog,Labrador,6-12,email,mobile,Friday,1,1,awareness,2.4,4,4.2,1.1,1,1,1,3,1,1,0,1
U02635,cat,Ragdoll,12-24,paid_ad,mobile,Thursday,0,0,none,3.43,5,3.3,50.6,0,1,0,0,0,0,0,0
U02636,cat,Ragdoll,24+,social_media,desktop,Saturday,1,0,retargeting,2.06,7,4.5,3.9,1,1,0,0,0,0,0,0
U02637,reptile,Mixed,3-6,organic,tablet,Thursday,0,1,awareness,0.61,3,4.1,31.4,0,0,1,3,0,0,0,1
U02638,rabbit,Holland Lop,12-24,paid_ad,desktop,Saturday,0,1,none,5.07,7,3.2,13.8,1,1,1,2,4,1,1,0
U02639,reptile,Bearded Dragon,0-3,social_media,tablet,Tuesday,1,0,awareness,13.49,1,3.4,8.4,1,0,1,5,2,0,0,1
U02640,cat,Persian,6-12,referral,tablet,Tuesday,0,0,retargeting,0.96,6,3.9,13.1,1,1,0,0,0,0,0,0
U02641,dog,Chihuahua,0-3,organic,mobile,Tuesday,1,0,none,5.55,6,3.8,12.6,1,0,1,8,1,0,0,1
U02642,dog,Labrador,6-12,referral,mobile,Monday,0,0,none,2.62,3,4.7,13.6,0,1,1,3,5,0,0,1
U02643,rabbit,Lionhead,6-12,organic,desktop,Friday,0,0,retargeting,2.09,8,4.3,6.2,1,1,1,5,4,0,0,1
U02644,cat,Sphynx,12-24,organic,mobile,Saturday,0,1,seasonal,8.73,1,4.8,32.5,1,0,0,0,0,0,0,0
U02645,dog,Bulldog,6-12,organic,mobile,Friday,0,0,none,2.77,3,4.1,22.7,0,1,0,0,0,0,0,0
U02646,dog,Bulldog,12-24,paid_ad,mobile,Friday,0,0,seasonal,3.98,1,3.6,57.1,0,1,1,3,3,1,0,1
U02647,reptile,Mixed,12-24,paid_ad,mobile,Saturday,0,1,none,2.05,3,3.1,26.9,1,0,1,3,4,1,1,0
U02648,cat,Maine Coon,0-3,social_media,mobile,Wednesday,0,0,seasonal,0.5,4,3.4,6.8,0,1,1,2,4,0,0,1
U02649,cat,Persian,0-3,referral,mobile,Thursday,0,0,awareness,4.11,3,3.5,5.7,0,0,1,4,4,1,0,1
U02650,cat,Persian,0-3,email,mobile,Wednesday,1,1,seasonal,2.47,4,3.2,9.4,1,0,1,2,3,0,0,1
U02651,dog,German Shepherd,3-6,email,desktop,Saturday,0,1,retargeting,0.71,2,4.1,1.0,0,1,0,0,0,0,0,0
U02652,dog,German Shepherd,3-6,paid_ad,desktop,Tuesday,1,1,none,7.07,6,4.3,7.5,1,1,1,1,0,0,0,1
U02653,dog,Beagle,0-3,organic,desktop,Monday,0,1,none,0.5,2,3.1,1.0,0,1,0,0,0,0,0,0
U02654,dog,Labrador,3-6,social_media,mobile,Friday,0,0,awareness,1.06,7,3.7,2.8,1,1,0,0,0,0,0,0
U02655,rabbit,Dutch,0-3,referral,mobile,Sunday,0,0,none,5.32,2,3.1,5.7,1,1,0,0,0,0,0,0
U02656,cat,Maine Coon,0-3,referral,desktop,Friday,0,1,awareness,0.5,5,4.5,15.5,1,1,1,3,3,0,0,1
U02657,rabbit,Mini Rex,3-6,referral,mobile,Saturday,0,0,seasonal,3.64,1,4.0,54.8,0,1,0,0,0,0,0,0
U02658,bird,Parakeet,12-24,referral,desktop,Saturday,0,0,none,17.94,7,4.4,2.6,1,1,1,3,1,0,0,1
U02659,dog,Golden Retriever,24+,organic,desktop,Friday,0,1,awareness,1.46,9,4.2,1.6,1,0,1,1,0,0,0,1
U02660,cat,Mixed,0-3,paid_ad,desktop,Saturday,1,1,none,4.21,5,4.7,38.8,1,1,1,4,2,1,1,0
U02661,cat,Maine Coon,12-24,social_media,tablet,Saturday,0,0,awareness,5.57,5,4.8,10.3,1,1,1,6,2,0,0,1
U02662,bird,Parakeet,3-6,referral,mobile,Wednesday,1,1,none,2.1,1,4.1,14.2,1,1,1,2,2,1,1,0
U02663,dog,Chihuahua,12-24,social_media,mobile,Wednesday,0,1,none,4.41,4,3.9,1.0,1,0,1,2,1,0,0,1
U02664,cat,Sphynx,3-6,email,desktop,Wednesday,1,1,seasonal,4.04,2,5.0,5.9,1,1,1,3,1,0,0,1
U02665,cat,Ragdoll,3-6,social_media,mobile,Thursday,0,1,retargeting,0.73,3,3.4,10.5,0,1,1,3,2,1,1,0
U02666,dog,Beagle,6-12,social_media,mobile,Sunday,1,0,retargeting,0.5,7,4.3,4.5,0,1,0,0,0,0,0,0
U02667,dog,German Shepherd,24+,organic,mobile,Wednesday,0,1,retargeting,6.21,1,4.2,24.6,1,0,1,9,2,0,0,1
U02668,cat,Siamese,3-6,paid_ad,mobile,Thursday,0,0,awareness,1.24,3,4.9,14.0,0,1,1,3,3,1,0,1
U02669,cat,Ragdoll,3-6,paid_ad,mobile,Sunday,0,1,retargeting,8.56,6,3.2,46.6,1,1,1,1,2,1,1,0
U02670,dog,Labrador,6-12,organic,mobile,Friday,0,1,none,6.18,3,4.9,17.9,0,0,1,4,1,0,0,1
U02671,cat,Sphynx,12-24,paid_ad,desktop,Friday,1,0,none,0.5,3,4.5,2.5,0,0,1,2,1,1,1,0
U02672,dog,German Shepherd,12-24,email,desktop,Sunday,1,0,none,1.75,7,3.3,11.1,1,0,0,0,0,1,0,0
U02673,cat,Persian,12-24,social_media,desktop,Friday,1,0,none,2.69,2,3.4,2.5,0,0,1,5,2,0,0,1
U02674,dog,Bulldog,0-3,organic,desktop,Saturday,0,1,none,7.04,4,3.6,29.6,1,0,1,1,2,0,0,1
U02675,bird,Mixed,0-3,paid_ad,mobile,Monday,1,1,none,5.81,2,4.4,6.0,0,1,1,2,2,1,0,1
U02676,dog,Beagle,12-24,paid_ad,mobile,Tuesday,0,0,awareness,0.5,5,4.5,8.6,1,0,1,5,1,0,0,1
U02677,dog,Beagle,3-6,social_media,mobile,Thursday,0,0,none,1.31,5,4.5,30.7,1,1,1,3,1,0,0,1
U02678,dog,Golden Retriever,6-12,email,desktop,Friday,1,1,retargeting,3.68,4,4.3,4.6,0,1,1,2,3,1,0,1
U02679,dog,Beagle,3-6,organic,desktop,Sunday,0,0,awareness,1.58,6,3.3,9.2,0,1,1,4,1,1,1,0
U02680,cat,Ragdoll,0-3,social_media,mobile,Sunday,0,0,seasonal,3.59,2,3.1,23.1,1,1,0,0,0,0,0,0
U02681,dog,German Shepherd,24+,organic,mobile,Sunday,0,0,none,2.96,3,3.6,1.0,0,1,0,0,0,0,0,0
U02682,rabbit,Mixed,12-24,organic,tablet,Wednesday,0,1,retargeting,1.9,3,4.2,4.9,1,0,1,4,3,1,1,0
U02683,dog,Chihuahua,3-6,email,desktop,Sunday,0,1,retargeting,5.67,8,3.7,1.8,1,1,0,0,0,0,0,0
U02684,dog,Labrador,6-12,referral,desktop,Saturday,0,0,seasonal,3.43,9,4.7,20.5,1,1,1,4,1,0,0,1
U02685,dog,Bulldog,6-12,social_media,mobile,Thursday,1,0,none,1.91,4,4.6,2.4,0,0,1,2,2,1,0,1
U02686,dog,Chihuahua,6-12,organic,mobile,Saturday,1,0,none,1.4,1,3.4,47.8,0,1,1,1,3,1,1,0
U02687,dog,Chihuahua,24+,email,desktop,Monday,1,1,none,6.06,5,4.3,7.2,0,1,1,1,1,1,0,1
U02688,cat,Bengal,6-12,paid_ad,desktop,Tuesday,0,0,none,4.58,3,4.7,11.3,1,0,0,0,0,0,0,0
U02689,cat,Persian,6-12,paid_ad,desktop,Saturday,1,0,awareness,1.7,1,4.8,3.8,1,1,1,1,0,0,0,1
U02690,cat,Sphynx,3-6,paid_ad,desktop,Saturday,1,0,retargeting,0.5,5,3.9,27.8,0,0,1,1,2,1,0,1
U02691,cat,Bengal,3-6,social_media,desktop,Thursday,0,1,none,1.28,10,4.8,4.1,1,1,0,0,0,0,0,0
U02692,cat,Persian,6-12,paid_ad,desktop,Friday,0,0,none,0.5,6,4.5,9.8,0,1,1,0,2,1,0,1
U02693,dog,German Shepherd,24+,organic,mobile,Sunday,0,0,none,2.57,6,3.6,50.7,1,1,0,0,0,0,0,0
U02694,cat,Sphynx,24+,social_media,mobile,Saturday,0,1,none,1.16,1,3.7,9.6,0,1,1,3,3,0,0,1
U02695,reptile,Mixed,12-24,social_media,desktop,Thursday,0,1,seasonal,3.27,5,3.3,10.5,1,0,1,3,3,0,0,1
U02696,cat,Sphynx,12-24,social_media,mobile,Tuesday,0,0,seasonal,1.82,6,3.8,29.9,0,1,0,0,0,0,0,0
U02697,cat,Bengal,0-3,referral,mobile,Wednesday,0,0,none,3.51,3,3.7,33.4,0,0,1,4,2,0,0,1
U02698,dog,German Shepherd,24+,paid_ad,desktop,Sunday,0,0,none,10.04,4,4.2,18.3,1,1,1,3,0,0,0,1
U02699,rabbit,Dutch,24+,organic,tablet,Thursday,0,0,seasonal,3.26,3,3.6,1.0,0,1,0,0,0,0,0,0
U02700,rabbit,Lionhead,3-6,organic,mobile,Thursday,1,0,none,0.5,1,3.8,19.3,1,1,1,3,2,1,0,1
U02701,cat,Persian,6-12,social_media,mobile,Friday,1,0,awareness,0.5,2,3.3,20.6,0,0,1,7,3,1,1,0
U02702,reptile,Ball Python,3-6,organic,desktop,Sunday,0,0,seasonal,1.44,5,4.5,6.6,1,1,1,3,1,0,0,1
U02703,dog,Labrador,12-24,email,desktop,Friday,0,1,awareness,4.32,3,3.1,15.2,0,1,1,2,1,1,1,0
U02704,dog,Bulldog,0-3,referral,desktop,Saturday,0,0,none,0.5,8,4.5,4.7,0,1,1,1,3,1,0,1
U02705,rabbit,Dutch,12-24,referral,mobile,Thursday,0,0,none,1.39,2,3.4,5.9,1,1,1,1,2,0,0,1
U02706,rabbit,Mini Rex,12-24,email,mobile,Monday,0,0,seasonal,7.63,3,5.0,6.6,1,0,1,3,3,1,0,1
U02707,dog,Bulldog,0-3,paid_ad,desktop,Sunday,1,0,none,0.74,4,5.0,30.5,0,1,1,3,3,1,0,1
U02708,dog,Golden Retriever,3-6,social_media,desktop,Sunday,0,0,none,23.14,7,5.0,39.7,1,1,0,0,0,0,0,0
U02709,dog,Golden Retriever,0-3,organic,desktop,Sunday,1,1,retargeting,15.15,9,3.0,19.2,1,1,1,5,3,0,0,1
U02710,dog,Labrador,12-24,social_media,mobile,Sunday,1,0,retargeting,8.11,2,3.4,3.1,1,1,0,0,0,0,0,0
U02711,rabbit,Lionhead,0-3,email,mobile,Saturday,0,1,awareness,6.97,1,4.1,18.1,1,1,1,6,1,1,1,0
U02712,cat,Ragdoll,12-24,paid_ad,mobile,Saturday,0,0,none,0.5,3,4.5,4.4,1,1,1,2,1,0,0,1
U02713,dog,Labrador,6-12,organic,tablet,Sunday,0,0,awareness,1.07,1,4.6,2.3,1,1,1,4,2,1,0,1
U02714,dog,German Shepherd,3-6,social_media,desktop,Friday,0,0,none,1.13,5,3.3,10.7,1,1,0,0,0,0,0,0
U02715,dog,Bulldog,0-3,social_media,mobile,Tuesday,0,0,none,0.54,1,4.7,35.0,1,1,1,2,1,1,1,0
U02716,dog,German Shepherd,0-3,referral,mobile,Thursday,1,1,retargeting,1.81,2,4.4,6.9,0,1,1,2,4,0,0,1
U02717,cat,Maine Coon,3-6,social_media,desktop,Sunday,1,1,none,13.83,7,3.6,15.4,0,0,1,3,1,0,0,1
U02718,reptile,Bearded Dragon,0-3,paid_ad,mobile,Thursday,1,0,none,1.02,6,3.0,20.8,0,0,1,3,2,0,0,1
U02719,rabbit,Lionhead,12-24,paid_ad,desktop,Sunday,0,0,none,1.68,5,4.8,28.2,1,1,0,0,0,0,0,0
U02720,dog,Chihuahua,3-6,organic,desktop,Monday,0,0,awareness,8.79,4,3.4,1.0,1,1,1,5,2,1,0,1
U02721,bird,Canary,0-3,email,mobile,Wednesday,0,1,retargeting,0.5,10,3.7,10.5,0,1,1,3,4,1,0,1
U02722,rabbit,Holland Lop,12-24,paid_ad,mobile,Thursday,0,0,retargeting,1.56,2,4.7,34.2,0,0,1,3,1,1,0,1
U02723,rabbit,Lionhead,6-12,social_media,desktop,Monday,0,0,retargeting,2.1,2,4.3,5.2,1,1,0,0,0,0,0,0
U02724,cat,Mixed,0-3,referral,mobile,Tuesday,0,0,awareness,8.55,2,3.3,1.2,0,0,0,0,0,0,0,0
U02725,dog,Golden Retriever,3-6,organic,mobile,Tuesday,0,0,retargeting,3.29,2,5.0,7.0,1,0,1,4,3,0,0,1
U02726,dog,Beagle,3-6,organic,tablet,Sunday,1,0,none,6.76,2,3.6,18.9,0,0,1,6,3,1,0,1
U02727,dog,Beagle,24+,paid_ad,desktop,Monday,1,0,none,1.08,9,4.2,56.5,0,0,1,4,4,0,0,1
U02728,dog,Beagle,3-6,paid_ad,desktop,Wednesday,0,0,awareness,20.62,4,4.3,12.4,0,1,1,1,2,0,0,1
U02729,dog,German Shepherd,6-12,referral,mobile,Monday,1,0,none,1.77,2,4.1,40.1,0,1,1,4,4,0,0,1
U02730,cat,Maine Coon,12-24,email,mobile,Saturday,0,0,none,5.58,4,4.2,41.1,1,1,0,0,0,0,0,0
U02731,cat,Persian,6-12,referral,mobile,Friday,0,0,awareness,14.07,1,3.5,25.3,1,0,0,0,0,0,0,0
U02732,cat,Persian,0-3,paid_ad,mobile,Saturday,1,0,awareness,3.23,2,4.9,8.8,1,1,1,0,0,1,0,1
U02733,dog,German Shepherd,24+,paid_ad,desktop,Thursday,0,0,awareness,5.52,3,4.0,19.7,1,0,1,3,2,0,0,1
U02734,reptile,Bearded Dragon,3-6,email,mobile,Tuesday,1,0,retargeting,0.5,5,3.3,37.7,1,0,0,0,0,0,0,0
U02735,bird,Lovebird,0-3,social_media,desktop,Saturday,1,0,awareness,2.97,5,4.7,28.6,0,1,1,4,0,1,1,0
U02736,rabbit,Lionhead,12-24,referral,mobile,Saturday,1,0,seasonal,6.7,4,3.3,12.4,1,0,0,0,0,0,0,0
U02737,reptile,Bearded Dragon,12-24,social_media,mobile,Tuesday,1,0,none,0.51,1,4.7,32.1,1,1,1,4,1,1,1,0
U02738,cat,Persian,12-24,social_media,tablet,Friday,0,0,awareness,16.22,2,4.1,27.5,1,1,1,2,1,0,0,1
U02739,reptile,Leopard Gecko,3-6,social_media,mobile,Wednesday,0,0,none,3.85,3,3.1,2.1,0,1,0,0,0,0,0,0
U02740,dog,Bulldog,24+,email,mobile,Tuesday,0,0,none,2.49,4,3.2,5.0,1,1,0,0,0,0,0,0
U02741,dog,Bulldog,0-3,social_media,mobile,Saturday,0,1,seasonal,3.6,2,4.9,27.6,1,0,0,0,0,1,1,0
U02742,dog,Poodle,0-3,organic,mobile,Friday,0,0,none,0.74,3,3.3,21.7,1,1,1,4,2,1,0,1
U02743,dog,Beagle,3-6,paid_ad,mobile,Tuesday,1,1,none,1.12,2,4.2,7.3,1,1,1,4,1,0,0,1
U02744,dog,Golden Retriever,0-3,social_media,mobile,Wednesday,0,1,awareness,1.54,4,3.6,11.3,1,1,1,0,2,0,0,1
U02745,cat,Bengal,3-6,email,desktop,Sunday,1,0,none,3.79,1,4.6,63.6,1,1,1,2,1,0,0,1
U02746,rabbit,Dutch,6-12,organic,desktop,Sunday,1,1,awareness,14.83,5,4.6,7.3,0,1,1,2,5,0,0,1
U02747,cat,Maine Coon,3-6,organic,mobile,Sunday,0,0,none,2.08,5,4.6,3.8,1,1,1,4,5,0,0,1
U02748,dog,Chihuahua,0-3,organic,mobile,Thursday,0,0,none,3.38,4,3.4,17.0,1,1,1,3,1,1,0,1
U02749,rabbit,Lionhead,6-12,paid_ad,desktop,Friday,0,0,retargeting,1.06,2,4.4,2.9,1,1,1,5,2,1,0,1
U02750,cat,Siamese,6-12,organic,mobile,Thursday,0,0,retargeting,6.06,1,3.2,1.6,1,1,0,0,0,0,0,0
U02751,dog,Labrador,12-24,referral,desktop,Monday,0,0,awareness,6.41,3,3.2,31.7,1,1,1,2,2,0,0,1
U02752,cat,Ragdoll,0-3,organic,desktop,Thursday,0,0,awareness,4.52,6,3.8,31.7,1,1,0,0,0,0,0,0
U02753,dog,German Shepherd,3-6,organic,mobile,Friday,1,0,retargeting,13.38,4,4.2,21.9,1,0,0,0,0,0,0,0
U02754,dog,Golden Retriever,3-6,organic,desktop,Wednesday,0,0,retargeting,17.26,9,3.6,1.0,1,1,1,3,2,1,1,0
U02755,bird,Parakeet,0-3,organic,tablet,Sunday,1,0,none,5.39,1,3.6,3.5,0,1,1,1,5,0,0,1
U02756,dog,Golden Retriever,3-6,paid_ad,desktop,Tuesday,1,0,none,19.88,3,3.1,23.6,1,1,1,1,5,1,1,0
U02757,cat,Siamese,12-24,paid_ad,mobile,Thursday,0,1,none,3.79,2,3.4,24.7,0,1,0,0,0,0,0,0
U02758,bird,Parakeet,3-6,email,desktop,Tuesday,0,0,none,10.52,6,4.2,10.0,0,1,0,0,0,0,0,0
U02759,cat,Persian,24+,organic,tablet,Thursday,1,0,none,3.42,4,4.4,27.3,0,0,1,2,5,1,1,0
U02760,dog,German Shepherd,6-12,organic,mobile,Monday,1,0,none,0.5,2,4.8,28.9,0,1,1,5,2,0,0,1
U02761,dog,Chihuahua,0-3,social_media,desktop,Wednesday,0,1,retargeting,40.1,6,3.7,25.3,0,0,1,5,1,1,1,0
U02762,dog,Bulldog,3-6,referral,mobile,Thursday,0,0,awareness,0.82,4,3.5,21.2,1,1,1,1,3,0,0,1
U02763,cat,Maine Coon,0-3,organic,mobile,Thursday,0,1,none,1.32,1,4.4,26.0,1,1,1,4,1,0,0,1
U02764,cat,Sphynx,0-3,paid_ad,desktop,Friday,0,0,awareness,1.39,2,4.3,1.9,1,0,1,1,4,1,1,0
U02765,dog,German Shepherd,12-24,social_media,desktop,Wednesday,0,0,retargeting,3.21,3,3.6,11.0,1,1,0,0,0,0,0,0
U02766,reptile,Leopard Gecko,0-3,organic,desktop,Friday,0,1,none,2.05,8,4.5,8.7,1,1,1,5,0,1,1,0
U02767,cat,Sphynx,3-6,social_media,tablet,Friday,1,1,awareness,5.97,2,3.4,1.0,0,1,1,0,1,1,0,1
U02768,dog,Poodle,6-12,organic,mobile,Wednesday,0,0,none,25.68,2,3.7,69.0,1,0,0,0,0,0,0,0
U02769,cat,Siamese,6-12,paid_ad,mobile,Sunday,0,0,awareness,0.5,2,3.5,11.4,0,0,0,0,0,0,0,0
U02770,cat,Persian,12-24,organic,tablet,Friday,0,1,none,9.8,4,4.3,26.9,0,1,1,4,0,1,1,0
U02771,dog,Beagle,3-6,paid_ad,mobile,Wednesday,1,0,awareness,0.62,5,4.0,8.4,0,0,0,0,0,0,0,0
U02772,dog,Golden Retriever,3-6,organic,desktop,Sunday,0,0,awareness,0.5,3,4.5,5.8,1,1,1,3,1,1,1,0
U02773,rabbit,Dutch,0-3,referral,mobile,Sunday,1,0,awareness,3.56,3,3.2,10.9,1,1,1,3,1,0,0,1
U02774,cat,Siamese,3-6,organic,mobile,Sunday,0,0,awareness,9.4,1,3.5,2.4,1,0,1,1,1,0,0,1
U02775,cat,Bengal,12-24,paid_ad,mobile,Saturday,0,1,awareness,0.88,1,4.0,3.1,0,0,0,0,0,0,0,0
U02776,cat,Sphynx,0-3,paid_ad,mobile,Thursday,0,0,none,1.9,1,3.1,1.0,1,1,0,0,0,0,0,0
U02777,dog,Poodle,3-6,referral,desktop,Wednesday,1,1,awareness,1.44,3,4.5,29.3,1,1,1,4,2,1,0,1
U02778,dog,Beagle,12-24,social_media,desktop,Saturday,0,0,seasonal,18.49,6,3.6,11.8,0,0,1,4,1,0,0,1
U02779,cat,Siamese,3-6,paid_ad,desktop,Sunday,0,0,retargeting,2.46,2,4.2,64.4,0,1,0,0,0,0,0,0
U02780,dog,Bulldog,0-3,social_media,mobile,Friday,1,0,seasonal,2.68,3,4.8,26.4,1,1,1,5,2,0,0,1
U02781,dog,Chihuahua,0-3,organic,mobile,Sunday,1,1,none,10.24,2,3.5,12.1,0,1,0,0,0,1,1,0
U02782,rabbit,Lionhead,24+,social_media,mobile,Wednesday,0,1,none,2.82,2,4.5,11.3,0,0,1,2,1,1,1,0
U02783,reptile,Mixed,12-24,organic,mobile,Thursday,1,1,awareness,9.45,1,4.3,10.5,1,1,1,4,4,1,1,0
U02784,rabbit,Dutch,0-3,referral,mobile,Sunday,0,0,none,9.13,1,3.4,1.0,1,0,0,0,0,0,0,0
U02785,bird,Parakeet,12-24,organic,mobile,Saturday,0,1,none,2.17,4,4.5,1.0,1,1,1,4,1,0,0,1
U02786,dog,German Shepherd,24+,email,mobile,Sunday,0,1,awareness,3.97,2,3.1,10.1,0,1,1,3,3,0,0,1
U02787,reptile,Leopard Gecko,3-6,email,mobile,Saturday,0,0,none,0.92,2,4.0,34.5,0,1,1,2,4,0,0,1
U02788,dog,Labrador,6-12,social_media,mobile,Thursday,0,0,none,21.2,1,3.2,15.7,1,1,0,0,0,0,0,0
U02789,reptile,Leopard Gecko,3-6,email,desktop,Friday,0,0,seasonal,1.96,2,4.4,11.4,1,0,1,4,4,1,0,1
U02790,reptile,Mixed,6-12,organic,mobile,Sunday,0,0,none,5.35,4,3.6,14.3,1,1,1,5,5,0,0,1
U02791,cat,Persian,3-6,email,mobile,Friday,0,1,none,1.71,2,4.6,5.6,0,0,1,2,3,1,0,1
U02792,reptile,Mixed,6-12,organic,tablet,Wednesday,0,0,none,1.88,1,4.0,6.4,1,1,1,3,2,0,0,1
U02793,cat,Mixed,6-12,referral,mobile,Thursday,0,0,retargeting,0.5,3,3.2,20.2,0,1,0,0,0,0,0,0
U02794,dog,Chihuahua,12-24,paid_ad,desktop,Friday,0,0,retargeting,6.4,5,4.2,3.5,0,1,0,0,0,0,0,0
U02795,cat,Ragdoll,24+,referral,mobile,Monday,0,0,none,1.28,3,3.0,2.8,1,0,0,0,0,0,0,0
U02796,cat,Persian,0-3,organic,desktop,Saturday,1,1,none,1.25,5,3.6,11.0,1,1,1,3,3,0,0,1
U02797,dog,Bulldog,3-6,organic,mobile,Tuesday,0,0,retargeting,1.17,6,3.5,20.3,1,1,0,0,0,0,0,0
U02798,cat,Bengal,0-3,organic,desktop,Thursday,0,0,none,2.26,9,5.0,5.5,1,1,1,5,0,0,0,1
U02799,reptile,Leopard Gecko,3-6,organic,mobile,Saturday,0,1,seasonal,2.45,2,3.5,8.0,0,1,1,5,2,0,0,1
U02800,dog,Golden Retriever,3-6,organic,desktop,Thursday,1,1,awareness,3.8,3,4.4,12.0,1,0,0,0,0,0,0,0
U02801,rabbit,Lionhead,3-6,email,mobile,Sunday,0,0,none,0.5,4,3.5,32.9,1,1,0,0,0,0,0,0
U02802,bird,Canary,24+,organic,mobile,Wednesday,0,0,seasonal,2.69,7,3.2,14.7,1,1,1,1,3,1,1,0
U02803,bird,Canary,12-24,social_media,desktop,Sunday,0,0,none,9.3,3,3.1,28.9,1,1,0,0,0,0,0,0
U02804,reptile,Mixed,0-3,paid_ad,mobile,Tuesday,1,1,none,2.99,5,4.9,7.3,0,1,0,0,0,0,0,0
U02805,cat,Mixed,3-6,email,tablet,Monday,0,1,none,23.86,1,3.2,13.3,1,0,0,0,0,0,0,0
U02806,reptile,Ball Python,12-24,social_media,mobile,Sunday,0,0,retargeting,0.5,1,4.7,15.8,1,0,0,0,0,0,0,0
U02807,rabbit,Mixed,0-3,social_media,mobile,Saturday,0,0,none,6.02,2,4.1,36.9,1,1,0,0,0,0,0,0
U02808,dog,Beagle,6-12,social_media,desktop,Wednesday,0,0,none,5.5,4,3.9,24.7,1,1,0,0,0,1,1,0
U02809,cat,Bengal,12-24,organic,mobile,Sunday,0,0,none,3.35,3,5.0,2.4,1,1,0,0,0,0,0,0
U02810,cat,Siamese,0-3,email,mobile,Friday,1,0,retargeting,3.33,1,4.8,16.7,1,1,1,3,1,0,0,1
U02811,dog,Golden Retriever,12-24,social_media,desktop,Sunday,0,0,none,3.07,7,3.5,1.0,0,1,1,1,3,1,0,1
U02812,cat,Mixed,0-3,paid_ad,desktop,Friday,0,0,none,3.06,5,4.2,75.5,0,1,0,0,0,0,0,0
U02813,cat,Persian,6-12,paid_ad,tablet,Thursday,0,1,awareness,6.5,3,3.3,7.9,1,1,0,0,0,0,0,0
U02814,dog,Bulldog,24+,email,mobile,Thursday,0,0,retargeting,0.5,2,4.2,16.6,1,0,0,0,0,0,0,0
U02815,cat,Siamese,6-12,social_media,mobile,Wednesday,0,1,retargeting,4.04,4,3.3,3.1,1,1,1,7,1,1,1,0
U02816,rabbit,Mini Rex,24+,organic,mobile,Friday,0,0,none,4.51,4,4.3,22.8,1,1,1,4,1,0,0,1
U02817,cat,Siamese,24+,paid_ad,mobile,Thursday,1,1,retargeting,2.0,1,4.9,17.8,1,1,1,3,3,0,0,1
U02818,dog,Beagle,3-6,social_media,desktop,Monday,0,0,awareness,1.91,9,4.2,6.5,0,1,0,0,0,0,0,0
U02819,dog,Labrador,24+,organic,mobile,Wednesday,0,0,none,1.09,3,3.3,6.7,0,0,0,0,0,0,0,0
U02820,dog,Mixed,0-3,organic,mobile,Tuesday,1,0,retargeting,0.5,8,4.6,17.1,0,0,1,4,1,1,1,0
U02821,bird,Cockatiel,3-6,organic,mobile,Sunday,0,0,awareness,0.5,2,3.7,6.9,1,1,0,0,0,0,0,0
U02822,dog,Mixed,12-24,paid_ad,desktop,Friday,1,1,awareness,1.42,5,3.2,44.9,0,1,1,5,5,0,0,1
U02823,cat,Bengal,6-12,organic,tablet,Saturday,0,0,seasonal,0.5,6,4.3,5.9,0,1,0,0,0,0,0,0
U02824,dog,Bulldog,12-24,social_media,desktop,Sunday,0,0,awareness,2.41,5,4.7,4.7,1,0,1,3,2,0,0,1
U02825,dog,Poodle,0-3,social_media,mobile,Saturday,0,0,none,1.66,7,4.0,21.5,0,1,1,3,2,1,0,1
U02826,rabbit,Mini Rex,6-12,email,desktop,Sunday,0,1,seasonal,32.06,9,4.9,1.7,1,1,0,0,0,0,0,0
U02827,cat,Mixed,12-24,paid_ad,desktop,Wednesday,0,0,none,37.36,7,4.4,12.4,0,1,1,2,1,0,0,1
U02828,dog,Golden Retriever,6-12,paid_ad,mobile,Tuesday,1,0,awareness,0.94,6,4.3,14.7,1,1,1,0,2,1,0,1
U02829,cat,Sphynx,24+,social_media,mobile,Thursday,1,1,none,1.09,3,3.7,5.5,0,0,1,1,5,0,0,1
U02830,dog,Bulldog,6-12,organic,mobile,Thursday,0,0,none,3.08,4,3.6,45.2,0,1,1,1,0,0,0,1
U02831,cat,Ragdoll,3-6,social_media,mobile,Sunday,1,0,retargeting,0.73,1,3.6,8.1,0,0,1,3,1,0,0,1
U02832,cat,Maine Coon,3-6,email,desktop,Friday,0,0,awareness,5.47,3,4.9,4.9,1,1,1,3,1,0,0,1
U02833,dog,Labrador,6-12,email,mobile,Wednesday,1,0,awareness,2.32,1,4.3,17.3,1,0,1,2,1,1,0,1
U02834,dog,Bulldog,0-3,email,mobile,Saturday,0,0,retargeting,1.79,5,4.2,19.2,1,1,1,3,1,1,1,0
U02835,dog,Mixed,3-6,organic,tablet,Friday,1,0,none,11.24,2,3.6,8.4,0,1,1,2,2,0,0,1
U02836,bird,Parakeet,3-6,email,desktop,Tuesday,0,1,awareness,10.57,7,3.7,3.0,1,1,1,2,1,1,1,0
U02837,reptile,Ball Python,6-12,organic,desktop,Friday,1,1,retargeting,26.48,5,3.6,15.0,0,1,1,2,0,0,0,1
U02838,dog,Bulldog,3-6,paid_ad,mobile,Sunday,1,1,retargeting,1.15,1,3.3,4.3,1,1,1,6,2,0,0,1
U02839,rabbit,Mixed,24+,social_media,mobile,Sunday,0,0,awareness,7.67,1,4.8,3.8,1,1,0,0,0,0,0,0
U02840,dog,Beagle,24+,paid_ad,mobile,Friday,0,0,none,3.51,4,4.2,12.9,0,0,0,0,0,0,0,0
U02841,dog,German Shepherd,6-12,organic,mobile,Thursday,1,1,awareness,4.07,3,4.5,64.0,0,1,0,0,0,0,0,0
U02842,rabbit,Mixed,6-12,social_media,mobile,Monday,0,0,awareness,7.93,5,4.0,17.7,0,1,1,3,3,0,0,1
U02843,bird,Lovebird,3-6,paid_ad,desktop,Thursday,0,1,none,17.15,6,3.1,24.9,0,1,1,3,2,0,0,1
U02844,reptile,Ball Python,3-6,organic,mobile,Saturday,0,0,retargeting,4.54,4,3.9,18.7,1,1,1,1,0,0,0,1
U02845,cat,Bengal,3-6,paid_ad,mobile,Thursday,1,1,none,1.94,1,3.1,7.0,1,1,1,6,3,1,1,0
U02846,dog,Golden Retriever,3-6,email,mobile,Wednesday,0,1,seasonal,3.06,3,4.9,35.6,1,1,1,4,0,0,0,1
U02847,rabbit,Dutch,24+,email,desktop,Sunday,0,0,retargeting,5.73,5,3.7,24.8,1,0,0,0,0,0,0,0
U02848,dog,Bulldog,3-6,social_media,desktop,Saturday,1,0,none,13.76,6,3.3,17.6,1,0,1,3,2,1,1,0
U02849,cat,Persian,3-6,social_media,desktop,Saturday,0,0,none,8.37,4,3.5,11.7,0,1,0,0,0,0,0,0
U02850,dog,Golden Retriever,3-6,email,mobile,Tuesday,0,0,retargeting,2.07,2,4.8,6.7,1,1,0,0,0,0,0,0
U02851,cat,Sphynx,3-6,social_media,mobile,Tuesday,0,0,retargeting,2.46,2,3.4,9.0,0,1,0,0,0,0,0,0
U02852,dog,Labrador,12-24,email,mobile,Tuesday,1,0,seasonal,0.5,3,3.3,5.6,1,0,1,1,3,1,0,1
U02853,dog,Mixed,3-6,social_media,mobile,Friday,0,0,none,11.74,1,4.2,37.9,1,1,0,0,0,0,0,0
U02854,bird,Lovebird,6-12,organic,desktop,Tuesday,0,0,none,0.55,7,3.2,6.0,1,1,0,0,0,0,0,0
U02855,dog,German Shepherd,12-24,organic,tablet,Sunday,1,0,seasonal,5.64,2,3.9,41.6,0,1,1,6,1,1,1,0
U02856,cat,Maine Coon,6-12,organic,desktop,Sunday,0,0,none,16.01,7,4.4,8.8,1,1,1,0,1,0,0,1
U02857,dog,Mixed,3-6,social_media,tablet,Thursday,1,0,retargeting,3.55,6,3.3,27.3,0,1,1,1,0,1,1,0
U02858,dog,Beagle,0-3,paid_ad,desktop,Thursday,0,1,none,12.56,3,4.6,4.3,1,0,1,4,3,1,0,1
U02859,dog,Chihuahua,12-24,paid_ad,mobile,Saturday,1,1,retargeting,7.41,4,3.9,50.4,1,1,1,4,5,0,0,1
U02860,dog,Chihuahua,0-3,organic,tablet,Sunday,0,0,none,0.5,2,4.4,34.1,1,0,1,4,3,1,0,1
U02861,bird,Mixed,12-24,referral,mobile,Sunday,1,0,retargeting,1.86,3,3.5,18.0,1,0,1,3,4,0,0,1
U02862,dog,Mixed,12-24,social_media,desktop,Monday,0,1,awareness,9.16,2,3.9,37.8,0,1,1,3,0,0,0,1
U02863,reptile,Mixed,12-24,referral,mobile,Tuesday,0,0,seasonal,1.92,4,4.0,14.6,0,0,1,0,1,0,0,1
U02864,cat,Ragdoll,12-24,paid_ad,mobile,Saturday,1,0,none,3.58,3,3.6,1.0,0,0,1,5,0,0,0,1
U02865,cat,Sphynx,0-3,paid_ad,desktop,Saturday,0,0,none,7.04,2,4.6,4.3,1,0,1,2,1,1,0,1
U02866,cat,Siamese,3-6,organic,mobile,Tuesday,1,0,none,0.75,1,3.4,1.4,1,1,1,3,1,0,0,1
U02867,cat,Siamese,0-3,organic,mobile,Friday,0,0,seasonal,2.42,3,4.3,1.0,0,0,1,3,1,1,0,1
U02868,rabbit,Holland Lop,3-6,organic,mobile,Saturday,0,1,awareness,0.5,4,4.9,9.5,1,1,0,0,0,0,0,0
U02869,dog,Labrador,0-3,paid_ad,mobile,Tuesday,1,0,awareness,0.74,6,4.7,56.6,1,1,1,1,2,0,0,1
U02870,dog,Poodle,6-12,social_media,tablet,Sunday,0,1,none,4.67,3,4.5,7.5,1,1,1,4,0,1,0,1
U02871,bird,Canary,6-12,paid_ad,desktop,Monday,1,0,awareness,5.11,4,3.3,51.4,1,0,1,0,0,0,0,1
U02872,bird,Canary,6-12,social_media,mobile,Saturday,0,1,none,0.55,2,4.5,33.2,1,1,1,3,3,1,0,1
U02873,bird,Canary,3-6,paid_ad,mobile,Friday,0,0,none,4.93,3,3.7,2.9,0,1,1,1,4,1,1,0
U02874,cat,Ragdoll,3-6,organic,desktop,Wednesday,1,0,retargeting,3.64,3,3.2,32.2,1,0,0,0,0,0,0,0
U02875,rabbit,Mixed,3-6,organic,mobile,Saturday,0,1,none,8.87,1,4.4,4.5,1,1,1,1,1,0,0,1
U02876,cat,Persian,0-3,social_media,mobile,Saturday,0,1,awareness,2.23,5,3.1,1.0,0,1,1,4,0,0,0,1
U02877,cat,Siamese,3-6,social_media,mobile,Sunday,1,0,retargeting,0.74,1,3.8,1.9,0,1,1,4,3,1,1,0
U02878,dog,Golden Retriever,12-24,social_media,desktop,Thursday,0,1,seasonal,11.07,5,4.7,10.9,0,1,0,0,0,0,0,0
U02879,cat,Mixed,12-24,paid_ad,mobile,Saturday,0,0,retargeting,3.82,3,4.4,14.7,1,1,0,0,0,0,0,0
U02880,dog,Bulldog,0-3,organic,mobile,Friday,1,1,none,2.22,4,4.0,1.0,0,1,1,0,1,1,0,1
U02881,dog,Beagle,0-3,social_media,mobile,Friday,1,1,awareness,2.0,5,4.8,18.2,1,1,1,2,2,0,0,1
U02882,bird,Mixed,6-12,paid_ad,mobile,Sunday,0,0,none,0.57,6,4.5,1.2,1,0,0,0,0,0,0,0
U02883,dog,Poodle,6-12,organic,desktop,Monday,0,0,none,3.25,2,3.9,15.8,1,1,0,0,0,0,0,0
U02884,dog,Poodle,3-6,referral,mobile,Wednesday,1,0,awareness,0.5,3,4.5,1.0,1,1,1,4,3,1,1,0
U02885,dog,Beagle,12-24,referral,mobile,Friday,0,1,seasonal,3.18,1,4.8,5.3,1,0,1,2,2,0,0,1
U02886,bird,Cockatiel,6-12,organic,mobile,Tuesday,0,0,none,7.95,1,3.3,32.3,1,0,1,2,0,0,0,1
U02887,cat,Maine Coon,6-12,organic,mobile,Sunday,1,0,none,7.22,7,3.4,48.3,0,0,1,5,3,1,0,1
U02888,cat,Siamese,3-6,social_media,desktop,Saturday,0,0,awareness,0.5,7,4.5,1.0,1,1,1,2,4,0,0,1
U02889,rabbit,Dutch,3-6,paid_ad,desktop,Thursday,0,1,none,12.78,6,3.3,26.0,1,1,1,3,2,1,0,1
U02890,rabbit,Mini Rex,24+,email,mobile,Saturday,1,0,awareness,2.11,3,3.3,13.8,1,1,1,3,4,0,0,1
U02891,dog,Golden Retriever,6-12,email,mobile,Thursday,1,1,none,0.96,2,4.3,40.9,1,1,1,3,2,1,0,1
U02892,cat,Siamese,3-6,paid_ad,mobile,Friday,1,1,none,6.35,1,4.1,7.4,1,1,1,9,1,0,0,1
U02893,rabbit,Mini Rex,24+,organic,desktop,Monday,0,0,awareness,2.34,5,4.5,17.4,1,0,1,5,2,0,0,1
U02894,cat,Maine Coon,0-3,paid_ad,desktop,Thursday,0,0,seasonal,2.28,5,3.6,1.3,1,1,0,0,0,1,0,0
U02895,dog,Labrador,3-6,paid_ad,mobile,Tuesday,1,1,retargeting,0.8,6,4.2,5.4,1,1,0,0,0,0,0,0
U02896,bird,Mixed,24+,email,desktop,Saturday,0,0,retargeting,4.0,3,4.8,9.4,1,1,1,1,1,0,0,1
U02897,cat,Siamese,12-24,paid_ad,desktop,Thursday,1,1,none,0.76,6,4.8,8.5,0,1,1,3,0,1,0,1
U02898,dog,Bulldog,6-12,paid_ad,tablet,Wednesday,0,1,seasonal,10.01,4,4.3,22.4,1,1,1,5,1,1,1,0
U02899,cat,Siamese,12-24,organic,mobile,Thursday,1,0,none,2.89,2,3.0,1.5,0,0,0,0,0,0,0,0
U02900,dog,Labrador,3-6,social_media,mobile,Tuesday,0,0,seasonal,2.7,1,4.1,1.0,0,1,1,3,2,1,0,1
U02901,dog,Golden Retriever,6-12,social_media,mobile,Sunday,0,0,awareness,0.5,3,3.1,1.3,1,1,0,0,0,0,0,0
U02902,rabbit,Dutch,6-12,organic,desktop,Monday,0,0,none,10.22,5,5.0,1.0,1,1,0,0,0,0,0,0
U02903,dog,Poodle,3-6,referral,desktop,Sunday,1,0,none,5.3,5,5.0,5.2,0,1,0,0,0,0,0,0
U02904,cat,Persian,12-24,organic,desktop,Friday,0,0,awareness,4.52,8,3.2,37.5,1,1,1,2,4,0,0,1
U02905,cat,Sphynx,3-6,email,mobile,Friday,0,0,none,6.52,5,3.9,17.9,1,1,0,0,0,0,0,0
U02906,dog,Bulldog,3-6,social_media,mobile,Wednesday,0,0,seasonal,0.5,2,4.7,6.1,1,0,1,3,3,1,0,1
U02907,reptile,Leopard Gecko,3-6,organic,mobile,Sunday,0,0,none,1.6,3,3.2,3.5,0,1,1,1,0,0,0,1
U02908,dog,Labrador,24+,referral,desktop,Wednesday,1,1,none,6.69,3,4.1,19.5,1,1,0,0,0,0,0,0
U02909,dog,Labrador,12-24,paid_ad,mobile,Friday,0,0,none,2.81,3,3.4,17.8,0,1,1,2,1,0,0,1
U02910,dog,Labrador,12-24,social_media,mobile,Sunday,0,0,none,0.91,3,4.0,13.8,1,1,1,4,3,1,0,1
U02911,dog,Beagle,24+,organic,desktop,Sunday,0,1,retargeting,2.77,8,3.4,31.0,0,0,1,2,1,1,0,1
U02912,dog,German Shepherd,0-3,organic,mobile,Friday,1,0,awareness,1.62,3,4.1,14.2,1,0,1,3,2,1,0,1
U02913,cat,Maine Coon,0-3,social_media,mobile,Sunday,1,1,retargeting,21.95,6,3.8,6.8,1,1,1,3,1,1,0,1
U02914,reptile,Mixed,3-6,organic,mobile,Saturday,0,0,none,1.38,5,3.8,20.0,1,1,0,0,0,0,0,0
U02915,dog,Beagle,3-6,social_media,desktop,Tuesday,0,1,seasonal,1.79,3,3.3,4.1,1,1,0,0,0,0,0,0
U02916,cat,Ragdoll,0-3,referral,desktop,Thursday,0,0,none,13.49,3,4.3,14.3,0,1,0,0,0,0,0,0
U02917,cat,Bengal,24+,email,tablet,Wednesday,1,1,seasonal,3.55,2,3.1,1.0,1,1,1,2,2,0,0,1
U02918,rabbit,Holland Lop,12-24,paid_ad,mobile,Wednesday,0,1,none,2.05,2,4.9,8.4,1,1,1,2,2,0,0,1
U02919,cat,Persian,0-3,email,tablet,Saturday,1,0,retargeting,5.17,1,3.1,1.3,1,1,1,5,2,0,0,1
U02920,dog,Mixed,6-12,social_media,desktop,Friday,0,0,awareness,7.06,5,3.8,49.7,1,1,1,1,2,0,0,1
U02921,dog,Golden Retriever,24+,paid_ad,desktop,Monday,1,1,none,6.97,11,3.6,2.4,1,1,1,1,1,1,1,0
U02922,cat,Siamese,6-12,social_media,tablet,Sunday,0,0,none,0.5,3,4.1,5.4,1,0,0,0,0,0,0,0
U02923,rabbit,Dutch,6-12,paid_ad,mobile,Wednesday,1,1,awareness,5.98,2,3.0,4.6,0,1,1,2,2,0,0,1
U02924,dog,Bulldog,3-6,organic,mobile,Sunday,0,0,none,0.99,3,3.9,5.7,1,0,0,0,0,0,0,0
U02925,dog,Poodle,0-3,organic,mobile,Sunday,0,1,awareness,1.57,5,4.5,8.8,1,1,0,0,0,0,0,0
U02926,bird,Parakeet,0-3,paid_ad,desktop,Sunday,1,0,awareness,1.14,6,4.6,4.6,1,1,1,2,1,1,1,0
U02927,rabbit,Lionhead,12-24,email,desktop,Saturday,0,0,retargeting,8.74,4,4.9,7.1,0,1,1,0,2,0,0,1
U02928,reptile,Mixed,3-6,paid_ad,desktop,Wednesday,0,0,seasonal,5.26,5,3.2,4.7,1,1,0,0,0,0,0,0
U02929,rabbit,Mixed,3-6,referral,mobile,Friday,1,0,none,4.93,1,4.1,56.2,0,1,1,8,2,0,0,1
U02930,dog,Mixed,0-3,organic,mobile,Wednesday,0,0,none,4.82,5,3.8,5.1,0,1,0,0,0,0,0,0
U02931,cat,Persian,3-6,social_media,mobile,Wednesday,0,0,none,0.5,2,4.3,5.4,0,1,1,1,1,1,0,1
U02932,cat,Maine Coon,6-12,social_media,desktop,Friday,0,0,retargeting,2.8,5,4.7,6.9,0,1,1,3,2,0,0,1
U02933,dog,German Shepherd,6-12,email,mobile,Monday,0,1,seasonal,3.22,6,4.2,14.9,0,0,1,4,3,0,0,1
U02934,cat,Mixed,0-3,paid_ad,tablet,Sunday,1,0,seasonal,2.36,3,3.5,52.7,1,1,1,2,3,0,0,1
U02935,cat,Maine Coon,6-12,organic,mobile,Sunday,0,1,seasonal,1.06,3,3.6,13.3,0,1,0,0,0,0,0,0
U02936,dog,Golden Retriever,3-6,email,mobile,Thursday,0,0,seasonal,9.28,2,4.8,62.4,0,1,0,0,0,0,0,0
U02937,rabbit,Mixed,3-6,paid_ad,desktop,Friday,0,0,seasonal,8.26,5,4.3,6.4,1,0,0,0,0,0,0,0
U02938,cat,Ragdoll,6-12,organic,mobile,Thursday,0,0,none,1.93,2,4.2,38.0,1,1,0,0,0,0,0,0
U02939,reptile,Bearded Dragon,24+,paid_ad,mobile,Sunday,1,0,seasonal,5.07,1,3.3,7.4,1,1,1,5,3,0,0,1
U02940,dog,Mixed,12-24,email,mobile,Saturday,1,0,retargeting,4.49,4,3.7,14.9,1,0,1,6,0,0,0,1
U02941,dog,Bulldog,0-3,referral,mobile,Wednesday,0,0,none,0.5,4,3.6,1.0,1,0,0,0,0,0,0,0
U02942,cat,Sphynx,6-12,social_media,tablet,Thursday,0,0,none,3.11,5,3.1,1.0,1,1,0,0,0,0,0,0
U02943,dog,Golden Retriever,0-3,organic,desktop,Thursday,1,0,none,2.68,4,4.9,3.8,0,1,1,2,3,0,0,1
U02944,cat,Ragdoll,6-12,social_media,mobile,Sunday,0,0,retargeting,1.12,1,3.7,1.0,1,1,0,0,0,0,0,0
U02945,rabbit,Mixed,24+,organic,desktop,Tuesday,0,0,awareness,1.74,7,3.2,8.3,0,1,1,2,1,0,0,1
U02946,dog,Labrador,24+,referral,mobile,Monday,0,0,none,12.98,2,4.0,8.9,0,1,1,2,2,1,1,0
U02947,cat,Siamese,12-24,organic,desktop,Sunday,0,0,retargeting,5.2,2,3.9,46.5,1,1,1,0,3,0,0,1
U02948,cat,Sphynx,3-6,paid_ad,tablet,Sunday,1,0,none,12.23,4,4.7,2.9,1,1,1,2,2,0,0,1
U02949,dog,Chihuahua,12-24,social_media,desktop,Sunday,0,0,retargeting,1.88,1,4.6,9.0,1,1,1,3,0,0,0,1
U02950,bird,Lovebird,0-3,social_media,mobile,Friday,1,0,retargeting,0.67,6,4.6,5.5,1,1,1,3,0,1,0,1
U02951,rabbit,Dutch,24+,organic,mobile,Saturday,0,0,seasonal,7.69,5,4.9,1.0,1,1,1,3,5,0,0,1
U02952,cat,Siamese,6-12,email,mobile,Friday,0,0,none,3.11,1,3.7,1.7,1,1,0,0,0,0,0,0
U02953,cat,Maine Coon,6-12,email,desktop,Monday,1,0,seasonal,17.59,3,4.2,31.5,0,1,1,0,2,0,0,1
U02954,cat,Persian,3-6,organic,mobile,Friday,1,1,none,0.5,5,4.3,7.6,1,1,1,3,2,1,1,0
U02955,bird,Cockatiel,3-6,referral,mobile,Monday,1,0,awareness,8.69,1,3.9,21.8,0,0,1,3,2,1,0,1
U02956,cat,Bengal,3-6,social_media,tablet,Wednesday,0,0,awareness,3.49,3,3.5,8.9,1,1,0,0,0,0,0,0
U02957,cat,Ragdoll,6-12,social_media,mobile,Sunday,1,0,awareness,0.77,2,4.8,36.6,0,1,1,1,2,1,1,0
U02958,bird,Lovebird,12-24,social_media,mobile,Wednesday,0,0,seasonal,4.03,7,4.8,18.2,1,0,0,0,0,0,0,0
U02959,dog,German Shepherd,12-24,organic,mobile,Sunday,0,1,awareness,7.25,1,4.5,6.3,1,0,1,5,4,1,0,1
U02960,rabbit,Holland Lop,3-6,referral,mobile,Wednesday,0,1,seasonal,0.5,2,3.7,29.8,0,0,0,0,0,0,0,0
U02961,dog,German Shepherd,0-3,social_media,mobile,Wednesday,0,0,none,19.83,6,3.0,1.4,1,1,0,0,0,0,0,0
U02962,dog,Bulldog,3-6,organic,mobile,Friday,1,1,none,5.43,2,4.0,1.2,1,1,1,3,1,0,0,1
U02963,dog,German Shepherd,0-3,social_media,mobile,Saturday,1,0,awareness,1.76,2,4.0,12.1,1,1,1,6,2,1,1,0
U02964,reptile,Ball Python,12-24,email,mobile,Friday,0,0,none,0.57,1,4.0,19.7,0,0,0,0,0,0,0,0
U02965,bird,Cockatiel,0-3,social_media,desktop,Sunday,0,0,seasonal,2.99,4,3.2,13.8,1,1,1,4,3,1,1,0
U02966,cat,Persian,3-6,email,mobile,Monday,1,0,retargeting,1.13,1,4.6,16.3,0,0,1,2,1,0,0,1
U02967,cat,Siamese,0-3,organic,desktop,Sunday,0,1,awareness,5.32,7,4.1,4.5,1,0,1,0,2,0,0,1
U02968,cat,Maine Coon,12-24,organic,mobile,Tuesday,0,1,retargeting,6.93,2,3.4,31.5,1,1,1,4,5,1,1,0
U02969,bird,Parakeet,24+,paid_ad,mobile,Sunday,0,0,awareness,3.78,4,4.9,53.5,0,1,0,0,0,0,0,0
U02970,cat,Bengal,0-3,organic,tablet,Thursday,0,0,none,3.72,4,3.6,7.4,1,0,1,1,4,1,1,0
U02971,dog,Poodle,6-12,paid_ad,mobile,Sunday,1,0,awareness,0.58,3,3.8,7.9,1,1,1,2,2,0,0,1
U02972,dog,Labrador,12-24,organic,mobile,Saturday,0,1,awareness,14.33,5,3.8,9.1,1,1,1,1,1,1,1,0
U02973,rabbit,Mixed,3-6,paid_ad,desktop,Tuesday,0,0,seasonal,1.89,6,3.8,3.3,1,0,0,0,0,0,0,0
U02974,cat,Siamese,3-6,social_media,desktop,Sunday,1,0,none,2.54,3,4.3,2.3,1,1,1,7,0,1,0,1
U02975,dog,Labrador,3-6,email,mobile,Wednesday,0,0,awareness,4.72,3,3.6,22.5,0,0,0,0,0,0,0,0
U02976,dog,Bulldog,3-6,organic,mobile,Wednesday,1,1,none,6.7,5,4.8,14.0,1,1,1,3,1,0,0,1
U02977,rabbit,Mixed,3-6,organic,desktop,Saturday,0,1,none,24.87,6,4.1,2.4,1,1,0,0,0,0,0,0
U02978,dog,Labrador,0-3,organic,desktop,Tuesday,1,0,awareness,27.14,6,4.8,10.3,1,1,1,4,0,1,0,1
U02979,cat,Bengal,24+,organic,mobile,Wednesday,0,0,none,11.15,5,4.8,83.0,0,1,1,5,2,1,0,1
U02980,reptile,Ball Python,24+,social_media,mobile,Friday,0,1,retargeting,2.0,4,4.5,11.2,1,1,0,0,0,1,1,0
U02981,cat,Mixed,12-24,social_media,mobile,Sunday,0,1,awareness,0.83,4,3.5,36.5,1,1,1,2,3,1,1,0
U02982,dog,Poodle,12-24,email,mobile,Tuesday,0,0,none,4.0,3,3.7,27.1,0,1,0,0,0,0,0,0
U02983,cat,Persian,12-24,paid_ad,mobile,Friday,1,0,awareness,0.5,2,3.5,1.8,1,1,0,0,0,1,1,0
U02984,rabbit,Mixed,12-24,email,mobile,Saturday,0,1,none,0.76,2,3.9,7.8,1,0,1,1,0,0,0,1
U02985,cat,Persian,12-24,email,mobile,Sunday,0,1,seasonal,0.5,5,4.0,12.3,1,0,0,0,0,0,0,0
U02986,reptile,Leopard Gecko,0-3,social_media,mobile,Sunday,0,1,none,0.7,5,3.7,15.7,0,1,1,2,4,0,0,1
U02987,dog,Golden Retriever,12-24,social_media,tablet,Saturday,1,0,none,4.19,3,4.7,5.2,1,0,1,4,0,0,0,1
U02988,cat,Persian,12-24,social_media,mobile,Saturday,1,1,awareness,2.27,1,3.8,1.0,0,0,1,4,3,1,1,0
U02989,cat,Mixed,6-12,paid_ad,mobile,Thursday,0,0,seasonal,2.1,4,4.4,5.6,1,0,0,0,0,0,0,0
U02990,bird,Lovebird,12-24,organic,mobile,Tuesday,0,1,seasonal,6.22,6,4.7,12.5,0,1,1,2,2,1,1,0
U02991,dog,Labrador,3-6,organic,tablet,Saturday,0,0,none,7.31,4,3.3,6.5,1,1,0,0,0,0,0,0
U02992,rabbit,Lionhead,3-6,email,desktop,Sunday,0,0,none,16.53,6,4.4,7.2,1,1,1,6,0,1,1,0
U02993,cat,Persian,6-12,organic,desktop,Saturday,0,0,awareness,4.6,6,3.3,27.2,1,0,0,0,0,0,0,0
U02994,dog,Golden Retriever,0-3,paid_ad,mobile,Monday,0,1,retargeting,1.45,2,4.5,8.1,0,0,0,0,0,0,0,0
U02995,dog,Chihuahua,0-3,paid_ad,desktop,Friday,1,0,none,1.02,1,4.1,51.8,1,1,1,1,2,1,1,0
U02996,bird,Cockatiel,24+,organic,mobile,Friday,1,0,awareness,3.9,2,4.0,2.7,0,1,0,0,0,0,0,0
U02997,dog,Chihuahua,12-24,organic,mobile,Saturday,0,1,none,8.39,4,4.1,1.4,1,0,1,3,1,0,0,1
U02998,dog,Labrador,0-3,social_media,desktop,Saturday,0,0,none,1.58,3,3.8,3.6,1,1,1,3,1,0,0,1
U02999,dog,Beagle,0-3,email,desktop,Friday,1,0,awareness,16.46,13,3.1,1.4,1,1,0,0,0,1,1,0
U03000,bird,Mixed,3-6,organic,desktop,Wednesday,0,1,none,4.48,3,4.1,4.3,1,1,0,0,0,0,0,0
U03001,cat,Persian,24+,paid_ad,desktop,Sunday,0,0,none,1.21,4,3.0,11.8,1,1,1,0,2,0,0,1
U03002,rabbit,Holland Lop,24+,email,tablet,Saturday,1,1,none,5.15,2,4.8,4.5,0,1,1,1,3,0,0,1
U03003,dog,Poodle,6-12,social_media,mobile,Wednesday,0,0,awareness,3.34,6,3.5,25.6,1,1,1,5,4,0,0,1
U03004,cat,Bengal,3-6,organic,mobile,Wednesday,0,1,none,0.5,4,4.3,6.7,1,1,0,0,0,1,0,0
U03005,cat,Sphynx,6-12,paid_ad,mobile,Sunday,0,1,awareness,2.32,1,4.1,7.8,0,1,0,0,0,1,1,0
U03006,rabbit,Mixed,6-12,organic,desktop,Sunday,0,0,seasonal,9.22,4,4.2,1.4,1,1,1,1,1,0,0,1
U03007,bird,Cockatiel,3-6,paid_ad,mobile,Thursday,0,1,none,2.84,6,3.6,4.7,0,1,1,6,5,1,0,1
U03008,dog,Labrador,0-3,social_media,desktop,Monday,0,0,awareness,2.58,3,3.9,1.9,1,0,0,0,0,0,0,0
U03009,cat,Sphynx,12-24,email,mobile,Monday,0,1,retargeting,12.01,1,4.5,4.0,0,1,1,3,2,0,0,1
U03010,dog,German Shepherd,3-6,paid_ad,mobile,Wednesday,1,1,none,1.24,3,3.8,16.1,1,1,1,4,0,1,0,1
U03011,cat,Siamese,0-3,paid_ad,mobile,Friday,0,0,none,1.33,2,3.6,7.2,1,1,1,3,2,0,0,1
U03012,dog,Golden Retriever,12-24,social_media,mobile,Friday,0,0,none,1.99,4,3.1,1.0,1,0,0,0,0,0,0,0
U03013,dog,Beagle,12-24,organic,desktop,Saturday,0,1,awareness,17.55,7,4.0,4.7,1,0,1,3,1,0,0,1
U03014,dog,Beagle,12-24,paid_ad,mobile,Saturday,0,0,awareness,3.22,1,4.4,30.8,0,1,0,0,0,0,0,0
U03015,cat,Ragdoll,6-12,social_media,mobile,Monday,1,0,none,5.22,2,3.6,7.1,1,1,0,0,0,0,0,0
U03016,dog,Chihuahua,3-6,organic,mobile,Tuesday,0,0,retargeting,17.02,1,4.7,12.4,1,0,1,3,4,1,0,1
U03017,cat,Siamese,12-24,referral,mobile,Thursday,0,0,retargeting,6.96,1,3.2,9.8,1,1,0,0,0,0,0,0
U03018,cat,Bengal,3-6,organic,mobile,Tuesday,0,1,none,0.86,7,3.7,54.5,1,1,0,0,0,0,0,0
U03019,dog,Mixed,3-6,organic,mobile,Monday,0,0,retargeting,7.07,2,4.5,4.9,1,1,1,3,1,0,0,1
U03020,rabbit,Mixed,6-12,organic,desktop,Saturday,0,0,none,8.28,1,4.9,18.4,1,1,0,0,0,0,0,0
U03021,dog,Beagle,6-12,email,mobile,Saturday,0,1,retargeting,1.2,4,3.8,13.6,0,1,1,2,4,1,0,1
U03022,cat,Bengal,0-3,email,mobile,Saturday,0,0,none,1.79,2,4.5,14.5,1,1,1,2,7,0,0,1
U03023,cat,Sphynx,3-6,social_media,desktop,Saturday,1,0,retargeting,9.66,4,4.4,24.6,1,1,0,0,0,1,1,0
U03024,dog,Mixed,3-6,social_media,mobile,Saturday,1,1,none,1.24,5,4.9,2.7,0,1,1,3,2,1,0,1
U03025,dog,Golden Retriever,12-24,social_media,mobile,Saturday,1,1,awareness,1.06,1,4.0,27.9,1,1,1,0,3,1,1,0
U03026,dog,Beagle,3-6,email,mobile,Wednesday,1,1,none,5.53,5,4.2,1.6,0,1,1,1,2,1,1,0
U03027,bird,Canary,24+,organic,mobile,Sunday,1,0,retargeting,7.44,3,3.3,16.4,0,1,0,0,0,0,0,0
U03028,cat,Sphynx,12-24,referral,desktop,Tuesday,1,0,none,0.61,3,3.5,3.5,0,1,1,1,2,0,0,1
U03029,cat,Siamese,12-24,organic,mobile,Tuesday,0,0,none,2.69,3,4.3,15.4,1,1,1,7,1,0,0,1
U03030,cat,Ragdoll,12-24,referral,desktop,Wednesday,0,0,none,7.29,8,4.1,1.8,1,0,0,0,0,0,0,0
U03031,dog,German Shepherd,0-3,organic,tablet,Sunday,1,0,none,7.33,4,3.9,18.5,0,1,1,1,1,1,1,0
U03032,cat,Mixed,12-24,paid_ad,mobile,Sunday,0,0,retargeting,25.35,2,4.4,5.8,0,0,0,0,0,0,0,0
U03033,rabbit,Mini Rex,0-3,organic,mobile,Saturday,0,0,seasonal,4.02,2,3.5,16.4,1,1,0,0,0,0,0,0
U03034,dog,Bulldog,6-12,organic,mobile,Friday,0,0,retargeting,4.4,3,4.4,11.9,1,1,1,5,1,0,0,1
U03035,dog,Bulldog,3-6,paid_ad,mobile,Friday,0,0,seasonal,20.83,2,3.4,3.8,1,0,0,0,0,0,0,0
U03036,dog,Chihuahua,6-12,paid_ad,desktop,Sunday,0,0,none,0.5,1,4.0,11.4,0,0,1,6,1,0,0,1
U03037,cat,Siamese,3-6,social_media,desktop,Saturday,0,0,none,0.6,9,3.2,2.6,1,1,0,0,0,0,0,0
U03038,reptile,Bearded Dragon,24+,paid_ad,mobile,Sunday,0,0,awareness,2.88,3,4.0,73.0,1,1,0,0,0,0,0,0
U03039,dog,Chihuahua,6-12,email,mobile,Wednesday,1,0,seasonal,2.02,3,4.6,13.6,1,1,1,2,1,0,0,1
U03040,cat,Ragdoll,3-6,paid_ad,mobile,Wednesday,1,1,retargeting,0.5,1,4.0,10.7,0,1,1,4,2,0,0,1
U03041,dog,Labrador,3-6,social_media,desktop,Sunday,1,1,none,2.85,5,3.7,37.6,1,1,1,4,3,0,0,1
U03042,reptile,Ball Python,0-3,social_media,desktop,Tuesday,1,1,none,6.73,5,3.3,5.4,1,1,0,0,0,0,0,0
U03043,dog,Beagle,12-24,social_media,desktop,Sunday,0,0,none,16.58,6,3.7,3.9,1,0,1,6,2,0,0,1
U03044,cat,Bengal,6-12,social_media,mobile,Friday,0,0,none,0.5,5,4.7,15.2,0,1,1,3,6,0,0,1
U03045,cat,Ragdoll,12-24,paid_ad,desktop,Sunday,0,0,retargeting,6.06,8,3.8,35.7,1,1,1,7,1,0,0,1
U03046,cat,Bengal,0-3,organic,mobile,Wednesday,1,1,none,1.6,1,3.4,15.7,0,1,0,0,0,0,0,0
U03047,cat,Siamese,6-12,organic,mobile,Saturday,0,0,seasonal,5.01,1,4.8,1.0,0,1,1,4,3,0,0,1
U03048,dog,Chihuahua,6-12,email,mobile,Friday,1,0,seasonal,3.63,1,4.9,29.8,1,1,1,5,1,1,1,0
U03049,dog,Labrador,24+,email,mobile,Friday,0,0,seasonal,11.89,1,4.9,5.3,1,1,1,7,2,0,0,1
U03050,dog,Bulldog,12-24,organic,desktop,Friday,1,0,seasonal,0.5,4,4.0,30.5,1,0,0,0,0,0,0,0
U03051,dog,Beagle,6-12,social_media,desktop,Sunday,0,1,none,4.95,7,4.1,59.9,1,1,1,4,2,1,1,0
U03052,cat,Sphynx,6-12,referral,mobile,Saturday,1,0,seasonal,0.97,4,3.6,15.8,1,0,0,0,0,0,0,0
U03053,dog,Mixed,6-12,organic,tablet,Wednesday,0,0,none,5.0,2,3.7,4.9,1,1,1,4,1,0,0,1
U03054,dog,Labrador,24+,email,mobile,Sunday,0,0,seasonal,8.74,3,4.0,3.8,1,1,1,2,4,1,1,0
U03055,cat,Siamese,0-3,paid_ad,desktop,Wednesday,0,0,none,18.9,8,3.3,18.3,1,0,1,2,1,0,0,1
U03056,reptile,Ball Python,0-3,social_media,desktop,Thursday,1,1,awareness,3.05,6,4.9,1.0,0,0,1,4,2,1,1,0
U03057,cat,Ragdoll,3-6,referral,mobile,Tuesday,0,0,none,7.6,6,4.4,15.8,1,1,0,0,0,0,0,0
U03058,dog,Bulldog,3-6,paid_ad,desktop,Sunday,1,1,none,2.57,3,3.1,5.5,1,0,0,0,0,0,0,0
U03059,dog,Golden Retriever,3-6,social_media,mobile,Wednesday,1,0,seasonal,0.5,4,3.5,1.0,0,1,0,0,0,1,1,0
U03060,reptile,Mixed,0-3,email,mobile,Wednesday,1,0,retargeting,6.76,2,3.6,15.1,1,1,0,0,0,0,0,0
U03061,dog,Labrador,6-12,email,desktop,Sunday,0,1,awareness,0.99,7,3.0,13.1,1,1,1,2,4,0,0,1
U03062,dog,German Shepherd,12-24,email,desktop,Saturday,0,1,awareness,0.5,2,5.0,11.3,0,1,0,0,0,0,0,0
U03063,cat,Persian,0-3,paid_ad,desktop,Tuesday,0,0,retargeting,3.41,6,3.6,4.3,1,1,1,6,3,0,0,1
U03064,cat,Ragdoll,6-12,social_media,desktop,Saturday,1,0,none,3.72,10,3.1,36.9,0,1,0,0,0,0,0,0
U03065,cat,Mixed,24+,organic,mobile,Sunday,1,0,retargeting,0.5,2,4.8,1.0,1,0,1,3,0,1,1,0
U03066,dog,Labrador,0-3,organic,mobile,Monday,1,0,awareness,7.66,4,3.2,1.8,0,1,1,2,2,0,0,1
U03067,dog,Beagle,3-6,organic,tablet,Saturday,0,0,awareness,3.38,1,3.9,7.4,1,1,1,2,2,0,0,1
U03068,reptile,Ball Python,3-6,organic,mobile,Friday,0,0,seasonal,2.36,2,3.7,7.4,1,1,0,0,0,0,0,0
U03069,dog,Chihuahua,0-3,paid_ad,desktop,Saturday,1,0,awareness,2.4,3,3.2,2.1,1,1,1,3,5,0,0,1
U03070,cat,Ragdoll,6-12,email,mobile,Friday,0,1,awareness,3.26,5,3.1,61.3,0,1,1,4,1,1,1,0
U03071,cat,Maine Coon,12-24,email,desktop,Saturday,1,0,seasonal,11.35,4,3.5,65.6,1,1,0,0,0,1,1,0
U03072,cat,Persian,3-6,email,mobile,Monday,0,1,seasonal,10.77,1,3.7,22.3,1,0,0,0,0,0,0,0
U03073,dog,Labrador,0-3,paid_ad,tablet,Saturday,0,1,seasonal,22.91,1,4.5,5.4,1,1,1,2,3,0,0,1
U03074,dog,Bulldog,6-12,social_media,desktop,Monday,1,1,awareness,4.34,4,4.4,6.3,1,0,0,0,0,0,0,0
U03075,cat,Ragdoll,12-24,paid_ad,tablet,Thursday,0,1,none,29.96,4,3.9,33.4,1,1,1,1,0,1,1,0
U03076,bird,Canary,12-24,social_media,mobile,Tuesday,0,1,none,1.22,2,3.4,1.0,1,1,0,0,0,0,0,0
U03077,bird,Lovebird,6-12,referral,desktop,Saturday,1,1,none,0.5,6,4.7,2.5,0,1,1,4,1,0,0,1
U03078,dog,Bulldog,12-24,email,desktop,Wednesday,1,0,retargeting,11.38,3,4.3,4.9,1,1,1,1,4,0,0,1
U03079,dog,Mixed,3-6,organic,desktop,Thursday,1,0,none,1.53,5,3.7,98.9,0,1,0,0,0,1,1,0
U03080,bird,Canary,6-12,email,tablet,Thursday,1,1,awareness,0.5,1,4.7,1.0,1,1,1,2,1,0,0,1
U03081,cat,Ragdoll,3-6,social_media,mobile,Saturday,0,0,seasonal,11.73,4,4.6,15.7,1,1,0,0,0,0,0,0
U03082,bird,Canary,0-3,organic,mobile,Friday,0,0,seasonal,5.49,1,3.0,24.9,1,1,0,0,0,0,0,0
U03083,dog,Mixed,3-6,email,mobile,Saturday,0,1,none,0.5,2,4.7,1.7,0,1,0,0,0,1,0,0
U03084,cat,Mixed,6-12,social_media,mobile,Monday,0,0,none,6.83,1,4.1,2.0,1,1,0,0,0,0,0,0
U03085,cat,Persian,6-12,organic,tablet,Tuesday,0,1,retargeting,12.08,1,4.8,4.9,1,1,1,4,2,1,1,0
U03086,cat,Mixed,0-3,referral,mobile,Friday,1,0,awareness,10.72,2,4.5,13.3,1,1,1,7,1,0,0,1
U03087,cat,Persian,24+,email,mobile,Sunday,0,0,retargeting,3.57,1,3.3,4.2,1,1,1,5,2,1,0,1
U03088,dog,Bulldog,6-12,paid_ad,mobile,Monday,1,0,seasonal,5.53,2,3.7,10.6,1,1,0,0,0,0,0,0
U03089,cat,Ragdoll,12-24,email,mobile,Monday,0,1,awareness,6.54,6,3.6,3.1,0,0,0,0,0,1,1,0
U03090,dog,German Shepherd,0-3,social_media,mobile,Tuesday,0,0,none,5.31,4,4.4,20.9,1,1,1,1,1,0,0,1
U03091,cat,Maine Coon,6-12,social_media,mobile,Saturday,0,1,awareness,4.74,2,4.1,7.8,1,1,0,0,0,0,0,0
U03092,reptile,Leopard Gecko,0-3,email,mobile,Thursday,1,0,retargeting,2.78,6,3.5,3.5,1,1,1,1,3,1,0,1
U03093,dog,German Shepherd,6-12,referral,mobile,Saturday,0,0,none,2.97,3,4.5,23.9,1,1,1,4,1,0,0,1
U03094,rabbit,Holland Lop,6-12,organic,tablet,Monday,0,0,retargeting,27.77,2,4.3,4.1,1,1,1,1,4,1,0,1
U03095,dog,Poodle,6-12,paid_ad,mobile,Tuesday,1,0,seasonal,1.87,5,4.6,11.0,0,1,1,1,1,1,1,0
U03096,cat,Bengal,3-6,referral,mobile,Wednesday,0,0,none,0.5,2,4.5,1.0,0,1,1,4,1,0,0,1
U03097,reptile,Mixed,0-3,email,tablet,Friday,0,0,seasonal,7.24,2,4.2,5.6,0,1,0,0,0,0,0,0
U03098,dog,Labrador,3-6,referral,desktop,Saturday,1,0,awareness,1.88,7,3.3,2.9,1,1,0,0,0,1,1,0
U03099,dog,Bulldog,6-12,social_media,tablet,Tuesday,0,0,seasonal,4.95,1,3.4,4.4,1,1,0,0,0,0,0,0
U03100,cat,Ragdoll,0-3,referral,tablet,Sunday,0,1,none,0.65,1,4.6,64.0,1,0,1,1,2,1,1,0
U03101,dog,Labrador,12-24,paid_ad,mobile,Wednesday,0,0,none,4.39,5,4.7,6.9,1,0,0,0,0,0,0,0
U03102,cat,Bengal,6-12,organic,desktop,Saturday,0,0,none,22.48,6,4.0,2.4,1,0,1,0,2,1,1,0
U03103,bird,Lovebird,12-24,referral,mobile,Friday,0,0,none,4.49,3,5.0,65.9,1,1,0,0,0,0,0,0
U03104,cat,Sphynx,6-12,social_media,mobile,Wednesday,0,1,none,1.1,2,3.6,5.3,1,0,0,0,0,1,1,0
U03105,dog,Bulldog,24+,social_media,desktop,Sunday,0,1,seasonal,27.65,7,4.5,20.3,1,0,1,1,1,1,1,0
U03106,cat,Persian,6-12,email,mobile,Saturday,0,1,awareness,1.67,6,4.3,32.5,0,0,1,4,4,0,0,1
U03107,cat,Maine Coon,12-24,organic,desktop,Thursday,0,0,seasonal,4.48,4,4.5,6.5,1,1,1,5,2,0,0,1
U03108,dog,Labrador,6-12,social_media,desktop,Friday,0,1,awareness,5.38,9,3.8,15.5,0,0,0,0,0,0,0,0
U03109,cat,Sphynx,0-3,paid_ad,mobile,Wednesday,0,1,none,21.29,1,3.5,1.0,1,1,0,0,0,0,0,0
U03110,cat,Mixed,0-3,organic,desktop,Saturday,1,1,awareness,0.56,6,3.8,7.5,1,0,0,0,0,0,0,0
U03111,cat,Bengal,3-6,organic,mobile,Wednesday,0,0,seasonal,5.43,1,3.4,33.9,0,1,0,0,0,0,0,0
U03112,dog,Bulldog,6-12,organic,mobile,Sunday,1,1,awareness,2.04,4,3.2,24.2,1,0,1,5,2,1,1,0
U03113,cat,Siamese,12-24,social_media,desktop,Tuesday,0,0,none,0.64,1,4.4,4.2,1,1,1,3,1,0,0,1
U03114,dog,Poodle,0-3,paid_ad,mobile,Monday,0,0,seasonal,12.44,2,5.0,1.0,1,0,1,8,2,0,0,1
U03115,dog,Bulldog,24+,paid_ad,desktop,Wednesday,0,0,none,6.95,8,4.3,14.5,0,1,1,5,2,0,0,1
U03116,bird,Cockatiel,6-12,referral,mobile,Tuesday,1,0,retargeting,4.9,3,3.3,1.9,0,0,0,0,0,0,0,0
U03117,cat,Siamese,6-12,email,mobile,Friday,0,0,awareness,1.25,3,4.0,25.3,1,1,0,0,0,0,0,0
U03118,dog,Golden Retriever,0-3,organic,desktop,Tuesday,0,0,none,11.18,8,4.2,9.4,0,1,1,3,7,0,0,1
U03119,dog,Bulldog,24+,referral,desktop,Saturday,0,1,none,13.75,5,4.5,7.6,1,1,0,0,0,0,0,0
U03120,dog,Mixed,0-3,paid_ad,mobile,Wednesday,0,0,seasonal,2.56,5,4.6,4.3,1,1,0,0,0,0,0,0
U03121,dog,Bulldog,3-6,email,mobile,Saturday,0,0,seasonal,3.86,3,3.4,12.0,1,0,1,0,1,0,0,1
U03122,dog,Mixed,6-12,email,desktop,Friday,0,0,awareness,27.85,5,3.7,25.7,1,0,0,0,0,0,0,0
U03123,dog,Beagle,6-12,referral,mobile,Sunday,0,1,none,8.53,2,4.1,9.6,0,0,0,0,0,0,0,0
U03124,cat,Persian,3-6,paid_ad,desktop,Sunday,1,0,none,4.59,7,3.0,1.5,1,1,1,2,0,1,0,1
U03125,cat,Ragdoll,12-24,social_media,mobile,Sunday,0,0,none,4.97,1,3.4,12.2,0,0,1,2,2,0,0,1
U03126,cat,Siamese,3-6,paid_ad,desktop,Saturday,0,1,awareness,11.96,8,4.9,5.9,1,0,1,3,2,1,1,0
U03127,cat,Ragdoll,0-3,organic,tablet,Thursday,0,0,none,0.5,4,3.7,10.9,1,0,1,4,1,1,1,0
U03128,dog,Chihuahua,0-3,social_media,mobile,Saturday,0,0,none,4.04,2,4.5,1.3,1,0,0,0,0,0,0,0
U03129,reptile,Bearded Dragon,0-3,social_media,desktop,Sunday,0,0,awareness,25.01,9,3.9,1.2,1,0,1,5,4,1,1,0
U03130,rabbit,Dutch,24+,organic,desktop,Monday,0,0,retargeting,17.65,10,5.0,19.9,0,1,0,0,0,0,0,0
U03131,rabbit,Mini Rex,3-6,organic,desktop,Friday,0,0,seasonal,10.72,4,4.8,10.1,0,1,0,0,0,0,0,0
U03132,rabbit,Mixed,6-12,organic,mobile,Tuesday,0,0,awareness,0.5,6,3.6,7.8,0,1,0,0,0,0,0,0
U03133,bird,Cockatiel,24+,email,desktop,Friday,0,1,retargeting,30.74,4,4.6,46.2,0,0,1,3,2,1,0,1
U03134,cat,Maine Coon,12-24,paid_ad,desktop,Thursday,0,0,none,7.34,6,4.1,3.2,1,1,0,0,0,0,0,0
U03135,dog,Chihuahua,6-12,referral,desktop,Friday,0,0,awareness,1.97,4,3.6,35.4,1,0,0,0,0,0,0,0
U03136,cat,Sphynx,0-3,social_media,desktop,Friday,0,1,retargeting,8.75,6,4.0,26.8,1,1,1,7,3,0,0,1
U03137,cat,Maine Coon,12-24,email,mobile,Sunday,0,0,retargeting,8.83,3,3.7,11.3,0,1,0,0,0,0,0,0
U03138,cat,Maine Coon,0-3,referral,tablet,Friday,0,0,awareness,0.77,5,3.4,9.0,0,1,0,0,0,0,0,0
U03139,cat,Ragdoll,0-3,organic,mobile,Sunday,1,0,awareness,11.29,4,3.9,2.0,1,1,1,2,3,0,0,1
U03140,dog,Poodle,12-24,paid_ad,mobile,Wednesday,0,0,seasonal,11.5,1,3.8,7.0,1,1,0,0,0,0,0,0
U03141,dog,Beagle,6-12,paid_ad,mobile,Thursday,0,0,awareness,0.5,2,3.6,11.7,0,1,1,2,1,0,0,1
U03142,bird,Lovebird,24+,organic,mobile,Thursday,1,1,awareness,8.07,3,4.2,6.5,1,0,1,3,1,0,0,1
U03143,cat,Ragdoll,24+,paid_ad,mobile,Wednesday,0,0,retargeting,13.35,2,3.3,37.5,0,1,1,2,4,0,0,1
U03144,cat,Siamese,6-12,paid_ad,mobile,Thursday,1,0,none,0.5,4,4.9,1.0,0,0,0,0,0,0,0,0
U03145,dog,Labrador,6-12,organic,mobile,Friday,1,1,awareness,1.59,4,3.4,5.4,0,0,1,1,2,0,0,1
U03146,dog,Bulldog,6-12,organic,desktop,Friday,1,1,seasonal,3.64,3,4.2,39.9,1,1,1,4,1,1,1,0
U03147,bird,Cockatiel,0-3,organic,mobile,Saturday,1,0,none,1.5,2,3.8,1.3,1,1,1,6,2,0,0,1
U03148,cat,Siamese,6-12,social_media,mobile,Thursday,0,1,none,6.47,3,3.0,9.4,1,0,0,0,0,0,0,0
U03149,rabbit,Mini Rex,0-3,social_media,mobile,Wednesday,0,0,awareness,1.55,6,3.4,20.7,1,1,1,6,1,0,0,1
U03150,cat,Sphynx,12-24,social_media,mobile,Friday,1,0,none,14.27,4,4.1,6.2,0,1,0,0,0,0,0,0
U03151,cat,Persian,24+,organic,mobile,Tuesday,0,0,awareness,24.1,1,3.7,24.8,1,0,0,0,0,0,0,0
U03152,dog,Golden Retriever,3-6,referral,desktop,Wednesday,1,0,none,2.97,6,4.7,2.4,1,0,1,4,0,0,0,1
U03153,cat,Maine Coon,6-12,social_media,tablet,Monday,0,0,awareness,4.62,2,4.3,64.5,0,1,1,2,4,0,0,1
U03154,cat,Mixed,6-12,organic,desktop,Monday,0,0,awareness,6.36,2,3.3,15.5,0,0,1,3,2,1,0,1
U03155,cat,Siamese,0-3,social_media,desktop,Wednesday,1,0,awareness,6.76,4,4.9,5.2,1,1,1,1,1,1,1,0
U03156,cat,Mixed,0-3,social_media,mobile,Monday,0,0,none,2.13,1,3.5,1.1,1,1,0,0,0,0,0,0
U03157,bird,Lovebird,12-24,social_media,mobile,Wednesday,1,0,none,0.64,2,3.1,12.2,1,0,1,3,0,0,0,1
U03158,dog,German Shepherd,0-3,organic,mobile,Saturday,0,1,none,0.5,1,4.0,13.3,0,1,0,0,0,0,0,0
U03159,rabbit,Mixed,12-24,organic,desktop,Monday,1,1,awareness,0.67,5,3.9,8.8,0,1,0,0,0,0,0,0
U03160,dog,Golden Retriever,6-12,paid_ad,mobile,Thursday,1,0,none,10.54,5,4.0,41.7,1,1,1,1,1,1,0,1
U03161,cat,Sphynx,12-24,referral,desktop,Sunday,0,1,retargeting,2.57,9,3.1,5.8,1,1,1,4,1,0,0,1
U03162,dog,Beagle,0-3,social_media,mobile,Saturday,0,0,retargeting,0.5,5,3.6,13.0,1,1,0,0,0,0,0,0
U03163,dog,Bulldog,12-24,social_media,mobile,Wednesday,0,0,none,4.44,1,4.8,1.1,0,1,0,0,0,0,0,0
U03164,cat,Mixed,3-6,email,tablet,Sunday,1,0,none,0.51,3,4.6,9.2,1,0,1,5,0,0,0,1
U03165,dog,Mixed,24+,paid_ad,desktop,Wednesday,1,0,none,0.57,5,3.3,23.1,0,1,1,2,2,0,0,1
U03166,cat,Mixed,3-6,social_media,desktop,Monday,0,1,awareness,7.58,4,3.6,20.6,0,0,0,0,0,0,0,0
U03167,bird,Parakeet,3-6,referral,desktop,Sunday,0,1,none,5.37,5,4.5,9.7,1,1,1,4,4,1,0,1
U03168,dog,Poodle,0-3,email,desktop,Sunday,1,0,none,0.5,2,4.7,29.2,1,1,1,4,3,1,0,1
U03169,rabbit,Mixed,0-3,social_media,desktop,Thursday,1,0,none,3.7,7,3.3,44.9,1,1,0,0,0,0,0,0
U03170,cat,Maine Coon,12-24,email,tablet,Saturday,0,0,seasonal,3.72,2,4.2,8.5,1,1,1,3,5,1,1,0
U03171,cat,Persian,0-3,referral,mobile,Saturday,0,0,retargeting,3.6,3,3.9,6.5,0,1,1,0,2,0,0,1
U03172,dog,Golden Retriever,12-24,paid_ad,desktop,Tuesday,1,1,seasonal,10.44,10,4.0,15.1,0,1,1,3,2,0,0,1
U03173,dog,Chihuahua,6-12,organic,desktop,Tuesday,0,0,none,2.59,8,4.6,93.4,1,0,1,3,2,1,1,0
U03174,dog,German Shepherd,6-12,social_media,mobile,Thursday,1,0,none,2.58,4,4.2,1.0,1,1,1,3,3,0,0,1
U03175,dog,Poodle,12-24,social_media,desktop,Sunday,0,1,none,12.28,5,4.1,6.8,0,1,1,2,2,1,1,0
U03176,dog,Mixed,6-12,social_media,tablet,Monday,1,0,seasonal,16.63,1,3.8,10.1,0,1,1,1,0,0,0,1
U03177,cat,Sphynx,6-12,paid_ad,mobile,Saturday,0,1,none,10.1,4,3.6,58.8,1,0,1,1,1,0,0,1
U03178,bird,Parakeet,12-24,paid_ad,mobile,Monday,1,0,awareness,2.27,1,4.5,26.2,1,1,1,2,0,1,0,1
U03179,rabbit,Lionhead,3-6,paid_ad,mobile,Thursday,0,0,none,2.58,3,4.8,5.3,1,1,1,3,3,1,0,1
U03180,cat,Mixed,0-3,referral,desktop,Saturday,0,0,retargeting,5.87,6,3.1,22.9,1,1,1,0,2,0,0,1
U03181,dog,Bulldog,6-12,organic,desktop,Saturday,0,0,none,15.84,2,4.0,3.5,1,1,0,0,0,0,0,0
U03182,dog,Mixed,0-3,paid_ad,mobile,Monday,1,1,awareness,8.34,4,4.1,13.4,1,1,1,5,3,0,0,1
U03183,dog,Golden Retriever,6-12,paid_ad,mobile,Thursday,0,0,seasonal,1.7,3,3.6,1.0,0,1,1,1,0,1,0,1
U03184,dog,Labrador,6-12,social_media,mobile,Friday,0,1,awareness,0.81,2,3.2,8.3,1,0,0,0,0,0,0,0
U03185,cat,Maine Coon,3-6,paid_ad,desktop,Monday,0,0,awareness,3.72,2,3.3,21.8,1,0,1,2,0,1,1,0
U03186,cat,Mixed,3-6,organic,mobile,Tuesday,0,1,awareness,1.55,1,4.4,5.1,0,0,1,1,2,1,1,0
U03187,dog,Bulldog,6-12,paid_ad,mobile,Saturday,0,1,retargeting,13.7,5,3.4,19.6,1,0,1,6,1,0,0,1
U03188,dog,Bulldog,6-12,social_media,desktop,Friday,0,0,none,2.41,3,3.8,5.9,1,1,1,2,2,0,0,1
U03189,rabbit,Holland Lop,3-6,organic,mobile,Tuesday,0,0,none,0.7,4,3.0,1.1,0,1,1,2,1,0,0,1
U03190,rabbit,Dutch,3-6,email,mobile,Friday,1,1,retargeting,8.04,3,3.3,34.7,0,0,1,1,2,1,1,0
U03191,dog,Chihuahua,3-6,email,mobile,Sunday,1,0,awareness,0.5,2,4.6,8.2,1,0,1,5,1,1,0,1
U03192,bird,Mixed,6-12,organic,mobile,Monday,1,1,seasonal,1.06,5,4.1,20.2,0,1,1,3,2,1,1,0
U03193,reptile,Bearded Dragon,3-6,organic,mobile,Saturday,0,0,awareness,2.02,3,3.2,13.5,1,0,1,3,1,1,0,1
U03194,dog,Bulldog,3-6,social_media,tablet,Monday,1,1,awareness,5.88,4,3.2,16.8,0,1,1,5,4,1,1,0
U03195,dog,Bulldog,24+,email,desktop,Monday,0,0,none,3.1,7,4.8,11.6,1,0,0,0,0,0,0,0
U03196,cat,Persian,0-3,paid_ad,desktop,Tuesday,0,1,retargeting,5.35,6,3.7,11.9,0,1,1,1,1,0,0,1
U03197,bird,Lovebird,0-3,referral,tablet,Thursday,0,0,retargeting,1.11,1,4.5,30.3,1,1,1,3,2,1,1,0
U03198,bird,Mixed,12-24,social_media,mobile,Saturday,0,1,awareness,2.99,6,3.9,12.5,0,1,1,5,3,0,0,1
U03199,dog,Poodle,0-3,paid_ad,mobile,Wednesday,0,0,none,2.38,4,3.2,24.8,0,1,1,4,2,0,0,1
U03200,dog,Labrador,3-6,social_media,mobile,Friday,0,0,seasonal,8.61,3,4.1,8.9,1,0,1,0,2,1,0,1
U03201,cat,Ragdoll,3-6,paid_ad,desktop,Thursday,0,1,none,4.19,9,3.2,54.1,1,1,0,0,0,0,0,0
U03202,cat,Mixed,3-6,organic,desktop,Wednesday,0,1,none,4.58,7,4.7,1.0,1,1,0,0,0,0,0,0
U03203,dog,German Shepherd,12-24,social_media,mobile,Friday,0,1,seasonal,4.08,4,3.1,7.1,1,1,1,3,1,0,0,1
U03204,bird,Cockatiel,0-3,email,mobile,Saturday,0,0,retargeting,0.5,3,4.4,2.9,1,0,1,3,1,0,0,1
U03205,cat,Maine Coon,6-12,organic,mobile,Sunday,0,0,awareness,0.78,4,5.0,5.3,0,0,0,0,0,0,0,0
U03206,rabbit,Holland Lop,3-6,paid_ad,mobile,Sunday,0,0,seasonal,5.47,2,4.8,1.9,0,0,0,0,0,0,0,0
U03207,bird,Cockatiel,12-24,paid_ad,desktop,Wednesday,0,0,none,1.92,9,4.8,10.4,0,0,1,3,0,0,0,1
U03208,cat,Sphynx,12-24,social_media,mobile,Saturday,0,0,none,5.25,1,3.5,1.0,0,1,0,0,0,0,0,0
U03209,cat,Sphynx,3-6,social_media,tablet,Tuesday,0,0,retargeting,0.67,4,3.9,13.2,1,1,0,0,0,0,0,0
U03210,cat,Siamese,6-12,paid_ad,mobile,Saturday,1,1,none,7.85,3,3.5,41.9,0,0,1,5,3,1,1,0
U03211,dog,Beagle,12-24,paid_ad,desktop,Sunday,0,0,seasonal,34.65,2,4.4,2.7,1,1,0,0,0,0,0,0
U03212,cat,Ragdoll,0-3,organic,tablet,Monday,0,1,retargeting,3.04,3,4.3,16.1,1,1,0,0,0,0,0,0
U03213,dog,Labrador,6-12,social_media,tablet,Thursday,1,0,none,4.58,1,3.6,4.5,1,0,0,0,0,0,0,0
U03214,cat,Persian,24+,email,mobile,Saturday,0,1,seasonal,2.66,2,3.8,2.4,0,0,1,4,3,0,0,1
U03215,dog,Labrador,3-6,email,mobile,Saturday,0,0,none,10.22,1,3.8,27.3,0,0,0,0,0,0,0,0
U03216,dog,Bulldog,12-24,organic,mobile,Tuesday,0,1,awareness,0.5,2,4.4,9.6,1,0,1,0,0,1,0,1
U03217,dog,Chihuahua,12-24,social_media,mobile,Sunday,0,0,seasonal,4.82,3,3.0,1.0,1,1,0,0,0,0,0,0
U03218,dog,Beagle,12-24,paid_ad,desktop,Friday,0,1,seasonal,8.24,2,4.9,11.7,0,0,1,3,2,1,1,0
U03219,cat,Maine Coon,24+,email,tablet,Tuesday,1,0,none,3.13,5,3.3,57.8,0,1,1,2,0,1,0,1
U03220,cat,Sphynx,12-24,referral,mobile,Monday,0,0,none,1.13,3,3.6,24.5,0,1,0,0,0,0,0,0
U03221,cat,Siamese,24+,paid_ad,mobile,Saturday,0,0,none,1.25,4,3.1,12.2,1,0,1,0,1,0,0,1
U03222,dog,Chihuahua,3-6,referral,mobile,Monday,0,0,awareness,7.33,2,3.9,45.2,0,1,0,0,0,0,0,0
U03223,dog,Poodle,6-12,organic,desktop,Tuesday,1,1,awareness,0.53,4,4.5,24.3,1,0,1,0,3,1,0,1
U03224,dog,Golden Retriever,3-6,paid_ad,tablet,Friday,1,0,none,5.39,3,4.6,8.9,0,1,1,3,0,1,0,1
U03225,dog,Golden Retriever,12-24,organic,mobile,Friday,0,1,awareness,1.67,4,3.7,9.5,1,1,1,4,2,1,0,1
U03226,bird,Lovebird,0-3,email,mobile,Saturday,0,0,retargeting,1.08,4,3.8,39.3,1,1,0,0,0,0,0,0
U03227,dog,German Shepherd,0-3,social_media,desktop,Thursday,0,1,awareness,5.5,4,3.7,1.0,1,1,0,0,0,0,0,0
U03228,dog,Labrador,0-3,social_media,desktop,Saturday,0,1,none,17.8,4,3.4,6.0,0,1,0,0,0,0,0,0
U03229,dog,Mixed,3-6,paid_ad,mobile,Sunday,0,0,seasonal,4.38,2,4.4,8.7,1,1,0,0,0,0,0,0
U03230,dog,Poodle,0-3,paid_ad,desktop,Wednesday,0,0,none,12.12,5,4.8,3.4,1,1,1,7,1,0,0,1
U03231,cat,Siamese,12-24,organic,tablet,Saturday,1,0,retargeting,5.97,1,3.8,2.9,1,1,1,3,2,1,1,0
U03232,cat,Maine Coon,6-12,email,desktop,Sunday,0,0,none,9.33,4,4.4,10.4,1,1,0,0,0,0,0,0
U03233,dog,German Shepherd,3-6,social_media,desktop,Saturday,0,0,awareness,4.42,5,4.0,13.2,0,1,0,0,0,0,0,0
U03234,dog,Labrador,3-6,social_media,mobile,Saturday,0,0,awareness,11.85,2,3.3,9.2,1,1,0,0,0,0,0,0
U03235,dog,Poodle,12-24,paid_ad,desktop,Wednesday,0,0,awareness,5.44,10,4.0,7.8,1,1,0,0,0,0,0,0
U03236,dog,German Shepherd,12-24,social_media,mobile,Friday,0,0,awareness,3.65,3,3.5,18.4,1,1,0,0,0,0,0,0
U03237,dog,Bulldog,12-24,referral,mobile,Friday,1,0,none,3.39,2,4.3,20.3,1,0,0,0,0,0,0,0
U03238,reptile,Mixed,24+,organic,mobile,Saturday,0,0,awareness,1.33,4,3.9,2.9,0,0,0,0,0,0,0,0
U03239,cat,Mixed,12-24,email,mobile,Sunday,1,0,awareness,1.2,4,4.4,1.0,1,0,0,0,0,0,0,0
U03240,cat,Sphynx,6-12,email,mobile,Monday,0,0,none,0.5,1,4.0,1.0,1,1,1,3,1,1,0,1
U03241,cat,Siamese,3-6,organic,mobile,Monday,0,0,seasonal,5.76,1,4.5,19.9,0,1,0,0,0,0,0,0
U03242,cat,Persian,3-6,social_media,desktop,Monday,0,0,seasonal,2.66,4,5.0,1.0,0,1,0,0,0,0,0,0
U03243,cat,Sphynx,0-3,paid_ad,desktop,Saturday,1,1,seasonal,3.85,10,4.7,55.6,1,1,1,1,1,1,1,0
U03244,cat,Mixed,12-24,paid_ad,mobile,Tuesday,0,0,retargeting,11.49,3,4.4,18.4,1,1,1,2,6,0,0,1
U03245,cat,Siamese,3-6,social_media,mobile,Friday,0,1,none,3.8,3,3.5,13.6,0,0,1,1,2,0,0,1
U03246,dog,Mixed,12-24,social_media,desktop,Wednesday,0,0,awareness,0.8,6,4.1,1.0,1,1,1,3,1,1,0,1
U03247,cat,Siamese,3-6,organic,mobile,Thursday,1,0,retargeting,7.31,5,4.3,1.0,1,1,0,0,0,0,0,0
U03248,cat,Siamese,3-6,organic,tablet,Tuesday,0,0,none,1.92,2,4.5,9.1,0,0,1,2,2,0,0,1
U03249,bird,Cockatiel,0-3,social_media,mobile,Sunday,0,0,awareness,2.82,3,3.4,7.3,0,1,0,0,0,0,0,0
U03250,cat,Sphynx,6-12,organic,desktop,Friday,0,1,none,5.56,10,4.0,5.1,1,1,0,0,0,0,0,0
U03251,cat,Persian,6-12,paid_ad,mobile,Sunday,0,0,none,1.24,4,3.9,2.1,1,1,0,0,0,0,0,0
U03252,dog,Chihuahua,6-12,paid_ad,desktop,Friday,0,1,none,0.96,2,3.5,4.8,1,1,1,2,2,0,0,1
U03253,cat,Ragdoll,12-24,referral,desktop,Tuesday,0,0,seasonal,1.85,2,4.1,15.1,1,1,1,3,3,1,0,1
U03254,dog,Poodle,3-6,email,tablet,Tuesday,1,0,retargeting,0.67,3,4.8,7.6,0,1,1,5,2,1,1,0
U03255,dog,Mixed,24+,referral,tablet,Sunday,0,0,none,2.1,2,4.5,5.6,0,1,1,2,1,0,0,1
U03256,dog,Beagle,6-12,email,mobile,Saturday,1,0,awareness,26.91,5,4.1,38.8,1,1,1,1,3,0,0,1
U03257,cat,Mixed,6-12,email,desktop,Monday,1,0,none,4.01,7,4.5,6.1,1,1,1,4,3,1,1,0
U03258,dog,Poodle,6-12,referral,mobile,Saturday,0,0,awareness,9.07,5,4.6,36.2,0,1,1,5,3,1,0,1
U03259,dog,Poodle,12-24,email,desktop,Thursday,0,1,seasonal,6.21,6,4.4,1.3,1,0,1,5,2,0,0,1
U03260,bird,Lovebird,6-12,organic,mobile,Wednesday,1,1,awareness,3.84,7,4.7,26.3,1,1,1,4,0,0,0,1
U03261,dog,Chihuahua,3-6,paid_ad,desktop,Tuesday,0,0,retargeting,1.33,3,4.6,10.8,1,0,0,0,0,0,0,0
U03262,cat,Sphynx,12-24,referral,tablet,Sunday,0,0,awareness,2.09,3,4.7,10.7,0,1,0,0,0,0,0,0
U03263,cat,Persian,12-24,paid_ad,mobile,Monday,1,0,awareness,3.25,5,4.0,13.6,1,1,1,3,0,0,0,1
U03264,dog,Beagle,12-24,email,mobile,Wednesday,0,0,retargeting,9.69,1,4.0,16.3,0,1,0,0,0,0,0,0
U03265,rabbit,Holland Lop,0-3,email,mobile,Wednesday,1,1,retargeting,0.5,3,3.7,25.6,1,1,1,1,1,0,0,1
U03266,dog,Golden Retriever,0-3,referral,desktop,Tuesday,0,0,retargeting,5.52,4,4.0,1.0,1,0,0,0,0,0,0,0
U03267,cat,Maine Coon,6-12,organic,mobile,Friday,0,1,seasonal,0.5,3,4.4,5.6,0,1,1,2,1,1,1,0
U03268,cat,Persian,24+,email,tablet,Monday,0,1,retargeting,3.97,1,3.6,9.3,0,0,1,5,4,0,0,1
U03269,cat,Sphynx,6-12,organic,desktop,Wednesday,1,0,retargeting,7.73,4,3.4,50.1,0,1,1,1,0,0,0,1
U03270,cat,Sphynx,3-6,email,desktop,Sunday,0,0,retargeting,10.65,5,4.8,1.0,1,0,1,3,2,0,0,1
U03271,dog,German Shepherd,6-12,email,desktop,Wednesday,0,0,none,1.16,6,3.1,7.5,0,1,1,8,2,1,1,0
U03272,dog,Beagle,6-12,organic,mobile,Thursday,1,0,awareness,0.83,3,4.9,22.9,0,1,0,0,0,0,0,0
U03273,cat,Ragdoll,3-6,organic,tablet,Thursday,1,0,awareness,4.13,1,4.7,40.0,0,0,1,3,0,0,0,1
U03274,cat,Maine Coon,3-6,email,desktop,Friday,1,1,awareness,48.62,2,4.3,24.6,1,0,1,2,4,1,1,0
U03275,rabbit,Dutch,3-6,organic,tablet,Saturday,0,0,retargeting,2.2,6,4.5,56.7,1,1,0,0,0,0,0,0
U03276,rabbit,Lionhead,6-12,organic,mobile,Tuesday,1,1,none,1.95,3,4.2,11.2,1,0,0,0,0,0,0,0
U03277,rabbit,Mixed,12-24,paid_ad,desktop,Sunday,0,1,none,3.4,1,4.1,19.5,1,0,1,3,2,1,1,0
U03278,cat,Mixed,0-3,social_media,mobile,Saturday,0,1,seasonal,0.5,2,4.3,32.0,0,1,0,0,0,0,0,0
U03279,dog,Golden Retriever,6-12,social_media,desktop,Saturday,1,0,none,11.61,4,3.0,8.0,1,1,0,0,0,0,0,0
U03280,rabbit,Lionhead,6-12,referral,desktop,Monday,0,1,none,1.75,3,4.7,1.3,1,1,1,2,1,0,0,1
U03281,cat,Bengal,24+,organic,desktop,Monday,0,0,none,9.49,3,4.6,1.0,0,1,0,0,0,1,1,0
U03282,dog,Mixed,12-24,social_media,desktop,Friday,0,0,retargeting,5.03,3,4.0,38.3,1,1,0,0,0,0,0,0
U03283,bird,Lovebird,3-6,email,mobile,Sunday,1,1,awareness,3.31,5,3.5,1.0,1,1,1,3,1,0,0,1
U03284,bird,Canary,6-12,paid_ad,tablet,Friday,0,1,seasonal,0.5,2,3.7,5.7,1,0,0,0,0,0,0,0
U03285,cat,Bengal,6-12,referral,tablet,Tuesday,0,0,none,14.35,5,3.9,28.5,0,1,1,3,3,1,0,1
U03286,dog,Mixed,6-12,referral,mobile,Monday,0,1,seasonal,1.27,1,3.3,7.6,0,1,0,0,0,0,0,0
U03287,dog,Golden Retriever,24+,paid_ad,tablet,Saturday,0,0,none,7.21,5,4.2,3.3,0,0,1,3,0,0,0,1
U03288,rabbit,Dutch,6-12,organic,mobile,Saturday,1,0,none,5.6,2,3.3,2.1,1,1,1,4,2,1,1,0
U03289,bird,Canary,3-6,organic,desktop,Tuesday,0,0,awareness,4.66,4,4.4,1.0,1,1,0,0,0,0,0,0
U03290,dog,German Shepherd,6-12,social_media,mobile,Monday,1,0,none,1.87,3,4.1,15.6,0,1,0,0,0,0,0,0
U03291,dog,Beagle,3-6,organic,tablet,Thursday,1,0,none,24.78,3,4.7,5.9,1,1,1,0,0,0,0,1
U03292,bird,Lovebird,0-3,paid_ad,mobile,Friday,0,0,none,1.14,3,3.8,1.0,0,1,0,0,0,0,0,0
U03293,dog,Beagle,6-12,email,mobile,Saturday,0,0,none,13.51,6,4.8,1.3,1,1,1,0,2,0,0,1
U03294,cat,Bengal,3-6,organic,mobile,Saturday,0,0,seasonal,0.77,4,4.3,28.7,1,0,1,2,4,1,1,0
U03295,reptile,Ball Python,6-12,paid_ad,mobile,Friday,1,0,none,1.73,2,3.0,2.0,1,1,1,3,6,0,0,1
U03296,dog,German Shepherd,12-24,organic,desktop,Tuesday,0,0,seasonal,1.16,3,3.9,10.3,0,0,0,0,0,0,0,0
U03297,cat,Ragdoll,0-3,social_media,mobile,Saturday,0,0,seasonal,0.5,3,4.9,6.4,1,1,0,0,0,0,0,0
U03298,dog,Labrador,0-3,email,desktop,Sunday,0,0,none,2.35,1,4.9,3.4,1,1,1,2,0,0,0,1
U03299,dog,Beagle,0-3,social_media,tablet,Sunday,0,0,awareness,0.59,4,4.1,2.0,1,0,0,0,0,0,0,0
U03300,rabbit,Dutch,24+,social_media,desktop,Sunday,1,0,awareness,25.76,5,4.3,15.3,0,0,1,0,2,1,1,0
U03301,cat,Persian,0-3,organic,desktop,Wednesday,1,0,retargeting,11.19,8,3.5,31.2,1,1,0,0,0,0,0,0
U03302,reptile,Bearded Dragon,24+,social_media,mobile,Saturday,0,0,seasonal,0.5,1,3.6,13.8,0,0,1,1,2,0,0,1
U03303,cat,Siamese,24+,paid_ad,mobile,Sunday,1,1,awareness,1.15,4,3.8,7.1,1,1,1,3,3,1,1,0
U03304,dog,Golden Retriever,0-3,referral,mobile,Saturday,1,0,none,5.05,4,3.8,5.5,0,1,0,0,0,0,0,0
U03305,dog,Bulldog,6-12,social_media,mobile,Wednesday,0,0,awareness,2.31,6,4.4,6.8,1,0,0,0,0,0,0,0
U03306,dog,German Shepherd,6-12,social_media,tablet,Sunday,0,0,seasonal,11.59,3,3.2,6.8,1,0,0,0,0,0,0,0
U03307,dog,Chihuahua,0-3,paid_ad,mobile,Thursday,1,0,retargeting,3.2,5,3.1,10.7,1,1,1,3,1,1,0,1
U03308,dog,Beagle,6-12,referral,tablet,Tuesday,1,0,seasonal,6.89,4,4.0,6.9,1,0,1,1,0,0,0,1
U03309,dog,Bulldog,3-6,organic,mobile,Tuesday,0,1,retargeting,4.14,2,4.2,13.2,1,0,0,0,0,0,0,0
U03310,cat,Maine Coon,6-12,social_media,desktop,Saturday,0,0,none,7.93,8,3.8,1.7,1,0,1,2,3,0,0,1
U03311,cat,Maine Coon,6-12,paid_ad,mobile,Thursday,1,0,seasonal,1.19,2,4.5,4.8,1,0,1,4,1,0,0,1
U03312,cat,Persian,12-24,email,mobile,Monday,0,0,seasonal,2.13,2,3.3,19.2,0,1,0,0,0,0,0,0
U03313,cat,Ragdoll,0-3,organic,desktop,Saturday,1,0,none,0.5,6,5.0,21.3,0,1,0,0,0,0,0,0
U03314,dog,German Shepherd,24+,email,mobile,Saturday,1,1,none,4.03,2,3.7,16.9,0,1,0,0,0,1,1,0
U03315,dog,Bulldog,3-6,organic,desktop,Saturday,1,0,awareness,4.8,6,3.7,6.3,1,1,1,3,0,0,0,1
U03316,cat,Bengal,24+,social_media,desktop,Tuesday,1,0,retargeting,11.15,3,3.8,8.9,1,1,0,0,0,1,0,0
U03317,cat,Ragdoll,6-12,social_media,mobile,Saturday,0,0,none,1.05,2,4.7,3.0,1,0,0,0,0,0,0,0
U03318,dog,Bulldog,6-12,paid_ad,tablet,Monday,1,0,none,3.73,7,3.4,50.8,0,1,1,4,0,0,0,1
U03319,rabbit,Mini Rex,24+,social_media,mobile,Wednesday,0,0,awareness,0.7,2,3.9,30.6,1,1,1,6,3,1,0,1
U03320,rabbit,Mixed,12-24,organic,desktop,Thursday,1,0,none,5.71,6,3.5,42.6,0,1,0,0,0,0,0,0
U03321,cat,Siamese,3-6,organic,mobile,Sunday,0,0,none,8.57,6,3.1,12.6,1,1,0,0,0,0,0,0
U03322,dog,Labrador,6-12,paid_ad,desktop,Thursday,0,0,awareness,11.31,5,3.7,9.4,0,0,1,2,2,1,0,1
U03323,rabbit,Holland Lop,6-12,organic,mobile,Monday,0,0,seasonal,10.1,5,3.2,30.5,0,1,1,5,2,0,0,1
U03324,cat,Sphynx,6-12,social_media,mobile,Thursday,1,1,awareness,16.22,4,4.9,7.9,0,1,1,6,3,1,0,1
U03325,rabbit,Mixed,0-3,organic,mobile,Friday,0,0,retargeting,5.17,5,3.3,4.7,1,1,1,5,1,1,1,0
U03326,rabbit,Dutch,6-12,paid_ad,mobile,Sunday,0,0,retargeting,1.18,4,5.0,10.5,1,0,1,3,5,0,0,1
U03327,rabbit,Holland Lop,0-3,social_media,mobile,Sunday,1,1,awareness,0.87,1,3.9,2.8,1,1,1,3,1,0,0,1
U03328,cat,Persian,3-6,social_media,desktop,Tuesday,1,0,none,4.63,3,3.3,22.0,1,1,0,0,0,1,0,0
U03329,dog,Mixed,0-3,social_media,desktop,Tuesday,0,0,none,39.76,9,3.5,8.7,1,1,0,0,0,0,0,0
U03330,cat,Sphynx,3-6,paid_ad,mobile,Tuesday,0,0,none,2.42,4,3.8,16.0,1,1,0,0,0,0,0,0
U03331,cat,Sphynx,24+,email,mobile,Saturday,0,0,seasonal,1.01,1,4.4,13.2,1,1,0,0,0,0,0,0
U03332,cat,Ragdoll,12-24,paid_ad,mobile,Monday,1,0,retargeting,13.14,1,4.4,13.2,1,1,1,1,1,0,0,1
U03333,dog,Golden Retriever,0-3,paid_ad,mobile,Tuesday,1,0,awareness,2.22,2,3.4,40.1,1,1,0,0,0,0,0,0
U03334,dog,Poodle,12-24,referral,mobile,Friday,1,0,seasonal,5.34,2,3.4,1.0,1,1,1,2,0,1,1,0
U03335,bird,Cockatiel,12-24,social_media,mobile,Wednesday,0,0,seasonal,5.43,1,4.8,14.3,1,1,1,2,0,0,0,1
U03336,cat,Persian,12-24,referral,tablet,Monday,0,0,seasonal,12.04,3,3.9,4.6,1,1,1,3,0,1,1,0
U03337,bird,Canary,6-12,organic,desktop,Thursday,1,1,none,10.33,6,3.7,2.0,1,0,1,2,1,0,0,1
U03338,rabbit,Dutch,0-3,social_media,mobile,Wednesday,0,0,retargeting,6.33,3,4.3,1.0,0,0,0,0,0,0,0,0
U03339,cat,Maine Coon,6-12,paid_ad,mobile,Friday,0,0,awareness,5.01,2,4.1,26.6,0,0,1,3,0,0,0,1
U03340,cat,Ragdoll,3-6,organic,desktop,Sunday,0,0,retargeting,4.03,5,4.8,7.6,0,1,0,0,0,0,0,0
U03341,bird,Lovebird,6-12,organic,mobile,Tuesday,1,0,none,3.85,2,3.3,18.0,0,0,0,0,0,0,0,0
U03342,cat,Bengal,6-12,social_media,desktop,Thursday,1,0,retargeting,14.14,4,3.9,40.4,1,0,1,5,3,1,0,1
U03343,cat,Sphynx,0-3,email,tablet,Sunday,0,0,awareness,2.81,1,3.4,28.9,1,1,1,6,3,1,0,1
U03344,dog,Mixed,6-12,social_media,desktop,Sunday,1,0,retargeting,2.74,2,3.2,4.2,1,1,0,0,0,0,0,0
U03345,cat,Maine Coon,3-6,paid_ad,mobile,Thursday,0,0,retargeting,1.92,1,3.6,15.1,0,1,1,1,2,0,0,1
U03346,cat,Ragdoll,12-24,paid_ad,desktop,Saturday,0,1,none,6.25,5,3.1,5.3,1,1,1,2,3,0,0,1
U03347,dog,Labrador,24+,email,tablet,Monday,0,0,none,0.5,3,4.2,1.0,0,1,1,2,1,1,0,1
U03348,dog,Chihuahua,6-12,organic,desktop,Saturday,0,0,retargeting,11.77,4,4.7,35.8,1,1,0,0,0,0,0,0
U03349,dog,Golden Retriever,6-12,referral,desktop,Sunday,0,0,awareness,1.17,6,3.6,18.3,0,1,0,0,0,0,0,0
U03350,dog,Poodle,0-3,organic,mobile,Friday,1,0,awareness,0.65,1,4.3,27.0,1,1,1,4,0,1,0,1
U03351,dog,Labrador,3-6,organic,mobile,Friday,0,0,retargeting,1.0,1,3.3,4.8,1,1,1,2,2,1,0,1
U03352,cat,Maine Coon,0-3,organic,desktop,Tuesday,0,0,seasonal,6.71,3,3.5,4.9,1,1,1,1,1,1,1,0
U03353,bird,Parakeet,12-24,email,tablet,Saturday,0,0,none,1.68,2,4.4,3.4,1,1,1,4,3,1,0,1
U03354,cat,Sphynx,24+,organic,desktop,Friday,0,0,awareness,3.58,6,4.8,5.0,0,0,1,5,4,1,0,1
U03355,dog,Poodle,12-24,organic,desktop,Saturday,0,1,retargeting,20.93,4,3.0,1.7,0,1,1,2,1,1,1,0
U03356,dog,Beagle,3-6,social_media,mobile,Monday,0,1,seasonal,8.55,2,4.3,19.8,1,1,1,3,4,0,0,1
U03357,cat,Mixed,6-12,organic,mobile,Friday,1,0,none,8.7,4,4.4,53.1,1,0,1,6,3,0,0,1
U03358,dog,Bulldog,24+,email,mobile,Friday,1,1,none,3.92,5,4.2,35.8,0,1,1,4,0,1,1,0
U03359,rabbit,Dutch,0-3,paid_ad,mobile,Tuesday,1,1,none,7.05,5,3.9,2.4,0,1,0,0,0,1,0,0
U03360,cat,Sphynx,3-6,paid_ad,desktop,Tuesday,0,1,seasonal,11.76,2,5.0,3.6,1,1,1,3,2,1,1,0
U03361,rabbit,Holland Lop,0-3,organic,mobile,Wednesday,1,0,awareness,10.72,2,3.5,6.7,0,1,1,4,3,1,1,0
U03362,dog,German Shepherd,6-12,organic,desktop,Saturday,0,1,awareness,0.52,8,3.9,3.3,1,1,0,0,0,0,0,0
U03363,cat,Sphynx,12-24,referral,desktop,Friday,0,0,none,0.5,2,4.3,17.4,0,0,1,5,2,0,0,1
U03364,dog,Chihuahua,3-6,organic,mobile,Sunday,0,0,none,0.88,4,3.0,20.6,0,1,1,5,0,0,0,1
U03365,bird,Lovebird,3-6,paid_ad,mobile,Wednesday,0,1,retargeting,9.26,3,3.7,21.2,0,1,1,5,4,0,0,1
U03366,cat,Siamese,3-6,organic,desktop,Sunday,1,1,awareness,7.26,5,3.8,13.1,1,1,1,4,2,0,0,1
U03367,dog,Golden Retriever,6-12,referral,tablet,Saturday,0,0,awareness,3.61,3,3.0,4.4,0,1,1,10,3,1,1,0
U03368,dog,Mixed,0-3,social_media,desktop,Thursday,0,1,none,5.61,6,3.1,1.9,1,1,1,3,3,1,0,1
U03369,dog,Golden Retriever,0-3,social_media,mobile,Monday,0,0,none,8.05,5,5.0,10.0,1,0,1,4,3,1,0,1
U03370,cat,Sphynx,0-3,paid_ad,mobile,Wednesday,1,0,retargeting,12.04,5,3.2,33.0,1,1,0,0,0,0,0,0
U03371,dog,Mixed,0-3,email,mobile,Sunday,1,0,none,5.95,2,3.5,4.8,0,1,1,3,2,0,0,1
U03372,cat,Persian,12-24,social_media,mobile,Wednesday,0,1,seasonal,6.49,4,3.3,5.9,1,1,0,0,0,0,0,0
U03373,dog,Golden Retriever,0-3,email,desktop,Wednesday,1,1,none,3.01,5,4.0,19.0,1,0,0,0,0,1,1,0
U03374,cat,Bengal,6-12,paid_ad,desktop,Tuesday,1,1,none,4.91,5,4.5,6.3,0,1,0,0,0,0,0,0
U03375,rabbit,Lionhead,6-12,organic,mobile,Saturday,0,0,awareness,7.58,1,3.2,30.9,1,1,1,2,3,1,0,1
U03376,rabbit,Mixed,0-3,organic,mobile,Wednesday,0,0,seasonal,5.4,2,4.2,30.1,0,0,0,0,0,0,0,0
U03377,rabbit,Holland Lop,3-6,social_media,mobile,Wednesday,0,0,none,4.04,2,3.7,34.5,1,1,0,0,0,0,0,0
U03378,dog,Beagle,3-6,organic,tablet,Thursday,0,0,retargeting,0.5,4,4.0,22.1,0,1,0,0,0,0,0,0
U03379,dog,Golden Retriever,24+,email,mobile,Thursday,1,0,awareness,0.5,5,3.5,1.0,0,1,0,0,0,0,0,0
U03380,cat,Persian,0-3,organic,desktop,Thursday,0,0,none,1.09,2,4.7,11.3,1,0,1,3,2,0,0,1
U03381,dog,Poodle,6-12,social_media,mobile,Friday,0,0,none,3.96,3,3.9,9.7,1,1,1,4,2,1,1,0
U03382,cat,Siamese,12-24,organic,desktop,Saturday,1,1,seasonal,6.0,7,3.3,9.3,0,1,1,2,2,1,1,0
U03383,dog,Golden Retriever,12-24,social_media,mobile,Saturday,0,0,none,13.01,7,4.6,16.0,1,0,1,2,2,1,0,1
U03384,dog,Beagle,3-6,organic,mobile,Saturday,0,1,retargeting,5.4,2,4.5,20.9,1,1,0,0,0,0,0,0
U03385,dog,Labrador,6-12,organic,desktop,Tuesday,0,0,seasonal,2.72,3,4.0,11.7,1,1,1,3,3,1,0,1
U03386,bird,Parakeet,0-3,organic,desktop,Saturday,0,0,none,1.06,9,4.4,21.0,1,1,0,0,0,0,0,0
U03387,dog,Golden Retriever,3-6,referral,mobile,Tuesday,0,0,none,8.62,2,4.2,4.2,0,0,1,4,2,1,0,1
U03388,cat,Persian,3-6,organic,mobile,Tuesday,1,0,none,2.8,4,3.3,15.3,0,1,1,3,3,0,0,1
U03389,dog,Bulldog,0-3,paid_ad,mobile,Sunday,0,0,none,4.82,1,5.0,14.2,1,0,0,0,0,0,0,0
U03390,cat,Persian,0-3,organic,mobile,Saturday,1,0,none,3.79,4,4.5,6.1,1,1,1,4,2,0,0,1
U03391,dog,Chihuahua,12-24,organic,desktop,Friday,0,1,awareness,0.89,3,4.3,10.5,1,1,0,0,0,0,0,0
U03392,bird,Mixed,6-12,social_media,tablet,Sunday,0,1,retargeting,0.5,4,4.7,68.5,1,1,0,0,0,0,0,0
U03393,bird,Mixed,24+,social_media,mobile,Sunday,1,0,retargeting,1.66,3,4.9,18.0,1,1,1,1,5,1,1,0
U03394,dog,Labrador,0-3,referral,mobile,Friday,0,0,seasonal,2.04,3,4.2,8.8,1,1,1,1,3,1,0,1
U03395,bird,Mixed,6-12,referral,mobile,Friday,1,1,none,3.92,6,4.2,18.5,1,1,1,0,4,0,0,1
U03396,reptile,Mixed,12-24,paid_ad,mobile,Saturday,1,1,none,3.5,2,3.0,7.2,1,0,0,0,0,0,0,0
U03397,rabbit,Mixed,12-24,email,mobile,Wednesday,0,0,none,12.15,1,3.8,5.7,1,0,0,0,0,0,0,0
U03398,rabbit,Holland Lop,12-24,social_media,desktop,Tuesday,0,1,none,11.72,7,4.0,10.5,1,1,1,3,2,1,1,0
U03399,dog,Golden Retriever,0-3,social_media,mobile,Saturday,1,0,none,3.12,2,3.5,8.9,1,1,1,4,3,1,0,1
U03400,cat,Maine Coon,3-6,referral,desktop,Wednesday,1,0,awareness,5.41,1,3.7,45.1,1,1,1,2,2,0,0,1
U03401,dog,Golden Retriever,12-24,email,desktop,Tuesday,0,0,retargeting,8.75,5,3.7,57.8,1,1,1,2,2,0,0,1
U03402,dog,Golden Retriever,6-12,email,tablet,Wednesday,0,0,seasonal,0.79,1,3.7,5.9,1,1,0,0,0,0,0,0
U03403,reptile,Leopard Gecko,3-6,organic,tablet,Thursday,0,0,none,45.6,2,4.9,1.0,0,1,1,2,0,0,0,1
U03404,dog,Beagle,0-3,organic,desktop,Sunday,0,0,retargeting,5.71,13,4.2,3.4,1,1,1,4,0,1,1,0
U03405,cat,Siamese,6-12,referral,tablet,Saturday,1,1,retargeting,15.64,1,3.6,39.2,1,1,0,0,0,0,0,0
U03406,rabbit,Holland Lop,12-24,social_media,mobile,Friday,0,0,none,11.98,4,3.6,2.5,1,1,0,0,0,0,0,0
U03407,bird,Cockatiel,3-6,social_media,mobile,Sunday,0,0,none,3.05,5,4.7,14.4,1,1,0,0,0,0,0,0
U03408,reptile,Ball Python,24+,organic,mobile,Sunday,0,0,seasonal,0.5,4,4.3,1.0,0,0,1,1,4,0,0,1
U03409,dog,Bulldog,3-6,paid_ad,desktop,Friday,0,0,retargeting,6.64,3,4.7,10.6,0,1,0,0,0,0,0,0
U03410,dog,Labrador,6-12,organic,tablet,Sunday,0,0,seasonal,5.92,5,4.3,7.8,1,0,0,0,0,0,0,0
U03411,cat,Mixed,6-12,paid_ad,mobile,Thursday,0,1,awareness,7.08,3,4.8,18.6,1,1,1,2,2,0,0,1
U03412,dog,Chihuahua,12-24,organic,desktop,Wednesday,0,1,none,0.5,8,3.8,10.7,0,1,1,1,1,1,0,1
U03413,dog,Labrador,6-12,paid_ad,desktop,Wednesday,0,0,none,4.9,6,4.7,10.0,0,1,0,0,0,0,0,0
U03414,dog,Poodle,3-6,paid_ad,tablet,Saturday,0,0,seasonal,16.65,6,3.4,14.7,1,1,1,2,1,0,0,1
U03415,rabbit,Holland Lop,24+,organic,desktop,Friday,0,1,none,28.47,7,4.3,18.1,1,1,1,1,3,1,1,0
U03416,cat,Maine Coon,6-12,email,tablet,Saturday,1,0,none,1.38,1,3.7,15.6,1,0,0,0,0,1,0,0
U03417,dog,Poodle,0-3,social_media,mobile,Saturday,1,0,awareness,9.3,5,4.0,32.3,1,1,1,3,3,0,0,1
U03418,cat,Persian,3-6,organic,mobile,Monday,0,0,none,0.72,3,4.5,1.8,1,1,0,0,0,0,0,0
U03419,dog,German Shepherd,6-12,paid_ad,mobile,Monday,0,1,none,8.37,1,4.1,47.6,1,1,1,0,3,1,1,0
U03420,dog,Chihuahua,0-3,social_media,mobile,Friday,1,0,awareness,1.48,5,4.5,17.0,1,1,0,0,0,0,0,0
U03421,rabbit,Lionhead,6-12,social_media,mobile,Tuesday,0,1,none,11.23,3,3.1,3.3,1,0,1,1,1,1,0,1
U03422,cat,Persian,6-12,organic,desktop,Saturday,1,0,awareness,9.27,11,3.8,8.0,1,0,1,5,0,0,0,1
U03423,rabbit,Mixed,0-3,social_media,desktop,Friday,1,0,none,3.06,5,4.9,5.5,1,1,0,0,0,0,0,0
U03424,dog,Chihuahua,3-6,paid_ad,desktop,Friday,0,0,awareness,2.57,3,4.5,18.9,0,1,1,5,3,1,0,1
U03425,rabbit,Lionhead,6-12,social_media,mobile,Wednesday,0,0,none,0.94,6,4.0,81.2,0,1,0,0,0,0,0,0
U03426,cat,Mixed,12-24,referral,mobile,Saturday,0,0,none,5.2,6,4.4,30.4,1,0,0,0,0,0,0,0
U03427,cat,Ragdoll,6-12,referral,mobile,Saturday,0,0,retargeting,10.29,2,3.1,29.7,1,1,1,2,2,0,0,1
U03428,cat,Mixed,24+,organic,mobile,Sunday,1,0,none,6.4,2,3.6,8.0,1,1,0,0,0,0,0,0
U03429,bird,Lovebird,12-24,organic,desktop,Sunday,1,0,none,10.8,4,4.8,8.6,1,1,1,7,2,1,0,1
U03430,cat,Sphynx,6-12,paid_ad,mobile,Friday,0,1,awareness,6.92,1,4.0,3.4,1,0,1,4,2,0,0,1
U03431,cat,Bengal,6-12,social_media,mobile,Tuesday,0,1,none,17.61,1,4.9,7.0,1,1,1,4,2,1,1,0
U03432,reptile,Bearded Dragon,12-24,organic,desktop,Saturday,0,1,none,8.51,4,3.5,14.9,1,1,1,3,1,0,0,1
U03433,rabbit,Lionhead,3-6,organic,mobile,Sunday,0,1,awareness,0.83,4,4.7,27.7,0,0,0,0,0,0,0,0
U03434,cat,Persian,3-6,email,tablet,Tuesday,0,0,retargeting,10.19,4,3.0,1.0,1,1,1,2,4,0,0,1
U03435,cat,Siamese,3-6,paid_ad,mobile,Wednesday,1,0,retargeting,1.77,3,3.0,43.8,1,0,0,0,0,0,0,0
U03436,dog,Labrador,6-12,organic,tablet,Tuesday,0,1,awareness,35.57,1,3.3,4.2,1,1,0,0,0,0,0,0
U03437,dog,Chihuahua,6-12,organic,mobile,Saturday,0,0,awareness,2.15,4,3.5,3.4,1,1,1,9,4,0,0,1
U03438,cat,Siamese,3-6,referral,desktop,Thursday,0,0,retargeting,2.7,6,3.1,7.6,1,1,1,7,2,1,1,0
U03439,bird,Cockatiel,3-6,paid_ad,mobile,Monday,0,1,none,0.96,4,3.4,15.2,0,1,1,7,0,0,0,1
U03440,bird,Canary,0-3,email,desktop,Sunday,0,0,none,6.45,6,4.7,12.6,0,1,0,0,0,0,0,0
U03441,dog,German Shepherd,0-3,paid_ad,mobile,Friday,0,1,retargeting,0.53,3,4.8,4.4,1,1,1,5,2,1,1,0
U03442,cat,Persian,24+,social_media,mobile,Wednesday,0,0,awareness,13.97,4,3.2,47.7,0,1,1,5,1,1,1,0
U03443,dog,German Shepherd,24+,paid_ad,desktop,Wednesday,1,0,retargeting,2.72,5,3.6,13.7,1,1,1,1,0,0,0,1
U03444,reptile,Mixed,0-3,social_media,mobile,Wednesday,0,1,none,1.23,2,4.2,25.9,1,1,0,0,0,0,0,0
U03445,reptile,Ball Python,12-24,organic,mobile,Thursday,0,0,none,0.5,1,4.3,37.0,0,1,1,3,4,0,0,1
U03446,cat,Maine Coon,3-6,paid_ad,mobile,Wednesday,1,1,seasonal,1.28,3,3.1,7.7,1,1,1,2,3,1,1,0
U03447,rabbit,Dutch,6-12,social_media,desktop,Friday,1,1,awareness,3.26,5,4.8,3.9,1,1,1,2,1,0,0,1
U03448,cat,Persian,6-12,referral,mobile,Saturday,0,0,awareness,2.1,1,3.9,15.3,1,0,1,3,3,0,0,1
U03449,cat,Sphynx,6-12,social_media,mobile,Saturday,0,0,none,1.45,4,3.9,6.2,1,0,1,4,1,0,0,1
U03450,dog,Beagle,6-12,referral,mobile,Wednesday,1,0,none,0.5,6,3.2,7.3,1,1,0,0,0,0,0,0
U03451,cat,Persian,3-6,referral,desktop,Friday,0,0,none,2.79,4,4.1,2.2,1,0,0,0,0,0,0,0
U03452,cat,Siamese,3-6,organic,desktop,Sunday,0,1,awareness,11.75,5,4.2,25.7,0,1,1,5,2,0,0,1
U03453,cat,Mixed,3-6,paid_ad,mobile,Monday,0,0,seasonal,2.63,4,3.9,22.7,1,1,0,0,0,0,0,0
U03454,dog,Poodle,24+,social_media,mobile,Monday,0,0,seasonal,1.56,5,4.8,15.2,1,1,1,2,0,1,0,1
U03455,bird,Parakeet,0-3,referral,mobile,Friday,0,0,awareness,1.27,3,3.2,7.2,1,0,0,0,0,0,0,0
U03456,dog,German Shepherd,12-24,social_media,mobile,Saturday,0,0,seasonal,3.68,2,3.4,52.4,1,0,0,0,0,0,0,0
U03457,cat,Mixed,3-6,paid_ad,mobile,Tuesday,1,1,awareness,1.64,4,3.8,6.7,1,0,1,3,0,0,0,1
U03458,cat,Ragdoll,12-24,social_media,mobile,Saturday,1,0,none,4.53,5,4.2,14.5,1,1,1,1,3,1,0,1
U03459,cat,Mixed,3-6,organic,mobile,Saturday,1,0,none,20.71,2,3.8,2.4,0,1,0,0,0,0,0,0
U03460,cat,Maine Coon,0-3,organic,tablet,Sunday,0,0,retargeting,0.5,1,4.7,2.3,1,1,1,1,1,0,0,1
U03461,dog,Beagle,12-24,social_media,mobile,Tuesday,0,1,none,0.84,5,3.4,46.7,0,1,0,0,0,0,0,0
U03462,dog,Golden Retriever,0-3,paid_ad,desktop,Saturday,1,1,awareness,1.54,5,3.5,19.5,1,1,1,3,3,0,0,1
U03463,cat,Bengal,12-24,email,mobile,Monday,0,1,retargeting,2.7,1,4.8,1.0,1,1,1,3,2,0,0,1
U03464,cat,Persian,6-12,email,mobile,Friday,0,0,none,0.5,1,3.9,15.3,1,0,1,2,4,0,0,1
U03465,dog,Mixed,6-12,organic,desktop,Friday,0,0,none,5.06,8,4.3,1.0,1,1,0,0,0,0,0,0
U03466,cat,Bengal,3-6,social_media,mobile,Thursday,0,1,none,12.03,1,3.8,20.5,0,1,1,2,3,0,0,1
U03467,cat,Maine Coon,6-12,organic,mobile,Sunday,0,1,awareness,0.5,3,3.8,1.0,1,1,0,0,0,0,0,0
U03468,cat,Persian,12-24,paid_ad,desktop,Monday,0,0,none,3.54,4,3.3,6.9,1,1,1,5,1,0,0,1
U03469,rabbit,Mini Rex,0-3,referral,mobile,Friday,1,1,awareness,5.01,3,4.8,7.1,1,0,1,5,3,1,1,0
U03470,dog,Beagle,12-24,social_media,mobile,Tuesday,0,1,none,0.76,2,4.7,13.4,1,1,0,0,0,0,0,0
U03471,dog,Beagle,6-12,organic,mobile,Saturday,1,0,awareness,0.5,2,4.1,3.6,0,1,0,0,0,0,0,0
U03472,rabbit,Holland Lop,3-6,organic,mobile,Monday,1,0,none,3.49,1,3.1,17.7,0,1,0,0,0,0,0,0
U03473,cat,Ragdoll,12-24,email,desktop,Sunday,0,0,seasonal,0.5,8,3.4,11.5,0,0,0,0,0,0,0,0
U03474,cat,Bengal,3-6,email,mobile,Sunday,1,1,awareness,7.36,1,3.4,6.1,0,0,1,5,3,1,0,1
U03475,rabbit,Lionhead,12-24,paid_ad,mobile,Sunday,1,0,retargeting,0.5,4,4.1,22.3,1,0,1,2,2,0,0,1
U03476,rabbit,Dutch,3-6,organic,mobile,Tuesday,0,1,retargeting,2.6,10,3.3,13.9,1,0,0,0,0,0,0,0
U03477,reptile,Leopard Gecko,12-24,paid_ad,mobile,Saturday,0,0,awareness,4.72,1,3.9,34.2,1,0,0,0,0,0,0,0
U03478,cat,Siamese,12-24,email,tablet,Monday,0,0,none,1.8,1,3.4,11.0,1,1,0,0,0,0,0,0
U03479,cat,Sphynx,6-12,social_media,mobile,Sunday,0,0,awareness,0.5,5,3.6,5.7,1,1,0,0,0,0,0,0
U03480,cat,Bengal,12-24,social_media,tablet,Saturday,0,1,retargeting,1.26,2,3.6,1.0,0,0,1,3,3,0,0,1
U03481,dog,Mixed,3-6,organic,desktop,Friday,0,0,awareness,15.04,4,3.5,12.7,0,0,0,0,0,0,0,0
U03482,cat,Ragdoll,12-24,social_media,desktop,Saturday,0,0,none,9.54,8,3.5,34.9,0,1,1,2,4,1,0,1
U03483,dog,Chihuahua,6-12,paid_ad,mobile,Monday,0,1,none,1.0,3,3.3,2.1,1,1,0,0,0,0,0,0
U03484,bird,Lovebird,0-3,social_media,mobile,Friday,0,0,none,4.41,3,4.5,56.8,1,1,0,0,0,0,0,0
U03485,cat,Persian,6-12,paid_ad,desktop,Wednesday,0,1,none,9.62,7,4.9,15.5,1,1,1,1,3,0,0,1
U03486,cat,Bengal,12-24,email,desktop,Sunday,1,0,seasonal,47.47,7,4.6,4.2,0,1,1,4,1,1,0,1
U03487,dog,German Shepherd,3-6,organic,mobile,Sunday,0,0,none,2.26,7,3.7,43.9,1,0,0,0,0,0,0,0
U03488,dog,Labrador,12-24,email,mobile,Saturday,1,0,none,9.11,1,4.5,68.8,0,1,1,4,0,0,0,1
U03489,dog,Poodle,6-12,social_media,mobile,Sunday,0,1,retargeting,2.69,3,3.1,1.0,0,1,0,0,0,0,0,0
U03490,cat,Persian,3-6,social_media,tablet,Wednesday,0,0,retargeting,14.82,3,3.7,46.2,0,0,0,0,0,1,1,0
U03491,dog,Golden Retriever,12-24,organic,mobile,Sunday,0,1,awareness,0.5,5,3.8,4.6,1,1,1,5,0,1,0,1
U03492,cat,Siamese,6-12,social_media,desktop,Wednesday,0,0,none,1.5,5,3.0,20.0,1,1,1,4,1,1,1,0
U03493,bird,Parakeet,12-24,organic,desktop,Saturday,1,0,none,11.38,6,4.9,4.9,1,1,1,3,1,1,1,0
U03494,bird,Canary,6-12,organic,desktop,Saturday,0,0,awareness,10.27,6,3.9,9.1,1,1,1,7,2,0,0,1
U03495,cat,Bengal,3-6,social_media,desktop,Monday,0,1,none,2.84,5,5.0,4.7,1,1,0,0,0,0,0,0
U03496,dog,Mixed,24+,social_media,mobile,Thursday,0,0,none,4.13,2,3.6,19.1,1,0,0,0,0,0,0,0
U03497,bird,Parakeet,0-3,referral,tablet,Monday,0,0,none,2.41,5,5.0,24.4,0,1,1,3,1,0,0,1
U03498,bird,Parakeet,6-12,social_media,desktop,Sunday,1,1,seasonal,0.5,8,4.2,19.7,1,1,1,2,2,1,1,0
U03499,dog,Labrador,0-3,paid_ad,desktop,Tuesday,0,0,none,0.5,5,3.8,48.0,1,1,1,1,2,1,1,0
U03500,cat,Persian,0-3,social_media,mobile,Friday,1,0,awareness,0.5,4,4.7,2.3,0,1,0,0,0,0,0,0
U03501,dog,Poodle,0-3,paid_ad,desktop,Saturday,0,0,seasonal,7.03,5,4.1,12.9,1,1,1,3,1,1,1,0
U03502,rabbit,Mixed,12-24,organic,mobile,Tuesday,0,0,retargeting,1.15,5,4.7,43.7,0,0,1,7,2,0,0,1
U03503,reptile,Bearded Dragon,3-6,referral,mobile,Friday,0,0,none,0.54,8,4.0,9.3,1,1,0,0,0,0,0,0
U03504,dog,Labrador,6-12,social_media,desktop,Friday,0,1,none,22.09,7,3.8,32.9,0,1,0,0,0,0,0,0
U03505,bird,Canary,6-12,paid_ad,mobile,Tuesday,1,0,seasonal,0.5,5,4.2,1.0,1,1,0,0,0,0,0,0
U03506,cat,Maine Coon,12-24,social_media,desktop,Saturday,0,0,none,8.74,5,4.5,43.5,0,1,1,1,4,1,0,1
U03507,reptile,Ball Python,12-24,organic,mobile,Wednesday,0,1,retargeting,7.86,2,3.1,1.0,1,1,0,0,0,0,0,0
U03508,cat,Persian,6-12,email,desktop,Tuesday,1,0,seasonal,1.4,6,3.8,1.0,0,1,0,0,0,0,0,0
U03509,rabbit,Mini Rex,24+,organic,mobile,Friday,0,1,none,0.85,4,3.3,6.7,1,0,1,1,2,1,0,1
U03510,dog,Mixed,6-12,social_media,desktop,Thursday,0,0,retargeting,6.65,2,4.9,27.2,1,0,0,0,0,0,0,0
U03511,dog,Labrador,12-24,organic,mobile,Sunday,0,0,seasonal,3.23,2,4.9,1.4,1,1,0,0,0,0,0,0
U03512,dog,Bulldog,12-24,email,desktop,Sunday,0,0,awareness,5.74,3,4.8,39.6,1,1,1,2,2,1,1,0
U03513,reptile,Leopard Gecko,12-24,referral,desktop,Friday,0,0,awareness,4.85,7,4.0,3.8,0,1,1,2,4,1,1,0
U03514,rabbit,Holland Lop,3-6,social_media,mobile,Thursday,0,0,seasonal,10.48,2,4.5,1.0,0,1,1,5,3,0,0,1
U03515,bird,Cockatiel,12-24,paid_ad,mobile,Wednesday,1,0,awareness,0.5,3,4.8,12.4,1,1,0,0,0,0,0,0
U03516,bird,Cockatiel,6-12,social_media,desktop,Wednesday,0,0,retargeting,8.57,8,4.7,26.5,1,0,1,1,1,0,0,1
U03517,dog,Labrador,3-6,social_media,desktop,Friday,1,0,awareness,2.06,3,4.1,53.8,0,0,1,0,1,1,1,0
U03518,dog,Mixed,3-6,referral,desktop,Saturday,0,0,none,3.65,3,3.3,4.1,0,1,1,0,1,1,0,1
U03519,dog,Chihuahua,6-12,paid_ad,desktop,Wednesday,0,0,none,0.73,4,4.8,28.3,0,1,1,2,6,1,1,0
U03520,dog,Bulldog,3-6,paid_ad,mobile,Tuesday,1,0,none,2.68,4,4.6,2.3,1,1,0,0,0,0,0,0
U03521,dog,Chihuahua,3-6,organic,mobile,Thursday,1,0,none,7.42,1,3.8,20.7,0,0,1,4,1,1,0,1
U03522,cat,Bengal,6-12,social_media,mobile,Monday,0,0,none,0.5,1,3.9,1.0,1,1,0,0,0,0,0,0
U03523,dog,Mixed,3-6,organic,mobile,Saturday,0,1,awareness,1.47,4,5.0,7.4,1,1,0,0,0,0,0,0
U03524,dog,Golden Retriever,3-6,social_media,desktop,Friday,1,0,none,3.64,3,4.2,25.0,1,0,0,0,0,1,1,0
U03525,dog,German Shepherd,12-24,social_media,mobile,Friday,1,0,seasonal,0.5,5,3.3,2.1,1,1,0,0,0,0,0,0
U03526,dog,Mixed,6-12,paid_ad,tablet,Wednesday,1,0,retargeting,9.34,1,3.3,13.8,1,1,1,0,1,1,1,0
U03527,reptile,Ball Python,24+,paid_ad,desktop,Sunday,0,0,awareness,9.28,4,3.1,26.5,0,1,0,0,0,0,0,0
U03528,rabbit,Lionhead,12-24,social_media,desktop,Monday,0,1,awareness,10.84,5,4.2,3.5,0,0,1,5,2,1,0,1
U03529,reptile,Mixed,3-6,organic,tablet,Sunday,0,0,none,4.38,3,3.1,24.3,0,1,0,0,0,0,0,0
U03530,cat,Siamese,6-12,paid_ad,mobile,Thursday,1,0,awareness,3.22,3,4.6,5.5,1,1,0,0,0,0,0,0
U03531,dog,Bulldog,6-12,organic,desktop,Sunday,0,0,awareness,2.38,9,3.6,7.7,1,0,0,0,0,0,0,0
U03532,rabbit,Lionhead,3-6,email,mobile,Saturday,0,1,retargeting,3.73,5,3.7,20.9,1,1,1,1,1,0,0,1
U03533,dog,Bulldog,24+,organic,mobile,Tuesday,1,1,none,2.68,3,4.5,26.0,1,1,1,3,3,1,0,1
U03534,dog,Poodle,0-3,social_media,desktop,Sunday,0,0,retargeting,27.56,5,3.2,5.4,1,0,0,0,0,1,0,0
U03535,dog,Chihuahua,6-12,referral,mobile,Saturday,1,0,retargeting,15.69,1,4.1,3.7,0,1,1,4,1,0,0,1
U03536,dog,Labrador,6-12,organic,tablet,Monday,0,1,awareness,15.31,4,3.7,12.3,0,1,1,1,2,0,0,1
U03537,dog,Mixed,24+,social_media,desktop,Tuesday,0,0,none,3.48,4,3.2,12.9,0,0,0,0,0,0,0,0
U03538,dog,Beagle,24+,social_media,desktop,Saturday,0,0,awareness,3.58,6,3.6,1.4,1,0,0,0,0,0,0,0
U03539,cat,Mixed,24+,referral,mobile,Saturday,0,1,awareness,8.71,2,4.3,12.6,1,1,1,2,3,0,0,1
U03540,dog,Beagle,24+,paid_ad,desktop,Saturday,0,0,awareness,10.19,7,4.3,15.2,1,1,1,0,0,0,0,1
U03541,dog,Golden Retriever,3-6,organic,mobile,Saturday,0,0,awareness,5.54,1,3.3,1.6,1,1,1,5,1,1,0,1
U03542,rabbit,Mixed,6-12,organic,desktop,Saturday,0,0,none,1.97,8,4.9,25.4,1,0,0,0,0,0,0,0
U03543,dog,Bulldog,0-3,email,mobile,Saturday,1,1,none,8.15,1,3.4,10.4,0,0,1,3,1,1,1,0
U03544,dog,German Shepherd,12-24,social_media,desktop,Friday,0,0,none,6.76,4,4.3,13.8,1,1,0,0,0,0,0,0
U03545,bird,Parakeet,6-12,email,mobile,Wednesday,0,1,none,2.07,4,3.7,11.0,1,1,1,1,2,0,0,1
U03546,dog,Beagle,6-12,organic,mobile,Sunday,0,0,none,9.13,3,4.4,9.9,1,1,1,4,0,0,0,1
U03547,dog,Mixed,0-3,organic,mobile,Monday,0,1,none,2.28,1,4.6,5.3,1,1,0,0,0,0,0,0
U03548,cat,Mixed,0-3,email,mobile,Thursday,1,1,none,4.83,5,3.2,6.8,1,1,1,2,2,0,0,1
U03549,dog,Mixed,0-3,organic,desktop,Saturday,0,0,retargeting,4.89,8,4.6,18.7,0,1,1,2,2,1,0,1
U03550,cat,Persian,12-24,paid_ad,mobile,Thursday,0,0,retargeting,4.09,3,3.2,15.0,0,1,1,4,1,0,0,1
U03551,rabbit,Holland Lop,3-6,organic,mobile,Monday,1,0,none,0.5,2,4.0,14.0,1,1,1,2,0,0,0,1
U03552,dog,Bulldog,12-24,organic,desktop,Monday,0,0,none,4.82,7,3.7,24.4,1,1,1,5,2,0,0,1
U03553,cat,Persian,6-12,referral,mobile,Saturday,0,0,retargeting,3.7,2,3.6,11.6,1,1,1,4,3,0,0,1
U03554,cat,Mixed,0-3,social_media,mobile,Sunday,1,1,awareness,3.09,1,3.3,5.4,1,1,1,2,1,0,0,1
U03555,dog,Chihuahua,0-3,paid_ad,desktop,Friday,1,0,none,14.66,5,4.4,13.5,0,1,1,3,1,0,0,1
U03556,cat,Bengal,24+,organic,mobile,Friday,0,0,retargeting,1.7,3,3.6,22.6,1,1,1,5,2,1,0,1
U03557,dog,Chihuahua,6-12,email,mobile,Wednesday,0,0,none,9.8,2,4.0,32.1,1,1,1,2,1,1,0,1
U03558,cat,Ragdoll,6-12,paid_ad,mobile,Wednesday,1,0,awareness,2.35,3,3.0,10.2,1,1,1,5,2,1,0,1
U03559,dog,Beagle,6-12,social_media,mobile,Monday,0,0,seasonal,5.4,3,4.2,6.6,1,1,0,0,0,0,0,0
U03560,cat,Siamese,3-6,paid_ad,mobile,Wednesday,1,1,none,0.5,4,4.4,28.4,0,1,1,2,0,1,1,0
U03561,dog,Beagle,0-3,email,mobile,Thursday,1,0,seasonal,1.02,1,3.1,8.2,0,1,0,0,0,0,0,0
U03562,rabbit,Lionhead,12-24,social_media,desktop,Tuesday,1,1,none,8.59,2,4.1,50.1,0,0,1,2,2,1,1,0
U03563,dog,Mixed,24+,email,mobile,Monday,0,1,awareness,0.5,3,4.4,8.5,1,1,0,0,0,0,0,0
U03564,cat,Ragdoll,6-12,email,mobile,Saturday,0,1,awareness,15.74,1,3.3,64.5,1,1,1,2,0,1,0,1
U03565,cat,Maine Coon,3-6,organic,mobile,Sunday,0,0,retargeting,0.96,5,3.1,1.6,0,0,0,0,0,0,0,0
U03566,cat,Maine Coon,3-6,social_media,desktop,Sunday,0,0,none,18.06,9,3.4,6.3,1,0,0,0,0,0,0,0
U03567,cat,Sphynx,0-3,social_media,tablet,Friday,1,0,awareness,4.72,3,3.7,4.9,0,0,1,2,2,1,0,1
U03568,cat,Mixed,12-24,social_media,mobile,Monday,0,0,retargeting,3.78,5,3.9,76.2,1,1,1,0,2,0,0,1
U03569,rabbit,Mini Rex,6-12,paid_ad,tablet,Saturday,0,1,awareness,0.5,2,3.1,29.3,1,1,1,2,2,1,1,0
U03570,bird,Parakeet,24+,social_media,mobile,Tuesday,1,0,none,1.59,5,5.0,20.1,1,1,1,2,3,1,0,1
U03571,dog,Poodle,0-3,referral,mobile,Saturday,0,0,none,0.77,1,4.4,37.5,1,1,0,0,0,0,0,0
U03572,cat,Bengal,3-6,organic,mobile,Saturday,0,0,retargeting,3.4,2,3.3,37.1,1,1,1,4,0,0,0,1
U03573,rabbit,Holland Lop,24+,social_media,mobile,Saturday,0,0,seasonal,2.8,3,4.6,3.3,1,1,0,0,0,0,0,0
U03574,reptile,Mixed,6-12,paid_ad,mobile,Sunday,0,0,awareness,4.33,1,3.6,6.3,1,1,1,6,1,0,0,1
U03575,bird,Lovebird,3-6,social_media,mobile,Saturday,1,0,awareness,7.37,1,3.8,1.0,0,0,1,5,3,0,0,1
U03576,dog,Labrador,0-3,social_media,mobile,Saturday,1,1,none,2.87,3,3.1,5.5,1,0,1,3,3,1,0,1
U03577,dog,Labrador,0-3,organic,mobile,Wednesday,0,0,awareness,1.21,5,3.8,18.8,1,0,1,3,1,0,0,1
U03578,cat,Mixed,24+,social_media,mobile,Sunday,0,0,none,1.85,2,3.2,18.7,1,1,1,1,1,0,0,1
U03579,cat,Bengal,3-6,organic,mobile,Tuesday,1,0,retargeting,8.54,5,4.4,8.8,1,1,0,0,0,0,0,0
U03580,cat,Siamese,24+,referral,desktop,Sunday,1,0,seasonal,1.23,6,3.7,2.8,0,0,0,0,0,0,0,0
U03581,cat,Mixed,3-6,social_media,mobile,Wednesday,0,0,retargeting,4.49,3,3.6,1.0,0,0,1,2,1,1,1,0
U03582,rabbit,Mixed,24+,paid_ad,desktop,Tuesday,1,1,none,0.5,7,4.3,4.3,0,1,1,1,0,0,0,1
U03583,dog,Golden Retriever,12-24,email,desktop,Saturday,0,0,awareness,2.2,8,4.4,1.3,1,1,1,2,0,0,0,1
U03584,bird,Mixed,3-6,social_media,mobile,Monday,0,0,none,3.13,2,4.3,69.6,1,1,0,0,0,0,0,0
U03585,cat,Siamese,3-6,social_media,mobile,Sunday,1,1,none,2.77,4,4.6,2.4,1,1,1,3,3,1,0,1
U03586,dog,Chihuahua,24+,paid_ad,mobile,Wednesday,0,1,none,3.1,2,4.3,25.1,1,1,0,0,0,0,0,0
U03587,cat,Sphynx,12-24,paid_ad,desktop,Sunday,0,0,none,8.43,4,4.9,7.0,1,1,1,0,0,1,1,0
U03588,rabbit,Holland Lop,12-24,organic,mobile,Saturday,0,0,retargeting,0.94,1,4.1,14.5,1,1,1,1,3,0,0,1
U03589,dog,Golden Retriever,6-12,social_media,mobile,Saturday,0,1,awareness,1.5,3,4.8,11.6,1,0,1,3,4,1,0,1
U03590,dog,Mixed,0-3,social_media,mobile,Thursday,0,0,seasonal,5.25,3,4.9,1.0,1,1,0,0,0,0,0,0
U03591,reptile,Mixed,12-24,organic,desktop,Monday,0,0,none,4.64,4,3.3,35.6,1,0,0,0,0,0,0,0
U03592,dog,German Shepherd,12-24,email,mobile,Sunday,0,0,none,0.5,3,4.4,34.6,1,1,1,2,2,0,0,1
U03593,cat,Sphynx,6-12,paid_ad,desktop,Tuesday,0,0,none,8.66,10,4.3,5.3,1,1,1,0,2,1,0,1
U03594,cat,Bengal,6-12,social_media,mobile,Thursday,1,0,none,4.4,2,4.7,2.1,0,0,1,3,3,1,1,0
U03595,cat,Mixed,3-6,paid_ad,desktop,Friday,0,0,seasonal,0.64,4,3.7,1.6,1,0,0,0,0,0,0,0
U03596,cat,Siamese,24+,email,mobile,Friday,1,0,none,6.26,5,3.8,27.9,0,1,1,0,2,0,0,1
U03597,dog,Golden Retriever,3-6,social_media,mobile,Tuesday,0,1,seasonal,3.36,3,3.1,13.1,0,1,1,1,2,0,0,1
U03598,cat,Bengal,6-12,organic,tablet,Tuesday,1,0,none,1.49,3,4.5,7.0,1,0,0,0,0,1,1,0
U03599,dog,Chihuahua,6-12,paid_ad,desktop,Tuesday,1,0,none,6.39,6,3.5,6.3,1,1,1,2,3,0,0,1
U03600,cat,Mixed,6-12,paid_ad,mobile,Sunday,0,0,none,4.12,1,4.9,11.9,0,0,0,0,0,0,0,0
U03601,dog,Chihuahua,3-6,email,mobile,Monday,0,1,seasonal,11.5,3,4.3,4.8,1,1,1,4,4,0,0,1
U03602,cat,Siamese,0-3,organic,desktop,Sunday,1,0,none,10.57,6,3.7,1.0,0,0,1,2,1,1,0,1
U03603,dog,Labrador,3-6,organic,desktop,Tuesday,0,1,seasonal,2.8,3,4.6,8.0,0,1,1,3,3,0,0,1
U03604,dog,Bulldog,0-3,organic,mobile,Tuesday,0,0,awareness,0.57,4,4.6,31.3,0,1,0,0,0,0,0,0
U03605,dog,Bulldog,0-3,email,desktop,Friday,0,0,none,14.96,2,3.3,24.4,0,1,1,1,3,0,0,1
U03606,dog,Mixed,3-6,paid_ad,desktop,Monday,0,1,awareness,14.6,2,4.1,36.4,0,1,1,2,1,0,0,1
U03607,rabbit,Mixed,6-12,organic,mobile,Friday,1,1,none,0.67,1,3.0,16.4,1,1,1,1,2,0,0,1
U03608,dog,Chihuahua,3-6,paid_ad,desktop,Sunday,1,0,none,0.5,5,3.7,1.0,0,1,1,1,3,1,1,0
U03609,bird,Lovebird,0-3,email,mobile,Monday,0,0,retargeting,4.36,2,4.4,9.4,1,0,0,0,0,0,0,0
U03610,reptile,Leopard Gecko,12-24,email,tablet,Saturday,0,0,awareness,6.41,7,3.7,1.0,1,1,0,0,0,0,0,0
U03611,cat,Ragdoll,0-3,referral,desktop,Thursday,0,0,awareness,1.52,3,3.3,52.5,1,1,0,0,0,0,0,0
U03612,dog,Chihuahua,0-3,organic,desktop,Tuesday,0,0,none,8.61,3,4.2,17.1,1,1,0,0,0,0,0,0
U03613,dog,Poodle,3-6,referral,mobile,Tuesday,1,0,none,1.49,3,4.9,1.0,1,1,1,2,3,1,0,1
U03614,rabbit,Mini Rex,6-12,organic,mobile,Sunday,1,1,none,1.06,4,3.8,49.2,0,0,1,1,1,1,0,1
U03615,dog,Poodle,12-24,social_media,mobile,Tuesday,0,1,awareness,1.79,1,4.8,7.0,0,1,1,4,2,0,0,1
U03616,dog,Chihuahua,3-6,paid_ad,desktop,Sunday,0,0,retargeting,5.73,6,4.8,2.4,1,0,0,0,0,0,0,0
U03617,cat,Ragdoll,6-12,referral,desktop,Friday,0,0,awareness,12.73,3,4.3,19.5,1,0,1,2,1,0,0,1
U03618,rabbit,Dutch,3-6,social_media,mobile,Monday,1,1,retargeting,2.42,8,3.1,2.5,1,1,1,6,3,0,0,1
U03619,rabbit,Mixed,0-3,email,desktop,Thursday,0,0,none,2.12,3,4.3,3.8,1,0,0,0,0,0,0,0
U03620,dog,Mixed,6-12,paid_ad,desktop,Saturday,0,0,none,16.8,3,4.2,1.4,0,1,1,4,2,1,0,1
U03621,cat,Bengal,12-24,paid_ad,mobile,Saturday,1,0,none,0.5,6,4.2,18.1,1,1,1,3,1,0,0,1
U03622,dog,Beagle,6-12,organic,mobile,Friday,1,0,retargeting,7.26,2,3.7,3.6,1,1,1,1,0,0,0,1
U03623,dog,Chihuahua,3-6,paid_ad,desktop,Sunday,1,0,retargeting,11.97,4,4.5,25.4,0,1,1,3,0,0,0,1
U03624,bird,Parakeet,24+,social_media,mobile,Tuesday,0,1,none,1.02,1,4.8,14.5,0,1,1,4,3,0,0,1
U03625,dog,Chihuahua,0-3,social_media,desktop,Sunday,0,0,none,1.72,1,4.3,7.4,0,1,1,2,1,0,0,1
U03626,dog,Bulldog,6-12,social_media,mobile,Sunday,0,0,retargeting,9.45,2,3.3,53.7,0,1,1,6,0,1,0,1
U03627,dog,German Shepherd,6-12,social_media,tablet,Saturday,1,0,seasonal,5.32,1,4.6,3.3,1,1,0,0,0,0,0,0
U03628,bird,Lovebird,3-6,referral,mobile,Saturday,1,1,retargeting,0.5,2,3.3,21.5,1,1,0,0,0,0,0,0
U03629,rabbit,Mixed,0-3,social_media,mobile,Friday,1,1,none,7.75,2,4.6,2.5,1,0,0,0,0,0,0,0
U03630,cat,Ragdoll,0-3,referral,mobile,Saturday,0,0,awareness,1.95,1,4.2,3.8,1,0,1,4,2,0,0,1
U03631,rabbit,Dutch,24+,organic,mobile,Friday,1,1,retargeting,1.47,5,3.7,2.1,1,1,1,1,5,0,0,1
U03632,dog,Golden Retriever,24+,paid_ad,mobile,Thursday,0,0,none,4.69,1,4.1,41.2,0,1,1,1,1,1,0,1
U03633,cat,Maine Coon,0-3,paid_ad,mobile,Friday,0,0,awareness,4.93,2,4.6,9.7,0,1,0,0,0,0,0,0
U03634,dog,Bulldog,0-3,email,tablet,Wednesday,0,0,none,2.83,3,4.0,27.3,0,1,1,3,2,1,0,1
U03635,dog,Bulldog,0-3,email,tablet,Thursday,1,0,none,1.01,4,4.0,1.0,1,0,1,8,3,1,0,1
U03636,cat,Sphynx,12-24,email,mobile,Wednesday,0,0,seasonal,3.66,2,3.4,13.2,1,0,1,5,0,1,1,0
U03637,bird,Parakeet,0-3,paid_ad,desktop,Tuesday,1,0,seasonal,5.89,8,3.7,9.0,0,0,1,3,1,0,0,1
U03638,dog,Mixed,0-3,paid_ad,mobile,Wednesday,1,0,awareness,8.95,3,4.0,65.6,1,1,1,8,0,0,0,1
U03639,dog,Golden Retriever,12-24,organic,desktop,Sunday,0,0,none,5.17,3,3.2,23.6,0,1,0,0,0,0,0,0
U03640,dog,Labrador,12-24,paid_ad,desktop,Thursday,1,0,retargeting,8.09,4,4.4,39.4,1,1,1,2,2,0,0,1
U03641,dog,Labrador,6-12,social_media,mobile,Saturday,0,0,none,0.5,2,4.8,9.6,1,0,1,1,3,1,0,1
U03642,bird,Cockatiel,0-3,organic,desktop,Tuesday,0,0,none,13.5,7,4.6,25.0,0,1,1,3,2,1,0,1
U03643,cat,Maine Coon,12-24,paid_ad,desktop,Thursday,0,0,none,3.09,3,4.0,3.5,1,0,1,3,6,1,0,1
U03644,cat,Siamese,3-6,social_media,mobile,Tuesday,1,1,awareness,4.55,4,3.0,18.1,1,0,1,2,5,0,0,1
U03645,rabbit,Mini Rex,6-12,paid_ad,tablet,Tuesday,0,1,none,12.39,3,3.9,52.8,1,0,1,1,2,0,0,1
U03646,dog,Bulldog,3-6,organic,tablet,Friday,1,0,awareness,10.81,3,3.2,14.1,0,0,0,0,0,1,0,0
U03647,cat,Sphynx,6-12,organic,mobile,Friday,1,0,none,4.62,6,4.5,1.0,0,1,0,0,0,0,0,0
U03648,cat,Sphynx,3-6,social_media,desktop,Tuesday,0,0,seasonal,9.49,5,3.3,6.4,0,0,1,3,2,0,0,1
U03649,cat,Mixed,3-6,organic,tablet,Thursday,0,1,seasonal,16.49,3,3.2,13.6,1,0,1,3,1,1,1,0
U03650,reptile,Ball Python,12-24,paid_ad,mobile,Sunday,1,0,retargeting,5.85,3,4.0,1.8,0,1,0,0,0,0,0,0
U03651,rabbit,Mini Rex,12-24,organic,mobile,Tuesday,0,1,awareness,3.29,4,3.5,7.7,1,1,0,0,0,0,0,0
U03652,dog,Poodle,12-24,social_media,mobile,Monday,1,0,none,4.89,2,3.5,9.0,1,0,0,0,0,1,0,0
U03653,rabbit,Holland Lop,3-6,organic,desktop,Saturday,1,1,retargeting,0.96,6,4.9,31.7,0,1,1,3,2,1,1,0
U03654,dog,German Shepherd,24+,organic,desktop,Monday,0,0,seasonal,4.95,4,3.6,12.7,1,0,1,5,2,1,1,0
U03655,dog,Labrador,6-12,paid_ad,mobile,Sunday,1,1,none,1.63,2,4.8,11.9,1,1,1,2,3,1,1,0
U03656,dog,Chihuahua,3-6,organic,tablet,Friday,0,0,awareness,3.68,4,3.5,6.8,1,1,0,0,0,0,0,0
U03657,dog,Chihuahua,12-24,email,desktop,Thursday,1,1,none,8.47,4,4.8,7.3,0,0,1,3,1,0,0,1
U03658,cat,Persian,3-6,referral,desktop,Thursday,0,0,none,1.26,4,3.4,12.4,1,1,0,0,0,0,0,0
U03659,cat,Ragdoll,3-6,email,mobile,Friday,1,0,awareness,0.5,3,3.3,2.7,1,1,1,2,4,0,0,1
U03660,bird,Cockatiel,12-24,paid_ad,mobile,Monday,0,1,seasonal,1.77,3,3.6,9.5,0,0,1,2,2,0,0,1
U03661,cat,Maine Coon,6-12,organic,desktop,Sunday,1,1,none,3.03,6,3.8,10.6,0,1,1,2,0,0,0,1
U03662,cat,Maine Coon,0-3,organic,mobile,Friday,0,0,awareness,2.48,1,3.4,17.4,1,1,1,7,2,1,1,0
U03663,dog,Labrador,24+,paid_ad,desktop,Tuesday,0,0,seasonal,20.88,3,4.2,13.6,1,0,1,4,1,1,0,1
U03664,dog,German Shepherd,0-3,paid_ad,desktop,Friday,0,1,awareness,9.58,6,3.9,5.9,1,0,1,3,2,0,0,1
U03665,cat,Mixed,3-6,email,mobile,Tuesday,1,1,seasonal,1.8,4,4.1,11.3,1,1,1,5,0,1,1,0
U03666,cat,Bengal,12-24,email,desktop,Monday,0,0,none,1.54,3,4.3,1.0,1,1,0,0,0,0,0,0
U03667,rabbit,Mini Rex,12-24,social_media,mobile,Saturday,1,0,seasonal,3.37,5,3.9,17.4,1,1,0,0,0,0,0,0
U03668,dog,Mixed,6-12,organic,mobile,Saturday,1,1,none,4.88,4,3.2,4.0,1,1,0,0,0,0,0,0
U03669,dog,Labrador,6-12,paid_ad,mobile,Friday,1,0,seasonal,3.01,4,3.7,26.8,0,1,1,4,0,0,0,1
U03670,cat,Maine Coon,12-24,email,mobile,Tuesday,0,1,none,1.09,3,4.0,19.3,1,0,1,3,1,0,0,1
U03671,dog,Chihuahua,12-24,social_media,mobile,Friday,1,1,awareness,0.5,4,3.4,2.6,1,0,1,2,1,0,0,1
U03672,dog,Mixed,24+,paid_ad,desktop,Monday,0,1,none,2.41,3,4.0,5.8,0,1,1,7,1,1,1,0
U03673,cat,Sphynx,6-12,social_media,desktop,Friday,1,1,awareness,4.77,5,3.2,20.7,0,0,1,8,4,0,0,1
U03674,dog,Golden Retriever,3-6,organic,mobile,Friday,1,1,none,7.06,2,3.7,18.3,0,1,1,2,2,0,0,1
U03675,cat,Ragdoll,0-3,paid_ad,desktop,Saturday,0,1,seasonal,15.0,4,4.7,11.6,1,1,1,1,2,0,0,1
U03676,dog,German Shepherd,3-6,paid_ad,mobile,Sunday,0,1,none,2.42,4,3.1,5.2,0,1,0,0,0,0,0,0
U03677,dog,Labrador,12-24,social_media,mobile,Sunday,0,0,retargeting,7.24,3,3.1,11.1,1,1,0,0,0,0,0,0
U03678,dog,Mixed,0-3,organic,desktop,Sunday,0,0,none,39.11,5,3.8,71.5,0,1,1,3,2,0,0,1
U03679,rabbit,Dutch,6-12,organic,desktop,Sunday,1,0,retargeting,7.57,4,4.8,7.7,0,1,0,0,0,0,0,0
U03680,dog,Poodle,0-3,email,desktop,Saturday,0,1,awareness,10.17,9,4.2,11.2,1,1,1,3,2,0,0,1
U03681,rabbit,Holland Lop,6-12,social_media,mobile,Sunday,1,0,seasonal,8.41,2,4.4,24.4,1,1,0,0,0,0,0,0
U03682,dog,Beagle,3-6,paid_ad,desktop,Sunday,0,0,awareness,3.22,3,4.1,1.0,0,1,1,2,1,0,0,1
U03683,rabbit,Mixed,24+,referral,desktop,Saturday,1,0,none,0.5,4,4.6,37.3,1,1,0,0,0,0,0,0
U03684,dog,Golden Retriever,3-6,paid_ad,tablet,Monday,1,1,none,28.22,3,3.8,28.2,0,0,1,2,2,0,0,1
U03685,cat,Siamese,6-12,social_media,mobile,Monday,1,1,retargeting,3.07,2,4.5,11.9,1,0,0,0,0,1,0,0
U03686,cat,Mixed,6-12,paid_ad,desktop,Sunday,0,1,retargeting,12.01,5,4.9,11.5,1,0,1,5,2,1,0,1
U03687,bird,Canary,3-6,social_media,desktop,Friday,0,0,retargeting,10.04,3,3.7,36.6,1,1,1,4,2,1,0,1
U03688,dog,Poodle,3-6,organic,tablet,Saturday,0,0,none,3.29,4,3.8,18.3,1,1,1,1,1,0,0,1
U03689,dog,Golden Retriever,3-6,organic,mobile,Wednesday,0,0,awareness,3.55,5,3.4,21.8,1,1,0,0,0,0,0,0
U03690,dog,Chihuahua,0-3,social_media,mobile,Thursday,0,0,seasonal,3.53,6,3.2,3.9,1,1,1,4,2,1,1,0
U03691,rabbit,Dutch,0-3,referral,mobile,Saturday,1,0,none,0.87,2,4.5,1.0,0,0,1,4,4,0,0,1
U03692,cat,Persian,6-12,organic,mobile,Sunday,0,0,none,0.57,1,4.2,8.7,1,0,1,3,2,1,0,1
U03693,rabbit,Mixed,0-3,organic,mobile,Monday,0,0,retargeting,2.75,3,4.4,1.7,0,0,0,0,0,0,0,0
U03694,dog,Beagle,0-3,referral,mobile,Sunday,0,0,none,0.58,3,3.3,8.0,1,0,1,1,1,0,0,1
U03695,dog,Bulldog,0-3,organic,desktop,Saturday,0,0,retargeting,3.31,2,4.5,15.0,0,1,0,0,0,1,1,0
U03696,dog,Golden Retriever,0-3,paid_ad,mobile,Wednesday,0,0,awareness,0.94,5,3.6,13.9,0,1,0,0,0,0,0,0
U03697,reptile,Leopard Gecko,0-3,social_media,mobile,Thursday,1,0,seasonal,4.3,3,4.2,17.5,1,1,0,0,0,0,0,0
U03698,cat,Siamese,12-24,organic,mobile,Monday,0,0,seasonal,9.35,1,4.7,2.3,0,1,1,3,5,0,0,1
U03699,bird,Lovebird,3-6,referral,mobile,Monday,1,0,retargeting,3.02,2,4.2,4.2,1,1,1,4,4,1,0,1
U03700,dog,German Shepherd,3-6,organic,tablet,Thursday,0,0,none,3.43,1,3.3,17.9,1,1,1,5,1,0,0,1
U03701,cat,Mixed,0-3,email,desktop,Monday,1,0,none,44.43,8,4.0,3.1,1,1,0,0,0,0,0,0
U03702,cat,Maine Coon,12-24,organic,desktop,Tuesday,0,1,seasonal,0.5,7,3.5,3.6,1,1,1,4,1,0,0,1
U03703,dog,Labrador,0-3,organic,mobile,Sunday,1,0,awareness,1.65,5,4.1,16.9,1,0,1,0,2,0,0,1
U03704,rabbit,Lionhead,0-3,organic,tablet,Friday,0,0,retargeting,1.63,6,3.2,19.5,1,1,1,1,3,0,0,1
U03705,bird,Mixed,24+,organic,mobile,Saturday,0,1,awareness,1.54,5,5.0,5.2,1,0,0,0,0,0,0,0
U03706,bird,Canary,6-12,organic,desktop,Tuesday,0,0,none,1.57,2,4.2,30.8,1,1,0,0,0,0,0,0
U03707,cat,Sphynx,6-12,paid_ad,mobile,Saturday,1,0,none,1.4,3,3.8,27.0,1,1,0,0,0,0,0,0
U03708,dog,Golden Retriever,12-24,social_media,desktop,Sunday,1,0,none,2.32,7,3.7,13.7,1,1,0,0,0,0,0,0
U03709,dog,Beagle,0-3,social_media,desktop,Friday,0,0,retargeting,5.5,6,4.2,26.3,1,1,0,0,0,0,0,0
U03710,reptile,Leopard Gecko,12-24,social_media,mobile,Sunday,0,0,retargeting,1.74,2,4.3,57.3,1,1,0,0,0,0,0,0
U03711,dog,Mixed,6-12,referral,mobile,Sunday,0,0,none,4.64,1,3.5,42.2,1,1,0,0,0,0,0,0
U03712,cat,Ragdoll,3-6,referral,desktop,Saturday,0,1,awareness,5.63,5,4.1,2.0,1,1,1,1,2,0,0,1
U03713,cat,Ragdoll,0-3,paid_ad,mobile,Saturday,0,0,seasonal,0.92,3,4.7,7.2,1,1,1,3,2,1,0,1
U03714,cat,Maine Coon,6-12,paid_ad,mobile,Tuesday,1,1,retargeting,7.56,3,4.6,19.3,1,1,1,3,2,1,1,0
U03715,reptile,Mixed,3-6,social_media,mobile,Wednesday,1,1,awareness,2.24,2,3.4,1.4,0,0,1,3,1,0,0,1
U03716,dog,Poodle,0-3,social_media,mobile,Monday,1,1,none,0.76,4,3.8,2.2,0,1,1,3,1,0,0,1
U03717,dog,Poodle,24+,email,desktop,Monday,1,1,seasonal,1.42,7,4.6,7.7,1,0,0,0,0,0,0,0
U03718,dog,German Shepherd,0-3,email,mobile,Tuesday,0,0,awareness,7.25,1,3.6,1.0,1,1,0,0,0,0,0,0
U03719,cat,Maine Coon,6-12,social_media,mobile,Sunday,0,1,seasonal,5.52,4,4.5,8.7,0,0,0,0,0,0,0,0
U03720,dog,Bulldog,12-24,social_media,desktop,Wednesday,0,0,retargeting,5.51,4,4.4,7.5,1,1,1,5,2,0,0,1
U03721,dog,Poodle,6-12,referral,desktop,Sunday,0,1,retargeting,2.85,5,3.4,18.5,0,1,1,3,1,1,1,0
U03722,rabbit,Mini Rex,24+,paid_ad,mobile,Friday,0,0,seasonal,2.16,2,4.4,1.4,0,1,1,2,2,0,0,1
U03723,bird,Mixed,6-12,social_media,desktop,Wednesday,1,0,retargeting,6.07,6,4.7,8.8,1,1,1,1,1,0,0,1
U03724,dog,Beagle,6-12,paid_ad,mobile,Friday,1,1,none,9.62,2,4.8,49.3,1,0,1,3,0,1,1,0
U03725,dog,Golden Retriever,6-12,organic,mobile,Tuesday,0,0,none,3.69,3,3.5,31.5,1,1,1,2,2,0,0,1
U03726,bird,Cockatiel,24+,organic,tablet,Sunday,0,0,none,1.62,2,5.0,18.8,1,0,1,2,2,0,0,1
U03727,dog,Beagle,3-6,social_media,tablet,Sunday,1,0,none,0.5,4,4.0,57.3,1,1,1,2,1,0,0,1
U03728,dog,Beagle,12-24,social_media,mobile,Monday,1,1,none,0.88,1,3.5,1.4,1,0,1,3,2,1,0,1
U03729,dog,Bulldog,0-3,organic,mobile,Sunday,0,0,awareness,4.78,3,4.4,4.3,1,0,0,0,0,0,0,0
U03730,cat,Ragdoll,6-12,paid_ad,mobile,Saturday,1,0,none,0.8,4,4.4,2.3,1,1,0,0,0,0,0,0
U03731,dog,Labrador,6-12,social_media,mobile,Monday,1,1,awareness,2.99,1,4.2,21.6,0,1,1,1,2,1,1,0
U03732,reptile,Mixed,6-12,email,mobile,Saturday,0,0,seasonal,4.2,1,3.3,29.3,1,0,0,0,0,0,0,0
U03733,cat,Bengal,3-6,organic,mobile,Saturday,0,0,retargeting,1.68,6,3.1,15.4,0,0,1,6,1,0,0,1
U03734,cat,Ragdoll,12-24,organic,tablet,Tuesday,1,1,seasonal,7.19,3,4.5,4.5,1,1,0,0,0,1,1,0
U03735,dog,German Shepherd,6-12,paid_ad,desktop,Saturday,1,0,none,6.79,3,3.7,2.0,0,1,1,1,1,1,1,0
U03736,cat,Maine Coon,12-24,email,mobile,Monday,0,0,awareness,2.63,7,3.2,11.8,1,0,0,0,0,0,0,0
U03737,cat,Ragdoll,24+,referral,desktop,Friday,1,0,none,17.75,2,4.9,2.4,1,1,1,5,0,1,0,1
U03738,rabbit,Dutch,3-6,referral,mobile,Monday,1,0,awareness,4.12,1,4.9,2.6,1,1,0,0,0,0,0,0
U03739,rabbit,Mini Rex,12-24,social_media,mobile,Sunday,1,0,awareness,1.57,3,4.3,12.2,1,0,0,0,0,0,0,0
U03740,cat,Persian,6-12,organic,mobile,Saturday,0,0,none,7.42,3,3.5,1.5,1,0,1,1,1,0,0,1
U03741,bird,Canary,3-6,paid_ad,desktop,Tuesday,1,0,none,8.04,4,5.0,36.7,0,1,1,1,2,0,0,1
U03742,rabbit,Mini Rex,0-3,referral,mobile,Wednesday,0,0,retargeting,5.49,6,3.5,3.5,1,1,1,5,1,0,0,1
U03743,rabbit,Holland Lop,3-6,email,desktop,Tuesday,0,0,retargeting,6.15,3,3.0,26.3,0,1,1,4,2,1,0,1
U03744,dog,Labrador,3-6,paid_ad,desktop,Saturday,1,1,awareness,3.72,8,4.8,12.8,0,1,1,5,3,1,1,0
U03745,dog,Labrador,6-12,paid_ad,mobile,Monday,0,1,none,1.95,3,3.4,2.5,0,1,1,5,5,0,0,1
U03746,dog,Golden Retriever,3-6,social_media,mobile,Sunday,0,0,awareness,4.83,3,4.3,54.0,0,1,1,7,1,0,0,1
U03747,cat,Siamese,3-6,email,desktop,Sunday,1,0,none,1.09,2,3.5,11.0,1,1,1,6,1,1,0,1
U03748,cat,Maine Coon,24+,paid_ad,tablet,Saturday,0,1,seasonal,11.14,1,3.9,4.2,1,0,1,3,2,0,0,1
U03749,cat,Maine Coon,0-3,email,desktop,Tuesday,0,0,seasonal,3.61,1,3.8,3.9,0,1,1,4,2,0,0,1
U03750,bird,Parakeet,0-3,organic,mobile,Thursday,0,1,none,3.48,5,3.7,2.1,0,1,1,2,1,1,1,0
U03751,bird,Cockatiel,12-24,social_media,desktop,Thursday,0,0,none,4.15,6,3.6,12.3,0,0,1,2,2,1,0,1
U03752,bird,Parakeet,3-6,organic,mobile,Friday,0,1,awareness,2.56,3,3.0,14.5,1,0,1,4,4,1,0,1
U03753,dog,German Shepherd,3-6,organic,tablet,Saturday,1,0,none,8.71,4,3.4,13.0,0,1,1,3,1,0,0,1
U03754,cat,Mixed,24+,referral,desktop,Friday,1,0,seasonal,7.69,2,5.0,27.6,0,0,1,2,5,0,0,1
U03755,dog,Poodle,3-6,organic,desktop,Thursday,1,1,retargeting,2.25,7,3.0,1.1,1,1,1,3,0,1,0,1
U03756,dog,Chihuahua,3-6,organic,mobile,Sunday,0,1,none,0.5,3,3.1,1.0,1,1,1,4,2,1,1,0
U03757,dog,Beagle,6-12,social_media,desktop,Monday,1,0,none,14.31,3,3.1,28.0,1,0,0,0,0,0,0,0
U03758,dog,Labrador,3-6,email,mobile,Thursday,0,1,retargeting,9.84,4,4.0,1.9,1,1,0,0,0,0,0,0
U03759,cat,Ragdoll,12-24,social_media,mobile,Saturday,1,0,awareness,0.82,2,3.1,2.3,1,1,0,0,0,0,0,0
U03760,rabbit,Lionhead,3-6,organic,mobile,Monday,0,0,awareness,1.3,3,4.1,11.6,1,0,1,3,1,1,1,0
U03761,dog,Chihuahua,3-6,organic,tablet,Saturday,0,0,none,2.16,4,3.7,7.8,0,1,1,1,3,0,0,1
U03762,cat,Sphynx,6-12,organic,desktop,Saturday,0,0,none,21.62,5,4.8,16.5,0,1,0,0,0,0,0,0
U03763,cat,Siamese,24+,social_media,mobile,Saturday,0,1,retargeting,1.04,5,3.7,3.2,0,1,0,0,0,0,0,0
U03764,dog,Poodle,6-12,organic,desktop,Monday,1,0,awareness,1.42,2,4.6,27.5,1,0,1,3,0,1,1,0
U03765,cat,Mixed,3-6,referral,mobile,Tuesday,1,0,none,0.91,3,4.4,3.7,1,1,0,0,0,0,0,0
U03766,dog,Bulldog,3-6,social_media,mobile,Wednesday,1,0,none,5.96,2,4.9,8.5,1,0,0,0,0,0,0,0
U03767,cat,Mixed,0-3,organic,mobile,Wednesday,1,0,awareness,9.96,1,3.9,1.0,1,1,0,0,0,0,0,0
U03768,cat,Siamese,6-12,paid_ad,desktop,Sunday,0,0,retargeting,3.9,5,4.9,49.9,1,1,1,2,1,1,1,0
U03769,dog,Golden Retriever,0-3,social_media,mobile,Saturday,0,0,none,0.67,2,4.3,5.1,1,0,1,1,0,0,0,1
U03770,dog,Golden Retriever,6-12,email,mobile,Wednesday,1,1,retargeting,4.01,1,3.8,11.4,1,1,1,4,3,1,1,0
U03771,cat,Persian,12-24,organic,desktop,Sunday,0,0,none,1.84,3,4.0,9.7,1,1,0,0,0,0,0,0
U03772,bird,Parakeet,6-12,email,mobile,Saturday,0,0,none,0.5,1,4.5,7.7,0,1,0,0,0,0,0,0
U03773,dog,Poodle,12-24,paid_ad,desktop,Wednesday,1,0,retargeting,16.95,2,4.8,3.0,1,0,0,0,0,0,0,0
U03774,cat,Sphynx,0-3,referral,mobile,Thursday,0,0,retargeting,9.31,3,3.8,14.5,1,1,0,0,0,0,0,0
U03775,cat,Ragdoll,12-24,organic,desktop,Tuesday,0,0,none,29.06,2,4.9,12.2,0,1,1,5,2,1,0,1
U03776,bird,Canary,12-24,social_media,desktop,Sunday,0,0,none,3.85,7,4.0,8.7,1,0,1,4,2,0,0,1
U03777,rabbit,Dutch,3-6,social_media,desktop,Friday,0,0,none,2.09,8,4.5,12.0,1,1,1,1,2,0,0,1
U03778,cat,Siamese,12-24,referral,mobile,Sunday,0,1,retargeting,6.68,3,4.8,15.8,0,1,0,0,0,0,0,0
U03779,cat,Mixed,3-6,referral,desktop,Wednesday,0,0,none,1.55,5,3.4,29.5,1,1,1,4,2,0,0,1
U03780,bird,Cockatiel,12-24,organic,mobile,Sunday,0,1,none,0.98,1,3.4,3.9,1,1,0,0,0,0,0,0
U03781,dog,Labrador,6-12,organic,desktop,Monday,0,0,none,2.3,5,4.4,22.1,1,1,1,3,1,1,0,1
U03782,dog,Chihuahua,3-6,social_media,mobile,Sunday,0,0,awareness,13.78,4,4.3,25.4,0,0,0,0,0,0,0,0
U03783,dog,Mixed,0-3,organic,mobile,Sunday,1,0,retargeting,5.95,6,4.7,20.5,1,1,1,6,0,1,0,1
U03784,rabbit,Mixed,12-24,social_media,desktop,Thursday,0,0,none,0.86,13,4.1,25.6,0,1,0,0,0,0,0,0
U03785,rabbit,Holland Lop,3-6,organic,desktop,Saturday,0,0,awareness,0.58,6,4.5,12.9,1,1,0,0,0,0,0,0
U03786,dog,Beagle,6-12,email,mobile,Saturday,0,1,none,8.42,4,3.3,1.0,0,0,1,2,5,1,1,0
U03787,cat,Maine Coon,6-12,referral,tablet,Sunday,0,0,awareness,10.54,2,4.1,17.8,0,1,1,3,6,0,0,1
U03788,cat,Maine Coon,12-24,referral,tablet,Wednesday,0,0,none,7.23,2,3.0,29.7,1,1,0,0,0,0,0,0
U03789,dog,German Shepherd,0-3,social_media,desktop,Thursday,0,0,none,1.7,5,4.4,4.6,1,1,1,8,2,1,1,0
U03790,reptile,Bearded Dragon,6-12,email,mobile,Sunday,1,0,none,2.29,2,4.9,20.5,0,0,1,2,1,0,0,1
U03791,dog,Labrador,6-12,paid_ad,desktop,Saturday,0,0,retargeting,7.2,6,3.4,1.8,1,1,1,3,5,0,0,1
U03792,dog,Beagle,6-12,organic,mobile,Thursday,1,1,retargeting,12.24,6,3.3,15.6,1,1,0,0,0,0,0,0
U03793,cat,Mixed,12-24,email,mobile,Sunday,0,0,awareness,0.84,3,3.9,1.0,0,1,0,0,0,0,0,0
U03794,cat,Maine Coon,0-3,social_media,tablet,Monday,0,1,none,4.71,3,3.9,11.9,0,1,1,5,1,0,0,1
U03795,dog,Chihuahua,3-6,organic,tablet,Saturday,0,0,none,1.12,1,3.9,31.4,0,1,1,7,1,0,0,1
U03796,cat,Persian,6-12,social_media,tablet,Tuesday,1,0,awareness,3.81,1,3.6,7.1,1,1,0,0,0,0,0,0
U03797,cat,Mixed,3-6,organic,mobile,Wednesday,0,0,seasonal,1.02,4,3.3,3.1,1,1,1,2,3,0,0,1
U03798,dog,Golden Retriever,3-6,email,mobile,Friday,0,0,seasonal,8.23,1,4.8,17.0,1,1,1,1,1,1,0,1
U03799,dog,German Shepherd,3-6,organic,mobile,Thursday,0,0,awareness,1.34,3,3.7,28.0,0,1,1,2,0,0,0,1
U03800,cat,Maine Coon,12-24,social_media,mobile,Friday,1,0,none,2.46,3,3.8,5.4,0,1,1,7,5,1,1,0
U03801,dog,Beagle,3-6,organic,mobile,Friday,1,0,retargeting,2.38,4,3.8,12.8,1,1,1,1,1,1,1,0
U03802,bird,Mixed,12-24,paid_ad,mobile,Wednesday,1,1,none,7.04,3,3.3,16.2,1,0,1,4,2,1,0,1
U03803,rabbit,Mini Rex,3-6,social_media,desktop,Tuesday,0,0,awareness,8.51,5,3.4,7.4,1,1,0,0,0,0,0,0
U03804,reptile,Leopard Gecko,6-12,email,desktop,Saturday,0,1,none,0.5,8,3.0,1.0,1,0,1,2,8,0,0,1
U03805,dog,Beagle,0-3,email,desktop,Thursday,1,0,none,0.54,5,4.0,26.6,1,1,1,2,4,0,0,1
U03806,reptile,Mixed,0-3,social_media,desktop,Friday,0,1,none,4.81,6,4.1,27.3,0,1,1,2,2,0,0,1
U03807,cat,Ragdoll,0-3,organic,mobile,Saturday,0,0,awareness,2.54,2,3.4,1.6,0,1,1,1,1,1,0,1
U03808,dog,Labrador,12-24,paid_ad,mobile,Sunday,1,0,awareness,1.47,2,3.8,13.3,0,1,0,0,0,0,0,0
U03809,dog,Bulldog,12-24,organic,desktop,Saturday,0,1,retargeting,12.27,4,4.4,19.8,0,0,1,4,3,0,0,1
U03810,dog,Beagle,12-24,organic,mobile,Monday,1,0,retargeting,0.63,2,3.5,1.5,1,1,1,2,5,0,0,1
U03811,cat,Persian,6-12,paid_ad,desktop,Sunday,0,0,seasonal,28.48,8,3.7,28.1,0,1,1,2,2,1,1,0
U03812,cat,Sphynx,6-12,organic,mobile,Sunday,0,0,none,0.5,1,4.4,6.6,0,1,1,4,3,0,0,1
U03813,dog,Mixed,6-12,social_media,mobile,Thursday,0,0,awareness,0.57,1,4.2,13.3,1,1,1,2,0,0,0,1
U03814,cat,Siamese,0-3,social_media,desktop,Sunday,1,1,awareness,2.91,5,4.0,7.1,0,0,1,3,5,0,0,1
U03815,dog,Poodle,0-3,social_media,desktop,Friday,0,1,retargeting,5.55,7,4.7,11.3,1,0,1,5,1,0,0,1
U03816,cat,Persian,6-12,paid_ad,tablet,Thursday,0,1,none,1.58,2,3.1,16.1,0,1,1,3,4,1,1,0
U03817,dog,German Shepherd,6-12,email,mobile,Wednesday,1,1,none,6.06,2,4.1,18.5,1,1,0,0,0,0,0,0
U03818,rabbit,Dutch,3-6,email,mobile,Saturday,0,0,none,1.55,4,4.4,7.7,1,0,1,1,0,0,0,1
U03819,rabbit,Mini Rex,6-12,paid_ad,desktop,Wednesday,0,0,seasonal,0.5,4,3.6,1.8,1,1,0,0,0,0,0,0
U03820,cat,Persian,12-24,organic,mobile,Tuesday,1,1,seasonal,9.56,3,3.6,6.3,0,1,1,5,1,0,0,1
U03821,dog,Poodle,12-24,social_media,mobile,Monday,1,0,none,13.1,1,4.0,27.0,1,0,1,1,0,1,1,0
U03822,dog,Chihuahua,6-12,social_media,tablet,Wednesday,0,0,seasonal,6.26,3,3.7,13.4,0,1,1,3,4,1,0,1
U03823,rabbit,Dutch,3-6,social_media,desktop,Thursday,0,0,none,9.86,5,3.8,8.9,1,1,1,8,2,0,0,1
U03824,dog,Beagle,3-6,referral,tablet,Friday,1,1,none,0.84,2,4.4,16.6,1,1,1,2,3,0,0,1
U03825,dog,Labrador,12-24,paid_ad,mobile,Wednesday,0,0,retargeting,1.42,1,3.7,25.5,1,1,1,6,2,0,0,1
U03826,dog,Poodle,3-6,organic,mobile,Sunday,1,1,none,1.79,1,3.1,32.0,0,1,1,4,2,1,1,0
U03827,cat,Sphynx,6-12,organic,desktop,Wednesday,0,0,none,25.26,9,3.2,19.2,1,1,0,0,0,0,0,0
U03828,cat,Mixed,12-24,organic,mobile,Thursday,1,0,seasonal,3.27,1,4.0,1.4,1,1,1,6,2,1,0,1
U03829,rabbit,Mini Rex,3-6,organic,desktop,Tuesday,0,1,awareness,0.5,4,4.9,3.8,0,1,1,2,0,0,0,1
U03830,dog,Labrador,12-24,organic,mobile,Wednesday,0,1,seasonal,2.18,6,3.6,50.4,1,0,1,6,2,0,0,1
U03831,dog,Chihuahua,12-24,social_media,desktop,Monday,0,0,none,0.5,6,3.0,19.3,1,0,1,3,1,1,1,0
U03832,rabbit,Mini Rex,0-3,paid_ad,desktop,Friday,0,0,none,1.63,5,4.6,33.3,1,1,0,0,0,0,0,0
U03833,rabbit,Dutch,0-3,paid_ad,mobile,Saturday,0,0,none,2.12,3,4.5,11.3,0,0,1,1,1,1,1,0
U03834,dog,Bulldog,12-24,organic,mobile,Tuesday,0,1,seasonal,1.78,1,4.7,1.6,1,1,1,5,3,1,0,1
U03835,cat,Maine Coon,24+,social_media,desktop,Thursday,1,0,none,0.5,7,3.9,2.3,0,1,1,1,2,0,0,1
U03836,dog,German Shepherd,3-6,social_media,desktop,Monday,0,0,none,0.96,5,3.2,47.5,1,1,0,0,0,0,0,0
U03837,bird,Canary,6-12,paid_ad,mobile,Sunday,0,1,none,2.8,2,3.3,6.3,0,1,1,2,2,0,0,1
U03838,dog,Chihuahua,12-24,paid_ad,desktop,Saturday,1,0,retargeting,9.28,5,4.9,7.4,1,1,1,3,3,1,0,1
U03839,bird,Cockatiel,0-3,referral,mobile,Monday,1,0,none,1.81,4,4.7,54.9,1,0,0,0,0,0,0,0
U03840,cat,Persian,0-3,social_media,mobile,Thursday,0,1,none,5.98,4,4.2,9.7,1,1,0,0,0,0,0,0
U03841,cat,Bengal,12-24,email,mobile,Sunday,0,1,awareness,0.81,3,3.1,1.0,1,1,0,0,0,0,0,0
U03842,dog,German Shepherd,6-12,organic,tablet,Thursday,0,1,none,0.85,3,3.1,11.8,1,1,1,3,2,1,0,1
U03843,cat,Persian,6-12,email,mobile,Friday,1,0,none,8.32,5,3.4,19.7,1,1,1,7,5,1,1,0
U03844,cat,Persian,6-12,organic,mobile,Thursday,1,1,none,1.89,4,4.3,11.7,1,0,1,1,4,1,1,0
U03845,dog,Poodle,6-12,social_media,desktop,Friday,0,1,seasonal,4.42,8,4.9,15.6,0,1,0,0,0,0,0,0
U03846,cat,Siamese,24+,email,mobile,Sunday,0,0,none,13.42,6,4.2,10.9,1,1,1,2,3,0,0,1
U03847,reptile,Leopard Gecko,6-12,organic,mobile,Sunday,0,0,none,1.93,6,4.7,3.8,1,1,0,0,0,0,0,0
U03848,cat,Sphynx,0-3,organic,mobile,Saturday,0,0,none,0.5,7,4.5,1.4,1,1,1,2,2,1,0,1
U03849,cat,Maine Coon,3-6,organic,desktop,Thursday,0,1,seasonal,21.69,2,3.5,1.0,0,0,1,3,3,1,0,1
U03850,dog,Bulldog,3-6,organic,desktop,Friday,1,1,none,0.5,6,4.2,17.4,0,1,0,0,0,0,0,0
U03851,cat,Maine Coon,3-6,organic,desktop,Thursday,0,1,retargeting,8.47,9,4.4,7.4,1,1,1,2,3,1,1,0
U03852,dog,Golden Retriever,12-24,organic,desktop,Sunday,1,0,seasonal,3.04,5,3.6,10.8,0,1,0,0,0,0,0,0
U03853,cat,Persian,6-12,organic,desktop,Saturday,1,0,none,4.96,7,4.2,1.9,1,1,0,0,0,0,0,0
U03854,bird,Lovebird,6-12,organic,desktop,Thursday,1,0,none,4.75,3,3.3,12.1,1,0,0,0,0,0,0,0
U03855,cat,Mixed,24+,referral,mobile,Monday,0,1,retargeting,2.39,2,4.6,4.3,0,1,1,4,0,0,0,1
U03856,dog,Bulldog,0-3,social_media,mobile,Friday,0,0,retargeting,6.77,2,3.6,25.3,1,1,0,0,0,0,0,0
U03857,dog,Mixed,3-6,organic,desktop,Sunday,0,0,retargeting,20.82,8,3.6,13.6,0,1,1,1,1,0,0,1
U03858,cat,Ragdoll,3-6,social_media,tablet,Friday,1,0,retargeting,0.59,4,4.5,1.0,1,1,1,3,2,1,1,0
U03859,cat,Ragdoll,3-6,paid_ad,mobile,Tuesday,0,0,none,7.33,1,4.6,3.6,1,1,1,2,0,0,0,1
U03860,rabbit,Holland Lop,0-3,email,mobile,Monday,0,0,retargeting,0.5,1,4.5,4.0,1,1,1,4,4,0,0,1
U03861,rabbit,Lionhead,0-3,organic,mobile,Thursday,0,1,none,0.5,1,3.7,24.4,1,1,1,3,1,1,1,0
U03862,cat,Maine Coon,3-6,email,mobile,Sunday,0,0,awareness,14.19,2,4.8,10.1,0,0,1,2,1,1,1,0
U03863,dog,Golden Retriever,0-3,paid_ad,mobile,Sunday,1,0,awareness,3.06,2,4.2,15.5,0,0,0,0,0,0,0,0
U03864,dog,Labrador,24+,paid_ad,mobile,Sunday,0,0,none,0.75,2,3.7,10.0,0,1,0,0,0,0,0,0
U03865,dog,Golden Retriever,0-3,email,mobile,Saturday,0,0,none,3.84,4,3.7,7.8,0,1,0,0,0,0,0,0
U03866,dog,Golden Retriever,6-12,paid_ad,desktop,Friday,0,1,none,2.38,5,3.2,26.0,1,0,1,5,0,1,1,0
U03867,cat,Ragdoll,12-24,paid_ad,mobile,Friday,0,0,awareness,2.84,3,3.3,25.9,1,0,1,2,1,0,0,1
U03868,cat,Sphynx,12-24,email,desktop,Friday,1,0,seasonal,7.64,5,4.3,27.6,0,0,1,5,0,0,0,1
U03869,cat,Mixed,24+,social_media,desktop,Saturday,0,1,awareness,15.87,2,3.6,47.2,1,1,0,0,0,0,0,0
U03870,dog,Golden Retriever,6-12,email,tablet,Thursday,0,0,retargeting,0.5,3,3.5,6.0,1,0,0,0,0,0,0,0
U03871,dog,German Shepherd,3-6,paid_ad,desktop,Saturday,1,1,none,1.88,6,3.0,18.4,0,1,0,0,0,0,0,0
U03872,dog,Chihuahua,6-12,organic,mobile,Tuesday,1,0,none,0.5,4,4.7,6.2,1,0,0,0,0,0,0,0
U03873,dog,Poodle,6-12,referral,tablet,Wednesday,0,0,none,0.66,1,3.5,33.5,1,1,1,3,2,0,0,1
U03874,rabbit,Mini Rex,6-12,organic,desktop,Sunday,0,0,none,17.49,3,3.6,11.3,1,0,1,6,1,0,0,1
U03875,dog,Beagle,3-6,social_media,mobile,Sunday,0,0,awareness,12.51,1,5.0,7.0,0,1,1,4,4,0,0,1
U03876,cat,Sphynx,12-24,paid_ad,mobile,Friday,0,1,seasonal,6.3,2,4.0,1.0,0,0,1,5,1,1,1,0
U03877,dog,Mixed,6-12,organic,mobile,Monday,0,1,awareness,4.69,2,4.1,16.8,0,0,0,0,0,0,0,0
U03878,bird,Cockatiel,6-12,social_media,mobile,Sunday,0,0,awareness,6.59,4,3.1,9.1,1,0,0,0,0,0,0,0
U03879,cat,Ragdoll,3-6,organic,mobile,Saturday,1,0,none,0.5,3,4.0,1.5,1,0,1,1,2,0,0,1
U03880,dog,Bulldog,3-6,social_media,tablet,Thursday,0,1,none,0.83,4,3.9,7.2,1,1,0,0,0,1,1,0
U03881,cat,Bengal,3-6,organic,mobile,Friday,1,0,none,1.74,6,4.7,10.8,0,1,1,3,2,1,0,1
U03882,cat,Siamese,6-12,social_media,desktop,Thursday,1,0,retargeting,13.94,5,4.0,6.0,1,0,1,7,2,0,0,1
U03883,reptile,Mixed,0-3,social_media,desktop,Thursday,1,0,awareness,3.83,5,4.7,22.0,1,1,1,4,1,1,0,1
U03884,dog,Chihuahua,24+,referral,desktop,Sunday,0,0,none,5.46,5,4.5,20.0,1,1,1,3,0,0,0,1
U03885,bird,Cockatiel,3-6,referral,desktop,Tuesday,1,0,awareness,1.56,8,3.0,1.9,1,1,0,0,0,0,0,0
U03886,bird,Cockatiel,12-24,organic,tablet,Tuesday,1,0,awareness,5.23,7,4.9,10.8,1,1,1,1,3,0,0,1
U03887,bird,Cockatiel,3-6,paid_ad,mobile,Monday,0,0,none,7.66,4,3.1,9.2,1,1,1,4,3,0,0,1
U03888,cat,Persian,0-3,organic,tablet,Wednesday,0,1,awareness,2.6,1,3.1,21.0,1,1,0,0,0,0,0,0
U03889,cat,Sphynx,0-3,organic,desktop,Tuesday,0,0,retargeting,7.53,4,3.6,10.0,1,1,1,0,2,0,0,1
U03890,cat,Ragdoll,0-3,organic,mobile,Tuesday,0,0,none,1.84,2,3.8,5.7,1,1,0,0,0,0,0,0
U03891,rabbit,Dutch,3-6,referral,desktop,Monday,0,0,retargeting,9.44,7,3.4,9.5,1,0,0,0,0,0,0,0
U03892,cat,Ragdoll,3-6,referral,desktop,Wednesday,0,1,none,5.03,1,4.0,9.7,1,1,1,2,0,0,0,1
U03893,cat,Persian,0-3,organic,tablet,Wednesday,1,0,retargeting,2.7,1,4.9,3.0,1,0,1,1,2,1,1,0
U03894,cat,Persian,6-12,organic,mobile,Monday,0,0,seasonal,2.48,2,4.1,6.6,0,1,1,0,2,1,0,1
U03895,cat,Mixed,0-3,organic,desktop,Friday,1,1,awareness,0.75,5,3.2,8.0,1,0,1,3,3,1,1,0
U03896,rabbit,Holland Lop,6-12,social_media,mobile,Friday,0,0,none,7.04,1,4.8,1.0,0,1,1,1,3,1,0,1
U03897,dog,Golden Retriever,6-12,email,mobile,Monday,1,0,none,14.43,2,3.2,14.9,1,1,1,2,0,0,0,1
U03898,rabbit,Holland Lop,6-12,organic,mobile,Friday,0,1,none,2.27,2,3.9,3.6,1,1,0,0,0,0,0,0
U03899,cat,Siamese,6-12,paid_ad,mobile,Sunday,0,0,none,1.14,4,3.9,6.2,1,0,1,1,2,1,1,0
U03900,rabbit,Mixed,0-3,social_media,desktop,Sunday,1,0,retargeting,6.56,4,4.5,3.0,0,1,1,5,4,0,0,1
U03901,cat,Maine Coon,6-12,referral,mobile,Monday,0,0,none,2.74,10,4.4,20.4,1,1,0,0,0,0,0,0
U03902,dog,Beagle,24+,email,mobile,Saturday,0,1,none,1.32,5,4.2,12.1,0,1,0,0,0,0,0,0
U03903,bird,Parakeet,24+,social_media,mobile,Thursday,1,0,retargeting,0.5,5,4.3,3.3,1,1,0,0,0,0,0,0
U03904,dog,German Shepherd,3-6,paid_ad,mobile,Monday,0,1,retargeting,10.03,1,4.5,3.3,1,1,0,0,0,1,0,0
U03905,rabbit,Holland Lop,12-24,paid_ad,mobile,Wednesday,1,1,none,5.58,4,3.3,3.9,0,1,1,0,1,0,0,1
U03906,cat,Sphynx,3-6,organic,mobile,Wednesday,0,0,retargeting,8.04,3,5.0,47.8,1,1,0,0,0,0,0,0
U03907,cat,Persian,0-3,social_media,desktop,Friday,0,1,seasonal,4.52,4,4.1,9.6,1,1,1,2,2,1,1,0
U03908,dog,Labrador,12-24,referral,mobile,Saturday,0,0,none,6.37,3,4.4,39.8,0,1,0,0,0,0,0,0
U03909,cat,Persian,3-6,organic,mobile,Saturday,1,0,awareness,3.96,3,4.2,71.4,1,1,1,2,2,0,0,1
U03910,dog,Chihuahua,12-24,organic,mobile,Wednesday,0,0,retargeting,2.14,2,4.8,10.7,1,0,1,2,3,0,0,1
U03911,dog,Mixed,3-6,social_media,desktop,Wednesday,1,0,retargeting,14.43,8,4.2,1.3,0,1,0,0,0,0,0,0
U03912,dog,Labrador,0-3,paid_ad,mobile,Wednesday,1,0,none,30.44,5,3.2,25.0,1,1,1,2,2,0,0,1
U03913,dog,Beagle,12-24,paid_ad,desktop,Thursday,0,0,none,17.9,8,4.7,14.1,1,1,1,0,1,0,0,1
U03914,reptile,Bearded Dragon,0-3,referral,desktop,Sunday,0,0,retargeting,8.98,4,3.2,1.1,1,0,0,0,0,0,0,0
U03915,reptile,Mixed,3-6,social_media,desktop,Saturday,1,0,seasonal,8.26,10,4.0,10.1,1,1,1,4,1,1,0,1
U03916,dog,Mixed,6-12,organic,mobile,Sunday,0,1,retargeting,4.78,2,3.4,16.3,1,1,1,3,5,0,0,1
U03917,cat,Sphynx,12-24,email,desktop,Saturday,0,0,seasonal,14.99,6,3.2,8.8,1,1,1,4,1,1,0,1
U03918,dog,Labrador,0-3,paid_ad,desktop,Thursday,0,1,awareness,5.3,3,3.2,12.9,1,1,0,0,0,1,1,0
U03919,cat,Persian,0-3,organic,mobile,Thursday,1,1,seasonal,0.91,1,4.7,41.0,1,1,1,5,2,0,0,1
U03920,rabbit,Holland Lop,3-6,organic,desktop,Friday,1,0,retargeting,8.77,5,3.7,2.3,1,1,1,3,1,0,0,1
U03921,bird,Parakeet,3-6,organic,tablet,Thursday,0,0,seasonal,12.6,2,3.7,9.9,1,1,1,7,3,0,0,1
U03922,cat,Siamese,6-12,email,desktop,Saturday,0,0,none,3.26,4,4.4,1.0,1,0,1,2,1,1,1,0
U03923,rabbit,Mini Rex,3-6,paid_ad,desktop,Thursday,1,1,retargeting,9.17,4,4.7,8.6,1,1,1,2,2,0,0,1
U03924,dog,Poodle,6-12,email,desktop,Wednesday,0,0,none,2.49,2,4.6,3.5,1,1,0,0,0,0,0,0
U03925,reptile,Bearded Dragon,6-12,referral,desktop,Saturday,1,0,none,17.15,8,4.3,3.9,0,1,1,3,4,1,1,0
U03926,dog,Poodle,12-24,organic,desktop,Sunday,0,0,awareness,8.97,8,4.4,3.9,1,0,1,3,0,1,0,1
U03927,cat,Bengal,6-12,referral,desktop,Thursday,1,0,none,6.57,8,4.2,21.4,1,1,1,2,1,0,0,1
U03928,cat,Maine Coon,24+,paid_ad,desktop,Saturday,1,0,none,11.81,6,4.7,10.6,0,0,0,0,0,0,0,0
U03929,cat,Ragdoll,6-12,social_media,mobile,Monday,0,0,seasonal,7.63,3,3.7,7.2,0,1,0,0,0,0,0,0
U03930,dog,Bulldog,3-6,referral,mobile,Friday,0,0,retargeting,10.14,1,3.5,1.0,1,1,1,4,2,1,1,0
U03931,bird,Cockatiel,24+,organic,desktop,Monday,0,1,seasonal,13.88,5,3.4,27.1,1,1,1,6,1,1,0,1
U03932,dog,Labrador,0-3,paid_ad,mobile,Monday,0,1,seasonal,0.5,4,4.2,1.0,1,1,1,2,2,0,0,1
U03933,cat,Persian,0-3,paid_ad,desktop,Friday,0,0,none,1.02,4,3.5,24.7,0,1,0,0,0,0,0,0
U03934,dog,Beagle,12-24,paid_ad,tablet,Wednesday,1,1,none,11.37,2,3.3,19.5,0,1,1,6,4,0,0,1
U03935,dog,Golden Retriever,6-12,email,desktop,Saturday,0,1,none,22.77,4,4.9,1.9,1,0,1,4,1,0,0,1
U03936,cat,Bengal,0-3,organic,tablet,Sunday,0,0,awareness,2.39,3,3.8,14.5,1,0,0,0,0,0,0,0
U03937,cat,Ragdoll,0-3,social_media,desktop,Tuesday,1,0,awareness,0.5,8,4.8,1.0,0,1,1,2,3,0,0,1
U03938,dog,Labrador,0-3,social_media,mobile,Saturday,0,1,awareness,1.77,5,4.4,3.8,1,1,1,0,3,1,1,0
U03939,dog,Labrador,24+,paid_ad,desktop,Friday,0,0,none,3.76,7,3.7,4.1,1,1,1,5,2,0,0,1
U03940,cat,Bengal,6-12,paid_ad,mobile,Tuesday,1,1,none,6.51,5,3.3,59.3,1,0,0,0,0,0,0,0
U03941,rabbit,Dutch,12-24,referral,mobile,Saturday,1,0,awareness,0.5,2,4.7,12.7,1,1,0,0,0,0,0,0
U03942,bird,Lovebird,0-3,organic,mobile,Friday,0,0,none,0.84,2,4.8,1.0,1,1,1,2,1,0,0,1
U03943,dog,Bulldog,3-6,paid_ad,mobile,Friday,0,0,seasonal,10.21,5,3.4,2.1,0,1,1,2,1,0,0,1
U03944,dog,Poodle,6-12,referral,mobile,Sunday,0,0,none,0.77,1,4.3,3.2,1,1,0,0,0,0,0,0
U03945,dog,Poodle,6-12,paid_ad,mobile,Friday,1,0,none,6.48,2,4.1,25.9,1,0,1,6,0,0,0,1
U03946,dog,Labrador,3-6,organic,desktop,Sunday,1,0,none,3.5,4,4.9,17.0,0,1,1,3,3,0,0,1
U03947,cat,Siamese,0-3,organic,desktop,Friday,1,0,retargeting,8.48,5,4.3,9.9,0,1,1,4,2,0,0,1
U03948,cat,Bengal,6-12,organic,mobile,Tuesday,0,0,none,0.5,1,3.5,25.0,1,1,1,8,1,1,0,1
U03949,dog,Labrador,6-12,email,mobile,Thursday,0,0,none,1.54,1,4.4,9.6,0,1,1,3,1,0,0,1
U03950,dog,Bulldog,3-6,email,desktop,Tuesday,1,1,awareness,4.31,5,4.1,25.4,1,1,1,4,2,1,1,0
U03951,dog,German Shepherd,24+,referral,desktop,Friday,0,0,seasonal,15.18,4,3.7,3.7,0,1,0,0,0,1,1,0
U03952,rabbit,Mini Rex,12-24,social_media,tablet,Saturday,0,1,seasonal,4.14,2,4.2,39.7,1,1,1,5,3,0,0,1
U03953,reptile,Ball Python,3-6,social_media,mobile,Thursday,0,1,none,0.5,3,4.9,47.3,1,1,0,0,0,0,0,0
U03954,dog,Labrador,0-3,email,desktop,Monday,1,0,retargeting,12.63,6,4.6,15.2,1,1,1,3,4,1,1,0
U03955,dog,Mixed,12-24,paid_ad,mobile,Thursday,0,0,none,0.5,2,4.5,15.1,1,1,1,1,5,1,0,1
U03956,bird,Canary,3-6,referral,desktop,Monday,0,1,none,16.34,7,3.2,12.5,1,1,1,4,1,0,0,1
U03957,bird,Lovebird,6-12,paid_ad,mobile,Saturday,0,1,awareness,0.83,4,3.2,8.5,1,1,1,4,2,0,0,1
U03958,cat,Sphynx,6-12,social_media,mobile,Saturday,0,0,none,3.05,6,4.2,3.0,1,1,0,0,0,0,0,0
U03959,dog,Mixed,6-12,email,mobile,Sunday,1,1,retargeting,0.5,2,3.1,3.2,1,1,1,2,1,1,1,0
U03960,dog,German Shepherd,6-12,paid_ad,mobile,Tuesday,0,0,seasonal,3.75,1,4.3,15.9,1,1,1,2,1,1,0,1
U03961,cat,Sphynx,3-6,social_media,mobile,Friday,0,0,none,3.13,4,3.6,9.4,0,1,1,1,5,1,0,1
U03962,dog,Mixed,0-3,organic,desktop,Friday,0,0,none,4.12,5,3.3,3.8,0,1,1,2,1,0,0,1
U03963,dog,Golden Retriever,0-3,organic,desktop,Sunday,0,0,awareness,0.5,3,3.1,1.4,1,1,1,0,4,0,0,1
U03964,cat,Siamese,0-3,organic,desktop,Friday,0,1,awareness,16.47,2,3.4,48.0,0,0,1,3,2,1,1,0
U03965,dog,Labrador,12-24,paid_ad,mobile,Tuesday,0,1,seasonal,7.38,2,4.4,17.5,1,1,1,2,0,0,0,1
U03966,rabbit,Holland Lop,24+,organic,mobile,Thursday,1,0,seasonal,3.51,1,3.9,3.2,1,1,1,0,3,0,0,1
U03967,dog,Golden Retriever,3-6,organic,tablet,Saturday,0,0,awareness,5.52,3,3.1,20.8,0,1,1,4,2,0,0,1
U03968,dog,Beagle,3-6,organic,desktop,Saturday,0,0,none,9.26,3,3.1,2.8,1,1,0,0,0,0,0,0
U03969,cat,Persian,3-6,email,mobile,Sunday,0,0,retargeting,0.71,3,4.2,13.3,1,1,1,2,0,0,0,1
U03970,dog,Golden Retriever,0-3,social_media,mobile,Tuesday,0,0,none,12.27,2,4.7,12.6,0,1,0,0,0,0,0,0
U03971,reptile,Bearded Dragon,6-12,email,desktop,Sunday,0,0,seasonal,2.01,7,4.2,1.7,0,1,1,1,0,0,0,1
U03972,cat,Bengal,3-6,organic,mobile,Monday,1,0,none,4.86,6,3.8,16.4,1,1,1,1,3,1,1,0
U03973,dog,German Shepherd,3-6,organic,mobile,Sunday,0,0,awareness,4.25,2,3.9,12.2,1,0,0,0,0,0,0,0
U03974,cat,Mixed,12-24,social_media,desktop,Sunday,0,1,none,7.9,4,3.8,24.3,1,1,0,0,0,0,0,0
U03975,dog,Golden Retriever,6-12,social_media,desktop,Saturday,0,1,awareness,16.47,4,4.8,35.8,1,1,1,0,2,0,0,1
U03976,bird,Canary,0-3,organic,desktop,Saturday,0,0,awareness,2.11,1,3.3,18.4,0,1,0,0,0,0,0,0
U03977,dog,Poodle,0-3,organic,mobile,Monday,0,0,retargeting,6.29,3,3.8,5.4,1,0,0,0,0,0,0,0
U03978,cat,Sphynx,6-12,paid_ad,mobile,Monday,1,0,retargeting,4.15,3,3.6,5.9,1,1,1,4,3,0,0,1
U03979,dog,Bulldog,0-3,email,tablet,Tuesday,0,0,awareness,0.51,2,4.2,5.6,0,0,1,1,1,0,0,1
U03980,cat,Ragdoll,0-3,organic,desktop,Monday,0,1,none,4.17,6,4.4,29.9,0,1,1,3,2,1,0,1
U03981,rabbit,Mini Rex,6-12,organic,mobile,Friday,1,0,seasonal,6.37,3,4.0,9.9,1,0,1,5,5,1,0,1
U03982,rabbit,Lionhead,24+,referral,mobile,Tuesday,0,0,retargeting,1.33,3,5.0,47.8,0,1,1,2,1,0,0,1
U03983,dog,Beagle,6-12,email,mobile,Sunday,0,0,none,3.0,3,3.5,16.0,0,1,0,0,0,0,0,0
U03984,dog,Golden Retriever,6-12,social_media,mobile,Thursday,0,1,retargeting,3.05,2,3.0,13.9,0,1,0,0,0,0,0,0
U03985,rabbit,Holland Lop,12-24,paid_ad,desktop,Saturday,0,0,seasonal,5.77,3,4.4,34.4,0,1,0,0,0,0,0,0
U03986,bird,Canary,3-6,paid_ad,tablet,Saturday,0,0,awareness,10.77,1,3.5,13.4,1,1,1,5,2,0,0,1
U03987,dog,German Shepherd,0-3,paid_ad,mobile,Wednesday,0,1,none,0.87,2,4.9,26.0,1,1,1,4,1,0,0,1
U03988,cat,Maine Coon,6-12,social_media,mobile,Wednesday,0,0,awareness,3.2,4,4.6,10.4,1,1,1,1,0,1,0,1
U03989,dog,German Shepherd,0-3,social_media,desktop,Wednesday,1,0,none,4.31,3,4.3,13.7,1,1,1,1,2,0,0,1
U03990,bird,Mixed,0-3,organic,mobile,Saturday,1,0,retargeting,1.23,2,4.4,4.5,0,1,1,1,1,1,1,0
U03991,dog,Golden Retriever,0-3,referral,tablet,Friday,1,1,awareness,16.39,1,4.6,31.4,1,0,1,2,2,1,0,1
U03992,dog,German Shepherd,0-3,email,desktop,Wednesday,1,1,seasonal,0.5,3,4.4,4.9,1,1,1,5,2,0,0,1
U03993,rabbit,Mini Rex,6-12,organic,tablet,Saturday,0,0,awareness,0.65,4,3.6,49.6,0,1,0,0,0,0,0,0
U03994,dog,Mixed,6-12,referral,mobile,Monday,0,0,none,6.01,6,4.0,7.3,1,1,1,3,2,0,0,1
U03995,cat,Mixed,3-6,referral,mobile,Saturday,0,0,retargeting,1.39,3,3.6,8.6,0,1,1,0,4,0,0,1
U03996,cat,Bengal,3-6,referral,mobile,Thursday,1,0,none,5.84,4,4.4,10.2,1,1,0,0,0,0,0,0
U03997,dog,Poodle,0-3,paid_ad,mobile,Saturday,0,0,none,8.12,2,3.0,7.3,0,1,1,1,5,0,0,1
U03998,dog,Beagle,0-3,referral,mobile,Sunday,0,0,none,1.34,4,3.8,12.8,0,1,1,1,1,1,1,0
U03999,cat,Mixed,6-12,organic,tablet,Saturday,1,0,none,1.39,3,3.3,15.7,0,0,1,1,2,1,1,0
U04000,dog,Labrador,6-12,paid_ad,desktop,Thursday,1,1,seasonal,1.22,7,4.9,2.8,1,0,1,3,2,0,0,1
U04001,cat,Mixed,12-24,paid_ad,desktop,Tuesday,1,0,awareness,1.74,4,4.4,26.6,0,1,1,3,4,0,0,1
U04002,rabbit,Lionhead,0-3,organic,mobile,Saturday,0,0,retargeting,1.09,3,4.0,16.2,0,0,1,1,3,1,1,0
U04003,rabbit,Dutch,12-24,organic,desktop,Thursday,0,0,none,12.18,5,3.5,20.4,1,1,0,0,0,0,0,0
U04004,dog,Beagle,6-12,referral,desktop,Monday,0,0,retargeting,11.46,6,3.0,42.2,1,0,0,0,0,0,0,0
U04005,dog,Golden Retriever,3-6,organic,mobile,Saturday,0,0,awareness,0.5,3,4.5,24.9,0,1,0,0,0,0,0,0
U04006,dog,Golden Retriever,3-6,paid_ad,tablet,Wednesday,0,0,awareness,13.47,1,4.0,14.4,0,1,1,2,1,0,0,1
U04007,dog,Chihuahua,12-24,organic,mobile,Monday,0,1,seasonal,0.5,4,3.2,5.4,1,1,1,7,0,1,0,1
U04008,cat,Mixed,6-12,organic,mobile,Sunday,0,1,awareness,4.85,1,4.2,13.6,0,1,0,0,0,0,0,0
U04009,cat,Persian,12-24,social_media,mobile,Friday,0,0,retargeting,0.75,5,3.1,1.0,0,1,0,0,0,0,0,0
U04010,dog,German Shepherd,3-6,organic,desktop,Wednesday,1,0,none,0.5,6,3.9,14.5,0,0,1,3,1,1,0,1
U04011,dog,Poodle,6-12,email,desktop,Saturday,1,0,none,11.12,5,3.9,8.5,1,1,0,0,0,0,0,0
U04012,dog,Golden Retriever,12-24,email,mobile,Sunday,0,1,seasonal,2.86,3,4.7,17.8,1,0,1,5,2,0,0,1
U04013,cat,Maine Coon,6-12,organic,mobile,Monday,0,0,retargeting,4.16,4,5.0,5.0,1,1,1,2,1,0,0,1
U04014,dog,Labrador,6-12,organic,mobile,Saturday,0,0,awareness,2.52,3,3.3,14.5,1,1,0,0,0,0,0,0
U04015,cat,Sphynx,3-6,social_media,mobile,Saturday,0,1,seasonal,0.5,4,4.4,23.9,1,1,1,4,2,0,0,1
U04016,dog,Golden Retriever,0-3,organic,mobile,Tuesday,1,1,awareness,6.12,2,4.7,1.6,0,1,1,5,5,0,0,1
U04017,bird,Mixed,24+,paid_ad,mobile,Friday,1,1,awareness,6.01,3,3.9,17.0,1,0,0,0,0,0,0,0
U04018,bird,Canary,0-3,social_media,mobile,Monday,1,1,none,0.5,4,3.7,52.7,1,1,1,4,2,1,0,1
U04019,dog,Mixed,0-3,organic,desktop,Saturday,0,0,awareness,3.67,7,3.0,31.3,1,1,1,2,1,0,0,1
U04020,dog,Poodle,12-24,social_media,mobile,Sunday,1,1,none,3.71,3,4.1,2.3,1,1,0,0,0,0,0,0
U04021,cat,Maine Coon,12-24,organic,desktop,Tuesday,0,0,none,7.25,7,3.4,8.9,0,0,0,0,0,0,0,0
U04022,dog,German Shepherd,0-3,organic,mobile,Saturday,0,1,seasonal,3.93,6,3.1,4.1,0,1,1,3,0,0,0,1
U04023,cat,Sphynx,6-12,organic,mobile,Saturday,0,0,none,5.37,6,3.0,1.1,1,1,1,3,5,1,0,1
U04024,rabbit,Holland Lop,12-24,paid_ad,mobile,Wednesday,1,0,none,11.92,3,4.9,23.4,0,1,0,0,0,0,0,0
U04025,cat,Maine Coon,12-24,referral,mobile,Saturday,0,0,none,2.25,3,4.7,26.7,0,1,1,1,2,0,0,1
U04026,rabbit,Dutch,0-3,paid_ad,mobile,Monday,0,0,none,2.85,10,4.9,16.0,1,1,1,5,0,0,0,1
U04027,dog,Mixed,0-3,social_media,desktop,Sunday,0,0,none,9.37,6,4.9,1.4,0,1,1,1,0,0,0,1
U04028,dog,Mixed,6-12,organic,tablet,Friday,0,0,none,5.83,2,4.3,1.2,1,1,1,1,3,0,0,1
U04029,cat,Ragdoll,3-6,social_media,mobile,Friday,0,0,awareness,2.22,3,4.2,12.3,0,1,1,2,2,0,0,1
U04030,dog,Bulldog,0-3,paid_ad,mobile,Saturday,0,0,awareness,4.45,1,4.7,34.9,1,1,1,5,3,0,0,1
U04031,cat,Persian,0-3,referral,tablet,Friday,0,0,retargeting,6.83,5,4.9,2.9,0,1,1,3,3,1,1,0
U04032,dog,Beagle,24+,organic,mobile,Sunday,1,0,seasonal,4.0,5,4.2,15.0,1,1,0,0,0,0,0,0
U04033,dog,Poodle,3-6,organic,desktop,Friday,0,0,awareness,1.79,2,3.2,10.4,1,0,1,3,0,0,0,1
U04034,reptile,Leopard Gecko,3-6,email,tablet,Sunday,0,1,none,3.53,1,3.3,4.5,1,1,1,1,1,1,1,0
U04035,dog,Labrador,0-3,paid_ad,tablet,Friday,0,0,none,14.02,2,4.3,8.2,1,0,0,0,0,0,0,0
U04036,reptile,Bearded Dragon,6-12,paid_ad,mobile,Tuesday,1,0,retargeting,7.1,2,3.2,9.0,0,1,1,0,1,0,0,1
U04037,reptile,Leopard Gecko,6-12,email,mobile,Sunday,0,0,retargeting,4.86,4,4.2,2.4,0,1,0,0,0,0,0,0
U04038,rabbit,Mini Rex,3-6,referral,mobile,Saturday,1,1,none,4.18,4,4.9,2.9,1,0,1,2,2,0,0,1
U04039,cat,Mixed,3-6,social_media,desktop,Saturday,0,0,none,1.3,6,3.0,16.7,1,0,1,3,1,0,0,1
U04040,cat,Bengal,3-6,referral,tablet,Sunday,0,0,retargeting,4.0,2,3.4,2.0,0,1,1,2,4,0,0,1
U04041,bird,Parakeet,12-24,referral,desktop,Monday,1,1,awareness,0.71,5,4.9,22.7,1,1,0,0,0,0,0,0
U04042,dog,Beagle,12-24,paid_ad,desktop,Thursday,0,1,awareness,13.26,8,4.0,28.2,1,1,1,3,1,0,0,1
U04043,cat,Bengal,0-3,social_media,desktop,Wednesday,0,1,none,2.68,3,3.6,1.8,1,0,0,0,0,1,1,0
U04044,cat,Maine Coon,3-6,organic,desktop,Saturday,0,0,awareness,11.36,6,3.5,43.3,0,1,0,0,0,0,0,0
U04045,cat,Ragdoll,0-3,social_media,desktop,Saturday,0,1,retargeting,13.14,5,4.7,57.0,1,1,1,0,2,1,0,1
U04046,cat,Siamese,0-3,social_media,desktop,Sunday,0,0,seasonal,17.4,6,3.9,1.0,0,1,0,0,0,0,0,0
U04047,dog,Labrador,24+,paid_ad,mobile,Thursday,1,1,retargeting,6.38,6,4.3,1.0,1,1,1,2,1,0,0,1
U04048,cat,Sphynx,6-12,organic,mobile,Saturday,1,1,awareness,3.78,1,3.6,44.4,0,1,1,4,3,0,0,1
U04049,bird,Mixed,0-3,organic,desktop,Sunday,0,1,retargeting,5.47,9,4.1,1.4,0,0,1,4,5,1,1,0
U04050,dog,German Shepherd,24+,paid_ad,mobile,Saturday,0,0,awareness,1.76,2,4.6,4.7,1,1,1,3,0,0,0,1
U04051,bird,Parakeet,6-12,organic,mobile,Wednesday,1,1,none,0.68,6,3.7,9.6,0,1,1,4,2,1,0,1
U04052,cat,Ragdoll,6-12,social_media,desktop,Friday,0,0,seasonal,1.09,6,3.8,2.6,1,0,1,1,0,1,0,1
U04053,rabbit,Lionhead,24+,social_media,desktop,Sunday,0,0,awareness,1.21,2,3.9,8.1,1,1,0,0,0,0,0,0
U04054,cat,Ragdoll,24+,email,tablet,Sunday,1,0,awareness,17.66,4,4.2,39.3,1,1,1,3,2,0,0,1
U04055,rabbit,Lionhead,24+,organic,mobile,Saturday,1,0,seasonal,0.63,1,3.6,32.7,0,1,1,1,3,0,0,1
U04056,dog,Bulldog,12-24,paid_ad,desktop,Sunday,1,0,seasonal,10.03,4,3.9,2.5,0,1,1,5,0,1,0,1
U04057,rabbit,Mini Rex,12-24,social_media,mobile,Tuesday,1,0,awareness,0.71,4,4.1,43.3,0,0,0,0,0,0,0,0
U04058,dog,Beagle,3-6,referral,tablet,Wednesday,1,0,none,24.05,1,3.7,18.6,1,1,1,4,2,1,1,0
U04059,bird,Canary,0-3,social_media,mobile,Sunday,0,0,none,1.6,1,3.0,53.0,0,1,0,0,0,0,0,0
U04060,reptile,Leopard Gecko,3-6,organic,desktop,Tuesday,1,1,seasonal,3.19,4,3.5,2.9,0,1,0,0,0,0,0,0
U04061,dog,Bulldog,24+,organic,desktop,Tuesday,0,1,none,4.04,5,4.6,1.0,1,1,0,0,0,0,0,0
U04062,dog,German Shepherd,3-6,organic,mobile,Thursday,0,0,seasonal,7.71,6,3.6,8.0,1,1,1,0,2,0,0,1
U04063,rabbit,Holland Lop,3-6,social_media,tablet,Friday,0,1,none,1.23,5,4.6,67.5,1,1,1,2,2,1,1,0
U04064,dog,Labrador,6-12,organic,desktop,Friday,1,0,awareness,13.87,2,3.8,9.1,0,1,1,1,1,0,0,1
U04065,bird,Canary,3-6,social_media,mobile,Wednesday,0,1,awareness,3.75,1,4.7,15.5,1,0,0,0,0,0,0,0
U04066,dog,Golden Retriever,6-12,email,mobile,Sunday,1,0,none,1.13,1,3.8,11.6,1,0,1,1,2,1,0,1
U04067,dog,Beagle,6-12,organic,mobile,Sunday,0,1,seasonal,0.5,3,3.6,33.9,1,1,1,3,1,1,0,1
U04068,reptile,Bearded Dragon,3-6,organic,mobile,Thursday,0,1,awareness,5.22,3,3.5,30.5,0,1,0,0,0,0,0,0
U04069,cat,Maine Coon,6-12,paid_ad,desktop,Thursday,1,0,none,1.93,5,3.6,48.9,0,1,1,3,1,0,0,1
U04070,rabbit,Holland Lop,6-12,referral,tablet,Saturday,1,0,none,10.99,4,3.4,14.1,0,0,1,4,1,0,0,1
U04071,dog,Poodle,0-3,organic,mobile,Saturday,1,0,retargeting,0.63,2,4.5,12.4,0,0,1,1,3,0,0,1
U04072,cat,Ragdoll,0-3,organic,mobile,Thursday,0,0,none,4.36,2,5.0,1.0,1,1,1,5,0,0,0,1
U04073,cat,Sphynx,0-3,referral,mobile,Thursday,1,0,seasonal,5.36,6,3.8,5.5,0,0,1,3,1,0,0,1
U04074,cat,Sphynx,12-24,organic,mobile,Wednesday,1,0,none,4.88,1,3.7,6.7,1,1,1,2,1,0,0,1
U04075,cat,Siamese,12-24,referral,mobile,Wednesday,0,0,none,1.73,4,4.3,10.5,1,0,1,5,6,0,0,1
U04076,cat,Ragdoll,3-6,organic,mobile,Thursday,0,0,none,9.48,2,3.9,2.0,1,1,0,0,0,0,0,0
U04077,cat,Mixed,0-3,paid_ad,mobile,Saturday,0,1,none,6.68,5,3.1,11.5,1,1,0,0,0,0,0,0
U04078,dog,Bulldog,0-3,social_media,desktop,Saturday,1,1,none,5.57,6,3.7,4.6,0,1,1,2,2,1,1,0
U04079,rabbit,Mini Rex,24+,referral,desktop,Saturday,0,0,seasonal,5.55,5,4.6,52.5,1,1,1,4,3,0,0,1
U04080,dog,Bulldog,3-6,social_media,mobile,Thursday,0,0,none,3.8,4,3.1,3.5,0,1,1,3,2,0,0,1
U04081,cat,Maine Coon,0-3,email,desktop,Saturday,1,0,none,22.87,6,3.5,2.9,1,1,1,3,4,1,0,1
U04082,dog,Chihuahua,0-3,organic,desktop,Monday,0,0,none,17.69,4,4.9,10.8,1,1,0,0,0,0,0,0
U04083,cat,Persian,6-12,organic,desktop,Thursday,1,0,awareness,2.09,4,3.6,39.0,0,0,1,4,3,1,0,1
U04084,cat,Sphynx,12-24,paid_ad,mobile,Saturday,0,1,retargeting,1.39,3,4.7,1.8,0,1,1,1,2,0,0,1
U04085,dog,Mixed,24+,social_media,desktop,Saturday,0,1,retargeting,31.1,2,4.8,37.5,1,1,1,7,1,1,0,1
U04086,dog,Poodle,12-24,referral,desktop,Thursday,0,0,none,2.11,4,4.4,1.7,0,1,0,0,0,0,0,0
U04087,dog,Labrador,0-3,social_media,mobile,Saturday,1,0,retargeting,13.96,2,3.9,2.8,0,1,1,1,2,1,0,1
U04088,cat,Sphynx,12-24,paid_ad,mobile,Sunday,1,1,awareness,4.77,1,4.9,2.6,1,0,0,0,0,0,0,0
U04089,rabbit,Mixed,24+,social_media,tablet,Friday,1,1,awareness,0.5,4,4.9,3.9,0,1,1,2,1,1,1,0
U04090,dog,Mixed,6-12,referral,desktop,Saturday,1,1,none,3.19,6,4.3,20.9,1,0,1,3,1,1,0,1
U04091,cat,Sphynx,0-3,referral,tablet,Sunday,0,0,retargeting,4.2,5,4.5,8.3,1,0,0,0,0,0,0,0
U04092,dog,Golden Retriever,3-6,social_media,desktop,Saturday,0,0,none,13.96,6,4.8,25.0,1,1,0,0,0,0,0,0
U04093,cat,Mixed,12-24,paid_ad,desktop,Friday,0,0,none,3.11,1,3.2,6.0,1,0,0,0,0,0,0,0
U04094,bird,Lovebird,24+,paid_ad,mobile,Monday,0,0,none,1.3,3,4.1,9.5,0,0,0,0,0,0,0,0
U04095,dog,German Shepherd,24+,organic,mobile,Thursday,1,1,awareness,11.51,5,4.7,10.3,0,1,1,5,4,0,0,1
U04096,cat,Maine Coon,6-12,email,tablet,Friday,0,0,none,0.54,1,4.8,9.4,0,1,1,2,2,1,1,0
U04097,dog,Mixed,6-12,organic,mobile,Saturday,1,1,awareness,3.65,6,5.0,7.6,1,1,0,0,0,0,0,0
U04098,dog,Poodle,6-12,paid_ad,mobile,Thursday,1,0,seasonal,3.19,2,4.5,6.5,1,1,0,0,0,1,0,0
U04099,dog,Labrador,3-6,organic,desktop,Sunday,0,1,awareness,0.5,2,3.4,28.1,1,0,0,0,0,0,0,0
U04100,dog,Poodle,24+,organic,desktop,Wednesday,1,0,awareness,0.72,6,4.3,7.8,0,0,1,3,3,0,0,1
U04101,cat,Siamese,12-24,social_media,mobile,Saturday,0,0,retargeting,2.19,3,5.0,2.1,1,0,0,0,0,0,0,0
U04102,cat,Sphynx,0-3,email,mobile,Thursday,1,0,retargeting,0.66,3,4.2,3.2,0,1,1,2,2,1,0,1
U04103,cat,Maine Coon,0-3,paid_ad,mobile,Friday,0,0,none,2.96,2,3.8,18.0,0,1,1,2,1,1,0,1
U04104,dog,Labrador,6-12,referral,mobile,Saturday,0,1,awareness,4.27,3,3.5,75.4,1,1,1,1,5,1,0,1
U04105,dog,Labrador,6-12,social_media,desktop,Wednesday,0,0,retargeting,9.17,5,3.7,17.1,0,1,0,0,0,0,0,0
U04106,cat,Siamese,0-3,organic,mobile,Monday,1,1,none,3.6,4,4.5,1.3,1,1,0,0,0,0,0,0
U04107,reptile,Bearded Dragon,6-12,paid_ad,desktop,Friday,1,0,none,2.86,8,3.4,11.1,0,1,1,4,2,0,0,1
U04108,dog,Chihuahua,24+,email,desktop,Friday,0,0,none,1.08,1,4.3,14.1,1,0,0,0,0,0,0,0
U04109,bird,Lovebird,3-6,social_media,desktop,Saturday,1,1,seasonal,1.71,2,4.3,12.7,1,1,1,3,2,1,1,0
U04110,cat,Mixed,6-12,social_media,mobile,Sunday,0,1,none,2.47,3,3.5,2.7,0,1,1,4,1,0,0,1
U04111,cat,Sphynx,12-24,social_media,mobile,Monday,1,0,none,11.73,2,4.0,16.5,1,1,0,0,0,0,0,0
U04112,cat,Sphynx,0-3,social_media,mobile,Friday,0,1,awareness,1.03,1,4.7,1.0,1,1,1,7,3,1,1,0
U04113,dog,Golden Retriever,3-6,paid_ad,mobile,Saturday,0,0,seasonal,2.43,1,4.6,21.3,1,0,1,5,4,0,0,1
U04114,dog,German Shepherd,24+,social_media,desktop,Sunday,1,0,none,10.28,4,4.2,4.6,0,1,0,0,0,0,0,0
U04115,cat,Maine Coon,6-12,paid_ad,mobile,Sunday,0,1,retargeting,5.56,5,4.3,49.7,1,1,1,4,2,0,0,1
U04116,dog,Beagle,24+,social_media,desktop,Saturday,0,0,retargeting,26.28,6,3.1,7.1,0,0,0,0,0,0,0,0
U04117,bird,Canary,12-24,organic,mobile,Friday,0,0,awareness,0.74,2,3.2,1.1,1,0,0,0,0,0,0,0
U04118,cat,Bengal,3-6,paid_ad,mobile,Tuesday,0,0,retargeting,0.5,4,3.7,69.9,0,0,0,0,0,0,0,0
U04119,dog,Poodle,3-6,email,tablet,Thursday,0,0,none,2.53,4,3.8,15.1,1,1,1,4,0,0,0,1
U04120,cat,Siamese,3-6,organic,desktop,Friday,1,0,seasonal,1.26,4,3.6,12.5,0,0,0,0,0,0,0,0
U04121,dog,Mixed,6-12,email,mobile,Saturday,0,0,retargeting,3.62,5,4.3,6.6,1,1,0,0,0,0,0,0
U04122,cat,Mixed,12-24,social_media,mobile,Saturday,0,1,seasonal,10.42,2,4.2,9.1,1,1,1,2,2,0,0,1
U04123,cat,Persian,6-12,paid_ad,mobile,Saturday,0,0,retargeting,5.3,1,4.4,8.9,1,1,0,0,0,0,0,0
U04124,bird,Parakeet,12-24,social_media,desktop,Thursday,1,0,seasonal,0.88,8,3.5,4.7,1,1,0,0,0,1,0,0
U04125,rabbit,Mini Rex,6-12,paid_ad,mobile,Saturday,1,1,none,0.5,2,3.0,6.3,0,1,1,3,1,0,0,1
U04126,cat,Bengal,3-6,organic,desktop,Tuesday,1,0,none,18.91,8,4.9,41.9,1,1,1,4,2,0,0,1
U04127,cat,Mixed,3-6,social_media,desktop,Tuesday,0,1,none,5.22,2,4.5,2.8,1,1,1,2,1,1,0,1
U04128,bird,Mixed,3-6,referral,tablet,Tuesday,0,1,none,12.86,6,3.9,10.2,1,0,0,0,0,0,0,0
U04129,dog,Beagle,24+,paid_ad,mobile,Sunday,1,1,retargeting,6.06,2,3.1,35.3,1,0,1,5,0,1,0,1
U04130,dog,Labrador,6-12,organic,mobile,Monday,1,0,none,22.81,3,3.4,21.9,1,0,1,4,2,0,0,1
U04131,dog,German Shepherd,0-3,organic,desktop,Saturday,0,0,none,15.99,3,3.1,87.6,1,1,1,4,3,1,1,0
U04132,dog,Poodle,6-12,social_media,mobile,Wednesday,0,0,retargeting,2.43,3,4.0,22.8,1,1,0,0,0,0,0,0
U04133,cat,Ragdoll,6-12,email,mobile,Thursday,0,0,seasonal,6.46,3,3.4,1.0,1,1,1,2,2,0,0,1
U04134,cat,Bengal,6-12,paid_ad,mobile,Sunday,0,0,retargeting,2.9,1,4.1,3.5,0,0,0,0,0,0,0,0
U04135,cat,Siamese,3-6,paid_ad,mobile,Friday,1,0,retargeting,1.21,1,3.1,40.1,1,1,0,0,0,0,0,0
U04136,dog,Poodle,3-6,social_media,mobile,Tuesday,0,0,awareness,1.25,2,4.4,45.0,1,0,1,2,0,1,1,0
U04137,cat,Bengal,3-6,paid_ad,mobile,Wednesday,0,0,seasonal,2.3,3,3.2,12.0,0,1,1,5,1,1,1,0
U04138,dog,Poodle,0-3,social_media,tablet,Sunday,0,0,awareness,0.77,5,3.6,9.0,1,1,1,2,4,1,0,1
U04139,cat,Ragdoll,3-6,organic,desktop,Thursday,0,1,seasonal,1.53,5,4.3,14.7,1,1,0,0,0,0,0,0
U04140,cat,Persian,12-24,email,mobile,Friday,0,0,none,3.16,2,3.2,34.5,1,1,1,1,2,1,1,0
U04141,dog,Beagle,6-12,referral,mobile,Thursday,0,0,retargeting,14.0,2,5.0,9.4,1,0,0,0,0,0,0,0
U04142,dog,Mixed,0-3,paid_ad,desktop,Thursday,1,0,awareness,6.72,8,3.4,15.3,1,1,0,0,0,1,1,0
U04143,dog,Bulldog,12-24,email,desktop,Wednesday,0,0,awareness,4.1,2,3.1,3.9,1,1,1,1,2,0,0,1
U04144,rabbit,Mixed,3-6,email,mobile,Saturday,0,0,retargeting,0.97,1,4.3,12.0,1,1,0,0,0,0,0,0
U04145,bird,Lovebird,12-24,referral,desktop,Saturday,0,0,retargeting,1.31,7,3.8,2.2,1,1,1,2,0,1,1,0
U04146,cat,Siamese,12-24,social_media,desktop,Wednesday,0,0,seasonal,8.38,6,4.9,1.0,0,0,1,3,1,0,0,1
U04147,dog,Beagle,6-12,social_media,mobile,Saturday,0,1,none,8.58,5,3.2,12.9,1,1,1,2,1,1,0,1
U04148,cat,Ragdoll,12-24,referral,tablet,Sunday,0,0,none,3.31,1,3.7,17.9,0,0,1,2,2,1,1,0
U04149,cat,Bengal,6-12,paid_ad,desktop,Sunday,1,0,none,6.24,7,4.2,4.0,1,1,1,2,2,0,0,1
U04150,rabbit,Lionhead,12-24,social_media,desktop,Tuesday,0,0,none,7.36,2,4.1,3.4,0,0,1,4,2,0,0,1
U04151,dog,German Shepherd,6-12,social_media,mobile,Wednesday,1,0,none,0.5,4,4.0,17.3,1,1,0,0,0,0,0,0
U04152,dog,Beagle,0-3,social_media,desktop,Sunday,0,0,retargeting,3.37,1,3.8,14.3,1,0,1,0,1,1,0,1
U04153,cat,Mixed,3-6,organic,desktop,Tuesday,0,0,awareness,10.21,5,4.7,25.9,1,1,0,0,0,0,0,0
U04154,dog,Labrador,3-6,referral,mobile,Monday,1,1,retargeting,5.25,1,3.3,4.7,0,0,1,6,3,1,1,0
U04155,dog,Beagle,3-6,social_media,desktop,Sunday,0,0,awareness,0.5,4,4.0,18.2,1,1,1,0,4,0,0,1
U04156,dog,Poodle,3-6,paid_ad,mobile,Wednesday,0,0,awareness,1.24,6,4.1,3.2,0,1,0,0,0,0,0,0
U04157,cat,Siamese,6-12,organic,mobile,Thursday,0,0,none,5.18,5,4.8,4.3,0,1,0,0,0,0,0,0
U04158,bird,Cockatiel,6-12,social_media,mobile,Thursday,0,1,retargeting,1.11,4,3.6,10.6,0,1,1,2,1,1,0,1
U04159,reptile,Mixed,24+,organic,desktop,Sunday,0,0,retargeting,10.11,3,3.5,26.9,0,1,0,0,0,0,0,0
U04160,cat,Mixed,3-6,paid_ad,tablet,Wednesday,0,0,none,0.5,3,4.6,5.2,1,1,1,5,3,1,1,0
U04161,cat,Siamese,0-3,email,mobile,Sunday,1,1,none,0.96,3,3.6,3.3,1,1,1,3,0,0,0,1
U04162,dog,Labrador,3-6,email,desktop,Friday,1,1,none,2.58,6,3.1,14.5,1,0,1,4,2,1,1,0
U04163,cat,Maine Coon,12-24,organic,mobile,Friday,0,0,retargeting,11.8,2,4.0,6.3,0,1,1,1,1,0,0,1
U04164,dog,Mixed,3-6,organic,tablet,Wednesday,0,0,retargeting,10.34,7,4.5,7.7,1,1,1,2,4,0,0,1
U04165,cat,Ragdoll,0-3,organic,desktop,Wednesday,0,0,awareness,16.81,6,3.3,13.4,1,0,1,1,1,1,1,0
U04166,dog,Bulldog,3-6,organic,desktop,Friday,0,0,none,4.53,7,4.5,1.4,0,1,1,1,2,0,0,1
U04167,dog,Chihuahua,12-24,email,desktop,Thursday,1,0,none,13.49,3,3.7,5.6,1,1,1,5,1,1,0,1
U04168,dog,Poodle,0-3,email,mobile,Sunday,0,1,none,8.74,4,4.9,13.1,0,1,1,7,3,0,0,1
U04169,dog,Beagle,6-12,email,mobile,Friday,0,1,none,2.32,3,3.2,2.2,1,1,0,0,0,0,0,0
U04170,dog,Labrador,0-3,social_media,tablet,Friday,1,0,none,33.77,4,3.6,11.8,1,0,1,3,3,0,0,1
U04171,dog,Poodle,24+,organic,mobile,Thursday,1,1,none,8.67,4,3.4,19.0,1,1,1,2,1,0,0,1
U04172,reptile,Ball Python,3-6,organic,desktop,Saturday,1,1,awareness,21.92,1,4.8,10.4,0,1,1,5,4,0,0,1
U04173,cat,Ragdoll,3-6,organic,tablet,Thursday,1,1,none,13.09,1,3.6,10.5,1,1,1,2,4,1,0,1
U04174,cat,Maine Coon,6-12,paid_ad,mobile,Wednesday,1,1,awareness,6.81,6,3.5,2.5,0,0,0,0,0,0,0,0
U04175,bird,Mixed,0-3,email,desktop,Sunday,0,0,awareness,17.28,5,4.4,1.0,1,1,0,0,0,0,0,0
U04176,reptile,Bearded Dragon,3-6,organic,tablet,Friday,0,0,retargeting,2.72,1,4.9,1.1,1,0,1,5,6,0,0,1
U04177,cat,Persian,6-12,organic,desktop,Friday,0,0,awareness,11.93,7,4.2,10.7,0,0,1,2,1,0,0,1
U04178,rabbit,Dutch,0-3,paid_ad,mobile,Friday,0,0,none,0.84,4,4.9,8.9,1,1,1,7,1,1,0,1
U04179,dog,German Shepherd,3-6,paid_ad,mobile,Saturday,1,0,retargeting,6.0,4,4.3,25.1,0,1,0,0,0,0,0,0
U04180,dog,German Shepherd,6-12,email,mobile,Wednesday,0,0,seasonal,7.0,3,3.4,7.1,0,1,1,2,1,0,0,1
U04181,cat,Siamese,6-12,social_media,desktop,Monday,0,0,none,9.83,2,4.5,40.4,0,0,1,3,3,0,0,1
U04182,cat,Siamese,3-6,organic,desktop,Saturday,0,0,none,14.79,10,3.6,6.2,1,1,1,4,5,0,0,1
U04183,cat,Bengal,6-12,referral,desktop,Tuesday,0,0,seasonal,4.16,5,3.6,12.2,0,0,1,0,2,1,0,1
U04184,dog,Labrador,3-6,paid_ad,mobile,Saturday,1,0,seasonal,3.58,2,4.6,16.7,1,1,1,4,5,0,0,1
U04185,dog,Golden Retriever,3-6,social_media,mobile,Monday,0,0,none,0.5,3,3.5,22.0,1,1,0,0,0,0,0,0
U04186,cat,Siamese,3-6,paid_ad,desktop,Thursday,0,0,none,1.23,3,3.7,15.9,0,1,0,0,0,0,0,0
U04187,dog,Poodle,0-3,paid_ad,desktop,Monday,0,0,retargeting,8.06,4,5.0,2.0,1,1,0,0,0,0,0,0
U04188,cat,Persian,24+,organic,tablet,Friday,1,1,none,5.37,3,3.3,17.4,1,1,0,0,0,0,0,0
U04189,cat,Sphynx,12-24,social_media,desktop,Saturday,1,0,seasonal,1.71,3,4.3,1.0,0,0,1,3,1,0,0,1
U04190,cat,Maine Coon,6-12,organic,desktop,Tuesday,0,0,none,2.18,5,3.8,6.1,0,0,0,0,0,0,0,0
U04191,rabbit,Mixed,3-6,organic,desktop,Thursday,1,0,seasonal,2.53,4,3.6,9.8,1,0,1,2,2,1,0,1
U04192,bird,Parakeet,12-24,paid_ad,desktop,Sunday,1,0,none,7.56,6,3.3,8.0,1,1,1,2,1,0,0,1
U04193,cat,Mixed,12-24,organic,mobile,Thursday,1,0,none,4.28,5,4.1,4.6,0,1,1,1,0,1,0,1
U04194,cat,Bengal,0-3,paid_ad,tablet,Saturday,1,0,seasonal,0.5,1,4.1,29.4,1,0,1,2,0,0,0,1
U04195,cat,Ragdoll,6-12,referral,desktop,Sunday,1,1,none,11.13,5,4.4,74.7,0,0,1,4,2,0,0,1
U04196,dog,German Shepherd,3-6,organic,mobile,Sunday,0,1,none,1.39,1,4.6,16.2,1,1,0,0,0,0,0,0
U04197,dog,Poodle,12-24,social_media,mobile,Sunday,1,0,seasonal,5.07,1,3.8,2.0,1,0,1,6,1,0,0,1
U04198,dog,Chihuahua,3-6,paid_ad,mobile,Wednesday,1,0,none,0.6,11,4.1,3.1,1,1,1,3,2,1,0,1
U04199,cat,Ragdoll,3-6,paid_ad,mobile,Sunday,1,0,none,28.1,3,3.1,1.0,0,0,0,0,0,0,0,0
U04200,cat,Siamese,24+,paid_ad,mobile,Saturday,1,0,none,0.5,5,3.8,6.9,1,1,0,0,0,0,0,0
U04201,rabbit,Holland Lop,24+,social_media,mobile,Sunday,0,1,awareness,4.74,3,3.3,25.7,1,0,0,0,0,0,0,0
U04202,dog,Bulldog,12-24,social_media,mobile,Monday,0,0,retargeting,3.55,5,3.0,4.0,1,0,0,0,0,0,0,0
U04203,dog,Poodle,0-3,email,mobile,Sunday,0,0,seasonal,0.5,3,3.1,7.8,1,0,0,0,0,0,0,0
U04204,reptile,Leopard Gecko,12-24,referral,desktop,Saturday,1,0,awareness,0.5,5,3.0,45.0,1,0,1,4,3,0,0,1
U04205,dog,Mixed,0-3,social_media,mobile,Saturday,0,0,none,2.05,5,3.8,11.4,1,1,0,0,0,0,0,0
U04206,cat,Maine Coon,0-3,referral,desktop,Monday,0,1,none,12.64,6,3.8,42.2,0,0,1,4,2,1,1,0
U04207,cat,Persian,0-3,organic,mobile,Wednesday,0,0,retargeting,0.5,4,3.4,1.0,1,1,1,2,2,1,0,1
U04208,cat,Ragdoll,6-12,referral,mobile,Sunday,0,0,retargeting,5.55,7,3.9,16.8,1,0,1,1,1,0,0,1
U04209,dog,Chihuahua,3-6,email,mobile,Friday,1,0,seasonal,4.85,3,3.2,2.1,1,1,1,3,4,0,0,1
U04210,dog,Chihuahua,12-24,social_media,desktop,Thursday,1,0,seasonal,2.41,6,3.6,1.0,1,1,1,3,0,0,0,1
U04211,dog,Beagle,12-24,email,desktop,Sunday,1,0,none,0.63,3,3.1,4.6,0,0,1,2,3,0,0,1
U04212,cat,Maine Coon,12-24,organic,mobile,Monday,0,0,awareness,11.23,1,3.0,1.0,1,0,1,4,1,0,0,1
U04213,cat,Persian,24+,organic,desktop,Thursday,1,0,awareness,2.79,12,4.2,2.6,1,0,1,4,1,0,0,1
U04214,dog,Beagle,6-12,organic,mobile,Thursday,0,0,none,0.54,2,4.4,3.4,0,1,1,2,1,1,1,0
U04215,cat,Ragdoll,12-24,organic,tablet,Wednesday,0,0,none,7.44,4,3.5,85.5,1,1,0,0,0,0,0,0
U04216,rabbit,Lionhead,3-6,social_media,tablet,Wednesday,1,0,seasonal,1.22,3,4.4,1.0,0,0,1,2,4,0,0,1
U04217,dog,Golden Retriever,24+,paid_ad,desktop,Tuesday,1,0,awareness,5.04,2,4.3,45.1,1,0,1,1,1,1,1,0
U04218,cat,Persian,24+,email,desktop,Tuesday,1,0,awareness,0.5,5,4.6,7.3,0,1,1,2,0,1,1,0
U04219,cat,Sphynx,3-6,organic,desktop,Saturday,0,1,awareness,38.68,6,3.4,11.7,0,1,1,4,3,1,1,0
U04220,dog,Golden Retriever,3-6,paid_ad,desktop,Sunday,0,0,retargeting,4.63,7,4.0,1.0,1,1,1,5,1,0,0,1
U04221,dog,Labrador,3-6,email,desktop,Friday,0,0,none,54.79,10,3.4,1.0,1,1,1,6,0,1,1,0
U04222,cat,Persian,6-12,referral,tablet,Wednesday,0,1,awareness,3.17,1,4.7,4.2,1,0,1,1,3,0,0,1
U04223,bird,Canary,6-12,email,desktop,Tuesday,0,0,awareness,2.56,7,4.3,17.4,1,0,1,2,1,0,0,1
U04224,rabbit,Dutch,6-12,organic,desktop,Sunday,0,1,seasonal,14.76,4,3.2,17.8,1,1,1,1,1,0,0,1
U04225,cat,Persian,6-12,social_media,desktop,Sunday,0,1,awareness,3.12,5,3.7,13.2,1,1,0,0,0,0,0,0
U04226,cat,Ragdoll,0-3,email,desktop,Wednesday,0,0,seasonal,4.41,2,3.1,9.3,1,1,1,1,4,1,0,1
U04227,dog,Golden Retriever,12-24,organic,desktop,Wednesday,1,1,none,0.63,7,5.0,4.1,1,1,1,6,1,0,0,1
U04228,cat,Persian,0-3,organic,mobile,Friday,1,0,seasonal,14.16,3,4.6,27.2,0,1,1,5,2,0,0,1
U04229,cat,Bengal,12-24,organic,mobile,Saturday,1,0,seasonal,0.5,5,3.7,12.8,0,0,1,2,3,0,0,1
U04230,dog,Chihuahua,3-6,organic,mobile,Thursday,0,1,awareness,6.71,4,3.8,6.3,0,1,1,2,3,0,0,1
U04231,cat,Maine Coon,6-12,social_media,mobile,Saturday,0,0,none,3.52,4,3.7,2.4,1,1,0,0,0,0,0,0
U04232,cat,Sphynx,0-3,social_media,mobile,Saturday,0,0,none,0.5,4,4.3,16.2,1,1,1,4,2,0,0,1
U04233,dog,Chihuahua,12-24,organic,tablet,Sunday,0,1,retargeting,0.5,2,3.7,3.3,1,1,1,4,2,1,1,0
U04234,bird,Parakeet,24+,email,desktop,Tuesday,0,1,awareness,16.45,3,3.4,11.1,1,1,1,7,2,0,0,1
U04235,dog,Labrador,0-3,email,desktop,Sunday,0,0,awareness,10.57,3,3.5,8.6,1,0,0,0,0,0,0,0
U04236,dog,German Shepherd,0-3,organic,mobile,Thursday,1,1,awareness,5.28,1,4.6,3.4,0,1,1,6,1,1,1,0
U04237,dog,German Shepherd,0-3,organic,desktop,Saturday,0,0,retargeting,4.5,7,3.2,22.7,0,0,0,0,0,0,0,0
U04238,rabbit,Holland Lop,0-3,organic,desktop,Friday,1,0,none,1.64,7,3.9,9.2,0,1,1,4,2,1,0,1
U04239,cat,Sphynx,6-12,social_media,desktop,Friday,1,0,none,8.88,3,3.8,1.0,1,1,1,0,3,1,1,0
U04240,dog,Labrador,0-3,organic,mobile,Saturday,0,0,none,4.26,5,4.1,10.5,1,1,0,0,0,0,0,0
U04241,cat,Ragdoll,3-6,social_media,mobile,Thursday,0,0,none,5.9,7,3.1,3.5,1,1,0,0,0,0,0,0
U04242,dog,Beagle,6-12,email,desktop,Tuesday,1,0,awareness,3.55,5,3.1,74.6,0,1,0,0,0,0,0,0
U04243,rabbit,Mini Rex,6-12,social_media,desktop,Friday,0,0,retargeting,26.02,4,4.4,15.6,1,1,0,0,0,0,0,0
U04244,cat,Siamese,3-6,organic,tablet,Friday,0,0,none,0.5,4,4.0,1.5,1,1,1,2,1,0,0,1
U04245,cat,Persian,24+,social_media,desktop,Tuesday,1,1,none,0.65,4,3.2,10.5,0,1,1,4,2,1,1,0
U04246,bird,Mixed,0-3,email,tablet,Sunday,1,0,awareness,12.44,1,3.8,7.5,1,1,1,4,2,1,0,1
U04247,dog,Poodle,0-3,paid_ad,desktop,Wednesday,1,0,seasonal,8.14,2,4.0,13.5,0,1,1,2,2,0,0,1
U04248,dog,Poodle,3-6,paid_ad,tablet,Thursday,0,1,none,2.57,2,3.7,16.2,1,1,1,3,2,1,1,0
U04249,cat,Siamese,3-6,email,desktop,Tuesday,0,0,seasonal,11.2,1,3.2,9.1,0,1,1,2,3,0,0,1
U04250,reptile,Mixed,12-24,social_media,mobile,Friday,0,1,none,2.11,3,3.3,15.3,1,1,1,2,3,0,0,1
U04251,dog,Bulldog,0-3,social_media,mobile,Wednesday,0,0,none,0.5,3,3.5,5.1,1,1,0,0,0,0,0,0
U04252,dog,Labrador,12-24,paid_ad,mobile,Friday,0,0,retargeting,4.79,7,3.0,1.0,0,1,0,0,0,0,0,0
U04253,dog,Beagle,0-3,organic,mobile,Wednesday,0,0,awareness,1.27,3,4.5,1.0,1,1,1,5,1,0,0,1
U04254,cat,Maine Coon,3-6,referral,mobile,Monday,1,0,retargeting,0.56,5,4.4,28.7,0,0,1,1,2,0,0,1
U04255,dog,Chihuahua,12-24,email,mobile,Saturday,1,0,seasonal,1.16,4,4.8,6.3,1,1,1,1,0,1,0,1
U04256,cat,Ragdoll,0-3,email,desktop,Saturday,1,0,none,5.04,10,3.2,43.1,1,1,1,4,2,1,1,0
U04257,reptile,Mixed,24+,organic,mobile,Wednesday,1,1,retargeting,0.5,3,4.2,9.6,1,0,1,1,3,0,0,1
U04258,cat,Ragdoll,3-6,email,mobile,Monday,0,0,awareness,9.77,4,4.4,27.8,1,1,0,0,0,0,0,0
U04259,dog,Labrador,3-6,social_media,desktop,Sunday,0,0,seasonal,6.4,3,4.2,2.2,1,1,0,0,0,0,0,0
U04260,cat,Siamese,3-6,organic,desktop,Tuesday,1,1,awareness,2.7,4,3.7,29.3,1,1,1,4,3,1,1,0
U04261,dog,Labrador,12-24,organic,tablet,Sunday,1,0,none,7.55,2,3.7,41.8,1,1,1,2,2,0,0,1
U04262,bird,Mixed,6-12,paid_ad,desktop,Thursday,0,1,awareness,9.79,1,3.3,46.3,1,1,1,4,0,0,0,1
U04263,cat,Maine Coon,0-3,social_media,mobile,Wednesday,0,0,seasonal,4.33,3,4.9,5.4,1,0,1,1,1,0,0,1
U04264,dog,German Shepherd,24+,social_media,mobile,Saturday,1,0,none,1.03,4,3.2,19.0,1,0,1,1,3,0,0,1
U04265,cat,Bengal,24+,organic,mobile,Sunday,0,0,none,0.53,1,4.4,1.0,0,1,1,1,2,0,0,1
U04266,cat,Mixed,6-12,paid_ad,mobile,Thursday,0,0,none,8.94,5,4.8,5.1,1,1,1,4,5,1,0,1
U04267,cat,Mixed,3-6,paid_ad,mobile,Thursday,0,0,retargeting,1.22,3,4.8,6.0,1,0,0,0,0,0,0,0
U04268,dog,Golden Retriever,0-3,email,tablet,Thursday,1,1,none,0.5,2,4.8,18.5,1,1,1,4,4,1,0,1
U04269,rabbit,Mixed,3-6,social_media,mobile,Sunday,0,0,none,3.6,6,4.3,5.8,1,1,1,3,6,0,0,1
U04270,bird,Mixed,12-24,social_media,mobile,Saturday,1,0,awareness,0.58,5,3.3,1.0,0,0,0,0,0,0,0,0
U04271,cat,Mixed,3-6,email,mobile,Wednesday,0,0,none,21.42,1,4.0,9.5,0,1,1,4,2,0,0,1
U04272,reptile,Leopard Gecko,0-3,organic,desktop,Tuesday,0,0,none,12.23,2,3.9,5.3,1,1,1,4,2,1,0,1
U04273,dog,Beagle,3-6,referral,mobile,Wednesday,1,0,awareness,4.27,4,4.3,22.1,0,1,0,0,0,0,0,0
U04274,cat,Siamese,3-6,email,mobile,Wednesday,0,0,none,8.17,1,3.9,10.9,1,1,1,4,0,0,0,1
U04275,cat,Ragdoll,12-24,social_media,mobile,Wednesday,0,0,none,2.89,3,4.6,5.5,1,1,0,0,0,0,0,0
U04276,cat,Mixed,3-6,social_media,mobile,Saturday,0,0,none,7.07,1,3.8,1.0,0,0,0,0,0,0,0,0
U04277,cat,Persian,3-6,paid_ad,mobile,Tuesday,1,1,none,4.73,1,4.5,3.7,1,1,1,2,2,1,0,1
U04278,dog,German Shepherd,0-3,organic,mobile,Thursday,0,0,retargeting,0.5,1,4.9,2.8,1,0,1,1,0,0,0,1
U04279,dog,Labrador,6-12,organic,mobile,Friday,0,0,awareness,13.52,2,4.5,6.4,1,1,1,2,0,0,0,1
U04280,dog,Beagle,24+,email,desktop,Wednesday,1,1,awareness,15.39,9,4.5,1.0,0,1,1,6,3,1,0,1
U04281,dog,German Shepherd,3-6,social_media,desktop,Monday,0,1,none,23.92,6,4.4,1.0,1,1,1,2,1,1,0,1
U04282,cat,Mixed,0-3,paid_ad,desktop,Monday,0,0,none,10.25,5,4.7,36.9,0,1,1,5,1,1,1,0
U04283,dog,Beagle,3-6,organic,mobile,Tuesday,1,1,seasonal,2.42,6,3.6,33.4,1,1,1,1,1,1,0,1
U04284,dog,Beagle,3-6,paid_ad,mobile,Sunday,0,0,none,1.06,3,5.0,18.6,0,1,1,3,0,1,1,0
U04285,cat,Siamese,6-12,organic,mobile,Saturday,0,0,none,0.9,1,4.6,19.1,0,0,1,2,4,0,0,1
U04286,cat,Ragdoll,12-24,organic,mobile,Monday,0,1,seasonal,0.71,3,4.5,1.2,0,0,1,5,2,0,0,1
U04287,bird,Parakeet,24+,paid_ad,mobile,Thursday,1,1,retargeting,0.87,2,3.2,2.4,1,1,1,1,3,0,0,1
U04288,cat,Persian,3-6,email,mobile,Wednesday,0,0,retargeting,3.64,6,3.7,4.9,1,1,0,0,0,0,0,0
U04289,dog,German Shepherd,12-24,social_media,desktop,Friday,0,0,retargeting,8.98,4,3.5,10.4,0,0,0,0,0,0,0,0
U04290,rabbit,Mini Rex,0-3,organic,desktop,Friday,1,0,none,2.26,6,3.2,28.2,0,0,1,3,2,1,1,0
U04291,cat,Siamese,6-12,email,desktop,Friday,0,0,seasonal,6.21,8,4.8,61.9,1,1,0,0,0,0,0,0
U04292,dog,Bulldog,3-6,social_media,mobile,Wednesday,0,1,seasonal,1.9,1,4.2,22.6,1,1,0,0,0,0,0,0
U04293,cat,Persian,0-3,referral,desktop,Tuesday,0,0,none,9.3,4,4.8,2.5,0,1,1,6,2,1,0,1
U04294,bird,Lovebird,0-3,referral,mobile,Saturday,1,0,retargeting,15.62,3,4.1,34.3,0,0,1,2,1,0,0,1
U04295,dog,Chihuahua,3-6,email,desktop,Sunday,0,0,awareness,9.11,7,4.8,17.7,1,1,0,0,0,0,0,0
U04296,dog,Golden Retriever,12-24,social_media,mobile,Sunday,1,1,retargeting,0.5,2,4.9,1.4,0,0,0,0,0,0,0,0
U04297,dog,Mixed,24+,social_media,mobile,Monday,1,0,none,2.95,1,4.3,6.2,1,1,1,5,4,0,0,1
U04298,dog,Bulldog,0-3,email,desktop,Saturday,0,0,awareness,11.48,1,4.0,24.4,0,1,0,0,0,0,0,0
U04299,cat,Persian,12-24,organic,desktop,Saturday,0,1,none,6.1,6,3.4,30.9,1,1,1,2,1,0,0,1
U04300,cat,Persian,6-12,social_media,mobile,Sunday,1,0,awareness,13.73,4,4.8,20.7,1,0,1,1,1,0,0,1
U04301,dog,Mixed,0-3,organic,mobile,Wednesday,0,1,none,0.5,4,4.6,9.9,1,1,0,0,0,0,0,0
U04302,bird,Lovebird,3-6,organic,mobile,Saturday,0,0,awareness,1.2,1,3.7,83.0,1,0,0,0,0,0,0,0
U04303,rabbit,Mixed,3-6,organic,tablet,Monday,0,0,retargeting,1.25,2,4.3,1.0,1,0,1,2,1,1,1,0
U04304,cat,Ragdoll,12-24,social_media,desktop,Saturday,0,0,seasonal,11.38,5,4.2,1.7,1,1,0,0,0,0,0,0
U04305,rabbit,Mini Rex,3-6,paid_ad,tablet,Thursday,0,0,none,3.71,6,3.2,9.3,1,1,1,1,0,1,1,0
U04306,dog,Chihuahua,6-12,social_media,mobile,Saturday,0,0,seasonal,0.68,5,4.9,18.5,1,1,0,0,0,0,0,0
U04307,cat,Siamese,3-6,social_media,desktop,Sunday,0,0,none,2.62,3,3.0,1.0,0,1,0,0,0,0,0,0
U04308,cat,Sphynx,12-24,organic,desktop,Thursday,0,0,retargeting,5.77,4,4.7,8.4,0,0,0,0,0,0,0,0
U04309,rabbit,Dutch,3-6,email,mobile,Friday,1,0,awareness,19.44,3,4.0,4.3,1,1,0,0,0,0,0,0
U04310,rabbit,Mini Rex,12-24,organic,mobile,Tuesday,1,0,seasonal,1.59,1,4.7,12.3,0,1,1,3,3,0,0,1
U04311,dog,Beagle,3-6,email,desktop,Thursday,0,0,retargeting,1.33,5,4.1,5.7,1,0,1,2,2,0,0,1
U04312,bird,Parakeet,6-12,referral,desktop,Thursday,0,0,awareness,4.12,9,3.3,15.9,1,0,0,0,0,0,0,0
U04313,dog,Bulldog,12-24,organic,desktop,Tuesday,0,0,none,2.9,8,3.9,2.4,1,1,0,0,0,0,0,0
U04314,bird,Parakeet,0-3,organic,desktop,Sunday,0,0,seasonal,5.01,7,4.8,21.4,1,1,0,0,0,0,0,0
U04315,reptile,Ball Python,0-3,social_media,desktop,Tuesday,0,0,retargeting,3.77,5,3.5,11.8,1,1,1,2,2,0,0,1
U04316,dog,Beagle,24+,referral,desktop,Saturday,0,0,none,9.12,3,3.2,20.9,1,1,1,4,3,1,1,0
U04317,cat,Maine Coon,0-3,paid_ad,mobile,Sunday,1,0,none,11.18,2,3.8,10.1,1,1,1,2,2,0,0,1
U04318,dog,Bulldog,12-24,paid_ad,mobile,Sunday,0,0,retargeting,1.02,4,4.6,7.2,1,1,1,3,1,0,0,1
U04319,cat,Persian,6-12,social_media,desktop,Saturday,0,0,seasonal,13.43,9,4.4,4.1,0,1,0,0,0,0,0,0
U04320,cat,Siamese,0-3,referral,tablet,Tuesday,0,1,none,19.38,3,5.0,32.5,0,1,0,0,0,0,0,0
U04321,cat,Maine Coon,6-12,organic,mobile,Saturday,0,0,seasonal,2.13,3,4.8,8.6,1,1,0,0,0,0,0,0
U04322,bird,Cockatiel,6-12,organic,mobile,Wednesday,1,0,none,0.5,3,3.3,9.7,1,1,1,0,2,1,1,0
U04323,cat,Sphynx,0-3,paid_ad,mobile,Sunday,0,0,seasonal,7.85,2,4.6,11.2,1,1,0,0,0,0,0,0
U04324,cat,Ragdoll,12-24,referral,mobile,Saturday,1,1,retargeting,5.49,2,4.4,11.0,0,1,1,1,0,1,1,0
U04325,rabbit,Lionhead,0-3,organic,mobile,Saturday,0,0,none,0.84,2,3.4,13.3,1,0,1,2,3,1,0,1
U04326,reptile,Leopard Gecko,0-3,organic,desktop,Monday,0,0,none,3.54,3,4.6,2.2,1,0,1,1,3,0,0,1
U04327,dog,Labrador,6-12,organic,mobile,Friday,1,1,awareness,3.93,7,3.5,26.9,0,1,0,0,0,0,0,0
U04328,reptile,Leopard Gecko,12-24,organic,desktop,Saturday,0,0,awareness,1.12,3,3.9,6.3,1,1,1,3,4,0,0,1
U04329,dog,Mixed,6-12,organic,desktop,Sunday,0,0,seasonal,9.79,3,3.6,2.5,1,0,1,4,2,1,1,0
U04330,rabbit,Holland Lop,0-3,referral,tablet,Monday,1,0,retargeting,5.85,4,3.9,2.8,1,0,1,3,1,0,0,1
U04331,dog,German Shepherd,3-6,email,mobile,Sunday,0,0,awareness,9.93,2,3.6,6.7,1,0,0,0,0,0,0,0
U04332,dog,Bulldog,12-24,paid_ad,desktop,Monday,1,0,seasonal,6.53,2,4.3,4.5,1,0,1,4,2,0,0,1
U04333,cat,Mixed,3-6,paid_ad,mobile,Friday,0,0,awareness,3.89,3,4.6,27.0,1,0,0,0,0,0,0,0
U04334,cat,Mixed,6-12,social_media,mobile,Saturday,0,1,retargeting,4.4,5,3.0,31.7,1,1,0,0,0,0,0,0
U04335,dog,German Shepherd,3-6,paid_ad,desktop,Tuesday,0,0,retargeting,2.5,3,3.8,18.7,1,1,0,0,0,0,0,0
U04336,dog,Poodle,24+,email,desktop,Monday,1,1,seasonal,11.09,5,3.3,25.1,1,1,0,0,0,0,0,0
U04337,cat,Persian,6-12,social_media,mobile,Saturday,0,1,none,4.94,4,3.0,1.0,0,1,1,1,3,1,0,1
U04338,bird,Canary,12-24,email,tablet,Thursday,0,0,awareness,9.14,2,5.0,1.3,0,1,0,0,0,0,0,0
U04339,dog,Labrador,3-6,social_media,desktop,Tuesday,0,0,awareness,11.42,4,4.3,24.9,1,0,1,2,1,1,0,1
U04340,dog,Mixed,12-24,paid_ad,desktop,Saturday,0,0,awareness,7.94,8,3.9,9.5,1,1,1,1,2,1,1,0
U04341,cat,Ragdoll,3-6,referral,desktop,Sunday,0,0,awareness,1.37,4,3.9,42.2,1,1,0,0,0,0,0,0
U04342,dog,Chihuahua,3-6,social_media,mobile,Friday,0,0,retargeting,11.44,4,4.7,28.4,0,1,1,0,3,1,1,0
U04343,rabbit,Dutch,0-3,paid_ad,desktop,Tuesday,1,0,none,2.75,3,4.1,6.2,0,1,0,0,0,1,1,0
U04344,rabbit,Mini Rex,6-12,organic,mobile,Monday,0,1,awareness,11.66,2,4.5,5.8,1,1,0,0,0,0,0,0
U04345,cat,Ragdoll,6-12,paid_ad,desktop,Saturday,0,0,none,4.01,3,4.8,32.1,0,0,0,0,0,0,0,0
U04346,dog,Labrador,3-6,social_media,mobile,Friday,0,0,none,0.72,2,4.8,8.6,1,1,0,0,0,0,0,0
U04347,rabbit,Holland Lop,0-3,organic,mobile,Saturday,0,1,retargeting,7.57,3,3.2,8.9,1,1,1,2,1,1,1,0
U04348,cat,Persian,6-12,social_media,desktop,Saturday,1,0,none,12.36,4,4.0,11.5,1,0,1,3,2,0,0,1
U04349,rabbit,Holland Lop,6-12,email,mobile,Thursday,0,0,none,5.4,3,4.3,21.8,1,1,0,0,0,0,0,0
U04350,cat,Siamese,3-6,organic,mobile,Tuesday,0,0,awareness,0.5,3,3.9,6.8,0,0,1,2,1,0,0,1
U04351,rabbit,Lionhead,6-12,referral,mobile,Sunday,0,0,none,7.4,3,3.6,8.1,1,1,0,0,0,0,0,0
U04352,cat,Sphynx,12-24,organic,desktop,Friday,1,0,none,7.08,2,4.8,8.9,1,1,1,3,5,0,0,1
U04353,cat,Bengal,3-6,referral,mobile,Friday,1,1,seasonal,2.89,4,4.8,27.3,0,1,1,5,3,1,0,1
U04354,reptile,Leopard Gecko,12-24,paid_ad,mobile,Sunday,0,0,retargeting,8.55,2,4.7,8.1,1,0,1,3,2,0,0,1
U04355,cat,Persian,12-24,social_media,mobile,Sunday,0,0,none,4.99,7,4.9,26.8,1,0,1,3,2,0,0,1
U04356,cat,Siamese,3-6,social_media,mobile,Friday,0,0,none,0.65,4,4.5,12.1,0,1,0,0,0,0,0,0
U04357,dog,German Shepherd,0-3,paid_ad,mobile,Wednesday,0,0,seasonal,3.34,3,3.8,13.7,1,1,0,0,0,0,0,0
U04358,cat,Sphynx,0-3,email,desktop,Sunday,0,0,none,7.9,3,4.0,15.3,1,1,1,2,0,1,1,0
U04359,cat,Persian,12-24,email,mobile,Saturday,1,0,awareness,10.41,1,4.6,7.2,0,1,1,1,0,0,0,1
U04360,dog,Beagle,6-12,social_media,mobile,Thursday,0,0,awareness,1.49,3,4.8,14.0,1,1,0,0,0,0,0,0
U04361,dog,Labrador,0-3,social_media,mobile,Friday,1,0,retargeting,7.19,5,4.3,2.9,1,1,0,0,0,0,0,0
U04362,cat,Sphynx,0-3,referral,mobile,Thursday,0,0,seasonal,7.32,1,4.2,5.7,1,1,1,2,2,1,1,0
U04363,rabbit,Dutch,3-6,organic,mobile,Sunday,1,1,none,0.5,6,4.8,28.7,1,1,0,0,0,0,0,0
U04364,cat,Sphynx,3-6,social_media,desktop,Friday,0,0,awareness,0.5,1,4.5,6.8,1,1,1,3,3,0,0,1
U04365,dog,Beagle,24+,organic,mobile,Saturday,0,0,retargeting,3.96,1,4.8,7.4,0,1,0,0,0,0,0,0
U04366,cat,Maine Coon,0-3,paid_ad,mobile,Sunday,1,0,seasonal,7.09,6,4.8,34.5,0,1,1,2,2,1,0,1
U04367,dog,Chihuahua,0-3,paid_ad,desktop,Saturday,0,0,seasonal,6.31,7,3.7,6.3,0,0,1,1,3,0,0,1
U04368,cat,Maine Coon,24+,organic,mobile,Saturday,0,1,retargeting,7.64,5,3.3,15.7,1,1,1,3,1,0,0,1
U04369,dog,Bulldog,0-3,organic,desktop,Sunday,1,0,seasonal,7.59,5,4.4,43.5,1,0,0,0,0,0,0,0
U04370,dog,Bulldog,12-24,organic,mobile,Thursday,0,1,none,4.82,3,4.9,95.1,1,1,0,0,0,0,0,0
U04371,dog,Mixed,12-24,social_media,mobile,Tuesday,0,1,none,0.5,1,4.8,11.5,0,0,0,0,0,0,0,0
U04372,dog,Beagle,3-6,social_media,desktop,Sunday,1,0,none,0.72,2,4.8,14.1,0,1,0,0,0,0,0,0
U04373,dog,Mixed,3-6,referral,mobile,Friday,1,1,none,5.87,5,4.7,8.6,1,1,1,8,2,0,0,1
U04374,dog,Mixed,24+,social_media,desktop,Tuesday,1,1,awareness,11.22,5,3.9,20.8,1,0,1,7,1,0,0,1
U04375,cat,Persian,6-12,organic,desktop,Tuesday,0,0,seasonal,6.09,6,4.9,19.1,1,1,0,0,0,0,0,0
U04376,cat,Mixed,12-24,paid_ad,desktop,Tuesday,1,0,awareness,6.96,1,4.3,7.2,1,0,1,3,1,1,1,0
U04377,dog,German Shepherd,12-24,social_media,desktop,Saturday,1,0,retargeting,7.43,2,4.7,1.0,1,1,1,8,5,0,0,1
U04378,rabbit,Mixed,6-12,email,desktop,Saturday,1,0,none,0.67,7,3.6,14.8,1,0,0,0,0,0,0,0
U04379,dog,Labrador,0-3,organic,desktop,Tuesday,1,0,retargeting,8.6,5,4.0,1.0,1,1,1,5,2,1,0,1
U04380,cat,Persian,6-12,social_media,desktop,Sunday,0,0,awareness,5.08,6,3.2,15.3,1,0,0,0,0,0,0,0
U04381,dog,Poodle,0-3,referral,mobile,Wednesday,0,0,retargeting,4.2,3,3.3,25.3,0,1,0,0,0,0,0,0
U04382,dog,German Shepherd,3-6,email,mobile,Saturday,0,0,none,3.77,4,4.6,12.9,1,1,1,4,1,0,0,1
U04383,cat,Bengal,0-3,social_media,mobile,Friday,1,1,awareness,6.55,5,4.9,6.1,0,0,1,3,1,1,1,0
U04384,cat,Sphynx,3-6,email,mobile,Saturday,0,0,awareness,1.75,4,4.1,10.5,1,1,0,0,0,0,0,0
U04385,bird,Cockatiel,0-3,referral,desktop,Thursday,1,0,awareness,2.81,7,4.0,6.7,0,0,1,3,2,1,1,0
U04386,cat,Sphynx,3-6,organic,mobile,Wednesday,1,0,none,2.26,1,4.9,1.8,0,0,1,4,2,1,0,1
U04387,reptile,Ball Python,0-3,social_media,mobile,Sunday,1,0,none,5.03,1,4.7,5.7,1,0,1,1,1,0,0,1
U04388,dog,German Shepherd,3-6,referral,desktop,Monday,1,1,none,4.4,4,3.4,10.0,1,1,1,3,2,0,0,1
U04389,dog,Mixed,3-6,organic,mobile,Sunday,1,0,retargeting,0.89,5,3.1,6.3,1,1,1,0,5,1,0,1
U04390,dog,Chihuahua,3-6,paid_ad,mobile,Saturday,1,1,retargeting,18.55,3,4.9,1.0,0,1,1,3,4,1,1,0
U04391,dog,Labrador,24+,email,desktop,Thursday,1,0,seasonal,5.3,5,4.1,1.5,1,1,0,0,0,0,0,0
U04392,cat,Mixed,3-6,email,desktop,Friday,0,1,awareness,0.9,2,4.3,2.0,1,1,0,0,0,0,0,0
U04393,cat,Mixed,6-12,social_media,desktop,Tuesday,0,1,none,8.65,7,4.1,8.0,1,1,1,1,4,0,0,1
U04394,dog,German Shepherd,3-6,social_media,mobile,Friday,0,1,retargeting,6.11,2,4.5,1.0,0,1,0,0,0,0,0,0
U04395,bird,Lovebird,12-24,email,mobile,Sunday,0,0,awareness,2.43,4,4.8,9.8,1,1,0,0,0,0,0,0
U04396,rabbit,Lionhead,6-12,organic,desktop,Wednesday,0,0,none,6.24,7,5.0,1.0,1,1,0,0,0,0,0,0
U04397,dog,Mixed,12-24,social_media,mobile,Saturday,1,0,retargeting,0.86,7,3.7,36.4,1,1,1,2,4,0,0,1
U04398,dog,Mixed,0-3,organic,desktop,Thursday,1,0,none,3.58,6,4.0,75.9,1,1,1,4,4,1,0,1
U04399,dog,Mixed,3-6,organic,desktop,Saturday,0,0,none,1.38,8,4.8,7.2,1,1,1,4,1,0,0,1
U04400,dog,Labrador,3-6,referral,mobile,Tuesday,1,0,retargeting,2.23,5,3.9,22.8,1,1,0,0,0,0,0,0
U04401,dog,Golden Retriever,12-24,social_media,mobile,Thursday,0,1,retargeting,3.76,3,3.7,33.8,1,1,1,3,2,0,0,1
U04402,cat,Bengal,6-12,referral,mobile,Sunday,0,0,retargeting,2.66,2,4.9,28.0,0,1,0,0,0,0,0,0
U04403,dog,Golden Retriever,24+,organic,desktop,Tuesday,1,1,none,7.02,4,4.5,12.2,1,0,0,0,0,0,0,0
U04404,dog,Bulldog,24+,email,mobile,Saturday,0,0,seasonal,3.17,1,4.0,9.1,1,0,0,0,0,0,0,0
U04405,reptile,Ball Python,24+,organic,mobile,Friday,1,0,retargeting,1.34,2,4.6,5.9,0,1,1,3,3,1,0,1
U04406,cat,Bengal,6-12,paid_ad,desktop,Friday,0,0,retargeting,1.21,6,3.6,1.4,1,1,1,5,4,1,0,1
U04407,bird,Lovebird,0-3,paid_ad,mobile,Friday,0,0,retargeting,1.02,2,4.2,52.8,1,1,0,0,0,0,0,0
U04408,dog,Mixed,24+,organic,mobile,Friday,1,0,awareness,1.02,1,4.4,1.0,0,0,0,0,0,0,0,0
U04409,dog,Golden Retriever,12-24,referral,desktop,Monday,0,1,none,9.59,9,4.4,3.1,1,1,1,0,2,0,0,1
U04410,cat,Persian,3-6,organic,mobile,Sunday,1,0,retargeting,7.8,1,3.4,10.6,0,1,1,2,2,0,0,1
U04411,dog,Bulldog,6-12,email,desktop,Saturday,0,1,retargeting,9.94,2,5.0,1.3,0,1,1,1,3,1,0,1
U04412,dog,Mixed,0-3,referral,desktop,Tuesday,0,1,none,8.05,9,4.5,18.3,0,1,1,2,3,0,0,1
U04413,cat,Sphynx,3-6,paid_ad,mobile,Thursday,1,0,retargeting,1.67,3,4.5,1.0,0,1,1,2,2,0,0,1
U04414,cat,Bengal,12-24,referral,tablet,Saturday,1,1,awareness,8.07,4,4.2,28.5,0,0,1,2,4,0,0,1
U04415,cat,Maine Coon,24+,social_media,mobile,Sunday,0,1,awareness,4.23,7,3.7,37.9,1,1,0,0,0,0,0,0
U04416,cat,Bengal,6-12,organic,tablet,Sunday,0,1,none,0.5,4,4.0,17.0,1,1,0,0,0,1,1,0
U04417,cat,Ragdoll,3-6,organic,mobile,Sunday,1,1,none,10.84,4,3.9,15.1,1,1,1,2,4,1,0,1
U04418,dog,Poodle,12-24,social_media,mobile,Tuesday,0,1,none,0.5,3,3.2,13.4,1,0,0,0,0,0,0,0
U04419,dog,Mixed,12-24,paid_ad,mobile,Sunday,0,0,retargeting,3.18,2,4.8,1.1,1,1,0,0,0,0,0,0
U04420,dog,Poodle,6-12,organic,mobile,Sunday,1,0,none,3.27,3,4.0,6.2,1,1,0,0,0,0,0,0
U04421,dog,Beagle,6-12,email,desktop,Thursday,0,1,none,14.15,1,3.1,15.0,1,0,1,5,0,1,1,0
U04422,reptile,Bearded Dragon,12-24,social_media,desktop,Thursday,0,1,seasonal,14.66,2,3.8,3.6,1,1,1,2,2,1,1,0
U04423,cat,Maine Coon,6-12,social_media,desktop,Thursday,0,0,none,21.9,7,3.8,1.0,1,0,1,1,1,0,0,1
U04424,cat,Ragdoll,0-3,email,mobile,Saturday,1,0,retargeting,3.84,3,3.2,11.3,0,1,0,0,0,1,1,0
U04425,dog,Golden Retriever,24+,social_media,mobile,Wednesday,0,0,seasonal,5.17,5,3.4,6.6,1,1,0,0,0,0,0,0
U04426,dog,Labrador,12-24,paid_ad,desktop,Monday,1,0,awareness,0.72,1,3.2,4.0,0,1,1,5,1,1,0,1
U04427,dog,Labrador,6-12,organic,mobile,Tuesday,0,0,retargeting,3.05,3,3.3,24.7,1,1,1,2,3,1,0,1
U04428,dog,Labrador,0-3,paid_ad,desktop,Thursday,0,0,seasonal,17.79,3,3.2,18.2,0,0,1,2,1,1,1,0
U04429,dog,Poodle,0-3,organic,desktop,Wednesday,0,1,seasonal,4.74,3,4.8,15.6,1,0,1,2,3,1,1,0
U04430,rabbit,Holland Lop,24+,organic,mobile,Saturday,0,0,awareness,0.5,2,4.6,52.2,1,1,1,4,2,1,1,0
U04431,cat,Bengal,12-24,email,desktop,Tuesday,0,0,none,1.75,5,4.7,15.9,1,1,0,0,0,0,0,0
U04432,cat,Persian,0-3,paid_ad,desktop,Sunday,0,1,awareness,4.38,3,3.3,19.6,1,0,1,4,4,1,1,0
U04433,cat,Ragdoll,12-24,organic,desktop,Sunday,1,1,retargeting,2.12,6,4.3,4.5,0,1,1,4,2,0,0,1
U04434,bird,Cockatiel,0-3,social_media,mobile,Sunday,1,0,seasonal,1.74,1,4.8,21.6,1,0,0,0,0,0,0,0
U04435,dog,German Shepherd,3-6,social_media,mobile,Saturday,0,0,retargeting,1.84,3,4.9,11.9,1,0,0,0,0,0,0,0
U04436,dog,Poodle,6-12,organic,mobile,Tuesday,1,0,awareness,1.75,1,3.1,12.5,1,1,1,1,3,1,0,1
U04437,dog,Labrador,24+,paid_ad,mobile,Thursday,1,1,awareness,0.5,1,3.8,2.3,1,1,0,0,0,0,0,0
U04438,rabbit,Holland Lop,0-3,paid_ad,mobile,Tuesday,0,0,none,7.5,2,3.7,19.9,1,1,0,0,0,0,0,0
U04439,reptile,Mixed,0-3,organic,desktop,Sunday,0,0,none,7.08,3,3.4,16.5,1,1,1,4,3,0,0,1
U04440,dog,Golden Retriever,12-24,social_media,desktop,Wednesday,0,1,retargeting,7.62,5,3.3,2.4,1,1,1,3,3,1,0,1
U04441,bird,Parakeet,24+,paid_ad,desktop,Friday,0,1,none,5.6,2,3.7,3.0,0,1,1,3,4,0,0,1
U04442,rabbit,Mixed,12-24,social_media,mobile,Saturday,0,0,none,1.77,5,4.4,29.8,1,0,0,0,0,0,0,0
U04443,dog,Poodle,12-24,email,tablet,Sunday,0,0,retargeting,11.27,2,4.5,14.5,1,0,0,0,0,0,0,0
U04444,dog,Mixed,6-12,organic,mobile,Saturday,0,0,none,12.1,4,4.2,2.5,0,1,1,5,0,0,0,1
U04445,cat,Siamese,3-6,email,desktop,Saturday,1,0,seasonal,0.5,6,4.6,3.6,1,0,1,5,1,0,0,1
U04446,reptile,Bearded Dragon,0-3,organic,tablet,Thursday,1,0,none,0.5,2,4.4,9.5,1,1,0,0,0,0,0,0
U04447,dog,Bulldog,0-3,paid_ad,desktop,Friday,0,0,seasonal,8.77,6,4.6,34.7,1,1,1,5,2,0,0,1
U04448,rabbit,Holland Lop,3-6,social_media,tablet,Monday,1,0,awareness,1.35,4,4.9,10.5,1,1,0,0,0,0,0,0
U04449,dog,Poodle,24+,organic,desktop,Sunday,0,0,none,18.93,3,4.2,3.0,0,1,1,1,2,1,0,1
U04450,cat,Sphynx,6-12,paid_ad,mobile,Friday,1,1,retargeting,5.01,5,4.5,28.2,1,1,1,5,6,1,1,0
U04451,cat,Ragdoll,12-24,organic,mobile,Monday,0,0,seasonal,2.09,2,4.7,8.1,1,0,1,3,2,0,0,1
U04452,cat,Maine Coon,3-6,social_media,mobile,Sunday,0,0,awareness,2.44,3,4.8,17.8,1,1,0,0,0,0,0,0
U04453,rabbit,Mini Rex,3-6,social_media,mobile,Friday,0,1,retargeting,4.11,6,4.1,2.2,1,1,0,0,0,0,0,0
U04454,rabbit,Holland Lop,12-24,organic,desktop,Sunday,0,0,seasonal,0.91,5,4.8,21.7,0,1,0,0,0,0,0,0
U04455,bird,Cockatiel,0-3,referral,mobile,Sunday,0,1,none,7.52,5,4.1,37.6,1,0,0,0,0,0,0,0
U04456,dog,German Shepherd,3-6,paid_ad,desktop,Saturday,0,0,retargeting,0.5,2,4.4,26.0,0,1,1,1,2,1,1,0
U04457,cat,Mixed,6-12,organic,mobile,Monday,0,0,none,17.57,3,3.7,1.0,1,1,0,0,0,0,0,0
U04458,dog,Mixed,6-12,paid_ad,mobile,Wednesday,0,0,awareness,0.83,3,5.0,13.3,0,1,1,2,3,1,0,1
U04459,cat,Maine Coon,3-6,social_media,tablet,Sunday,1,0,none,8.81,2,3.4,12.9,1,1,0,0,0,0,0,0
U04460,cat,Siamese,12-24,referral,mobile,Sunday,0,0,awareness,0.5,1,3.5,25.4,0,1,0,0,0,0,0,0
U04461,cat,Siamese,6-12,social_media,desktop,Thursday,1,0,none,4.4,8,3.5,77.9,1,0,1,5,4,0,0,1
U04462,cat,Ragdoll,6-12,email,desktop,Thursday,1,0,none,7.76,2,3.8,40.3,1,0,1,3,2,0,0,1
U04463,reptile,Ball Python,3-6,social_media,mobile,Tuesday,0,0,awareness,0.5,4,4.5,1.6,0,1,1,2,1,0,0,1
U04464,dog,Labrador,3-6,social_media,mobile,Sunday,0,0,awareness,2.67,4,5.0,21.5,0,1,0,0,0,0,0,0
U04465,cat,Mixed,0-3,social_media,mobile,Tuesday,1,0,awareness,1.64,2,4.2,39.5,0,1,1,5,2,1,1,0
U04466,dog,Bulldog,0-3,organic,desktop,Tuesday,0,0,awareness,5.38,4,4.2,7.9,0,1,0,0,0,0,0,0
U04467,dog,German Shepherd,24+,paid_ad,desktop,Saturday,1,1,none,5.48,6,4.1,39.8,1,0,1,2,4,0,0,1
U04468,dog,Labrador,6-12,social_media,mobile,Wednesday,0,0,seasonal,7.0,5,4.8,35.2,0,1,0,0,0,0,0,0
U04469,bird,Parakeet,0-3,referral,desktop,Sunday,0,1,none,0.79,5,3.7,15.3,1,0,0,0,0,1,1,0
U04470,bird,Canary,3-6,organic,mobile,Monday,0,0,none,0.5,2,3.4,35.7,0,0,1,4,2,1,0,1
U04471,bird,Mixed,6-12,email,desktop,Monday,0,0,awareness,3.08,2,3.5,20.2,1,1,1,2,0,0,0,1
U04472,reptile,Ball Python,12-24,referral,desktop,Friday,1,0,retargeting,13.11,5,4.7,14.8,1,1,0,0,0,0,0,0
U04473,dog,Mixed,0-3,email,desktop,Friday,1,1,none,15.08,8,3.3,5.6,1,1,1,4,1,0,0,1
U04474,dog,Labrador,6-12,paid_ad,desktop,Tuesday,1,1,none,6.4,5,4.0,12.3,1,1,1,4,0,1,1,0
U04475,cat,Sphynx,0-3,paid_ad,mobile,Friday,0,1,retargeting,9.99,2,3.6,17.1,1,0,1,2,1,0,0,1
U04476,cat,Sphynx,6-12,social_media,tablet,Thursday,0,0,awareness,10.64,1,3.4,11.0,1,1,1,1,1,0,0,1
U04477,cat,Maine Coon,12-24,email,mobile,Sunday,0,1,awareness,1.48,2,4.1,10.4,0,0,1,2,2,0,0,1
U04478,dog,Mixed,12-24,organic,desktop,Monday,1,0,seasonal,1.45,6,4.7,33.8,1,0,1,3,2,0,0,1
U04479,cat,Bengal,3-6,social_media,mobile,Sunday,0,0,none,1.63,4,3.6,62.8,1,1,1,7,6,0,0,1
U04480,cat,Ragdoll,3-6,organic,tablet,Friday,0,0,awareness,1.67,4,3.2,18.9,1,1,1,6,2,0,0,1
U04481,dog,Mixed,24+,paid_ad,desktop,Tuesday,1,0,none,7.6,7,4.2,6.3,0,1,1,5,3,1,0,1
U04482,cat,Bengal,0-3,social_media,desktop,Monday,0,1,none,6.86,3,4.5,34.0,1,1,0,0,0,0,0,0
U04483,cat,Persian,6-12,social_media,mobile,Friday,0,0,none,4.15,1,4.1,25.9,1,1,1,2,0,1,0,1
U04484,cat,Ragdoll,12-24,organic,desktop,Wednesday,0,0,awareness,1.64,6,3.2,20.3,1,1,1,3,3,1,0,1
U04485,dog,Mixed,12-24,referral,desktop,Wednesday,0,0,none,12.24,7,3.0,7.4,0,0,1,2,4,0,0,1
U04486,cat,Maine Coon,6-12,organic,desktop,Wednesday,1,1,awareness,4.43,5,3.2,13.8,1,1,1,1,3,0,0,1
U04487,dog,Labrador,3-6,organic,mobile,Saturday,0,0,seasonal,2.91,4,4.8,7.3,0,1,1,2,3,0,0,1
U04488,dog,German Shepherd,0-3,organic,mobile,Friday,0,0,retargeting,26.37,6,4.2,2.9,1,1,1,2,3,0,0,1
U04489,rabbit,Mixed,6-12,referral,mobile,Monday,0,0,none,1.16,3,3.7,22.5,1,0,0,0,0,0,0,0
U04490,cat,Bengal,6-12,referral,mobile,Friday,0,1,none,2.28,3,3.4,18.0,0,1,1,4,2,0,0,1
U04491,dog,Labrador,6-12,email,mobile,Saturday,0,1,awareness,5.13,3,4.4,5.4,0,1,1,0,2,1,0,1
U04492,cat,Maine Coon,24+,paid_ad,mobile,Monday,0,0,none,9.66,3,4.5,10.7,1,1,1,4,1,0,0,1
U04493,cat,Maine Coon,3-6,organic,mobile,Sunday,0,0,seasonal,0.62,4,4.6,13.6,0,1,1,3,4,0,0,1
U04494,rabbit,Holland Lop,24+,referral,mobile,Friday,0,1,seasonal,4.65,1,3.0,24.6,1,1,0,0,0,0,0,0
U04495,cat,Persian,3-6,organic,mobile,Sunday,1,1,awareness,11.4,4,4.5,1.0,1,1,1,6,1,0,0,1
U04496,cat,Sphynx,3-6,organic,tablet,Tuesday,0,0,none,3.57,4,3.3,30.8,1,1,1,4,1,1,1,0
U04497,cat,Siamese,0-3,organic,mobile,Sunday,1,0,seasonal,1.54,4,4.6,7.2,1,1,1,2,2,0,0,1
U04498,dog,Mixed,0-3,email,mobile,Saturday,0,1,retargeting,5.15,2,3.3,11.1,0,1,1,1,0,0,0,1
U04499,dog,Beagle,6-12,paid_ad,mobile,Friday,0,0,awareness,1.29,4,3.5,9.4,0,1,0,0,0,0,0,0
U04500,cat,Persian,6-12,social_media,desktop,Friday,1,0,none,3.78,3,4.6,23.3,1,1,1,1,4,0,0,1
U04501,cat,Persian,3-6,referral,tablet,Monday,0,0,awareness,14.77,3,4.3,16.3,1,0,1,4,6,1,1,0
U04502,cat,Siamese,6-12,social_media,mobile,Sunday,0,0,seasonal,4.06,6,3.1,20.5,1,0,1,0,2,1,1,0
U04503,dog,Bulldog,3-6,organic,mobile,Saturday,0,0,none,0.5,6,3.3,53.1,0,1,1,3,5,0,0,1
U04504,dog,German Shepherd,0-3,social_media,tablet,Monday,0,1,retargeting,2.6,2,3.5,22.6,0,1,0,0,0,0,0,0
U04505,cat,Mixed,0-3,email,mobile,Monday,0,0,none,4.49,1,4.7,19.9,0,1,1,2,3,1,0,1
U04506,dog,Poodle,3-6,paid_ad,mobile,Monday,0,1,seasonal,2.99,3,4.2,2.2,1,1,1,1,0,0,0,1
U04507,cat,Bengal,6-12,social_media,mobile,Friday,1,1,awareness,4.91,2,3.4,6.5,0,1,1,2,0,0,0,1
U04508,dog,German Shepherd,12-24,email,mobile,Friday,0,0,none,6.52,2,3.5,13.5,0,1,1,2,3,0,0,1
U04509,cat,Persian,0-3,organic,tablet,Friday,1,1,none,4.26,3,3.9,5.3,1,0,1,4,2,0,0,1
U04510,bird,Cockatiel,3-6,email,mobile,Wednesday,0,0,awareness,15.19,5,3.2,15.9,1,1,0,0,0,0,0,0
U04511,dog,Golden Retriever,12-24,referral,tablet,Friday,0,0,none,16.0,2,3.8,4.6,1,0,0,0,0,0,0,0
U04512,cat,Maine Coon,24+,organic,tablet,Friday,1,0,awareness,0.5,2,4.6,5.7,1,0,1,2,3,1,0,1
U04513,dog,German Shepherd,3-6,paid_ad,desktop,Monday,0,0,none,2.42,2,3.8,1.0,1,1,1,0,1,0,0,1
U04514,cat,Sphynx,3-6,email,mobile,Wednesday,1,0,none,1.63,2,4.6,4.0,0,0,0,0,0,0,0,0
U04515,cat,Maine Coon,3-6,organic,mobile,Monday,0,0,awareness,0.93,4,4.2,10.7,0,1,1,4,1,1,1,0
U04516,cat,Mixed,0-3,referral,mobile,Sunday,0,0,awareness,1.7,4,3.8,15.1,1,0,0,0,0,0,0,0
U04517,cat,Mixed,6-12,social_media,mobile,Saturday,1,0,awareness,2.52,4,4.8,8.7,1,0,1,5,1,0,0,1
U04518,bird,Cockatiel,6-12,social_media,desktop,Sunday,1,1,awareness,0.5,5,3.9,6.2,1,1,1,3,3,0,0,1
U04519,dog,German Shepherd,0-3,organic,mobile,Wednesday,0,1,awareness,0.62,1,4.5,12.5,0,1,1,2,2,0,0,1
U04520,dog,German Shepherd,3-6,organic,tablet,Sunday,1,0,awareness,0.66,1,4.6,1.0,0,0,1,2,2,0,0,1
U04521,bird,Canary,3-6,paid_ad,mobile,Friday,1,0,none,0.5,2,4.8,4.8,1,1,1,5,5,1,1,0
U04522,cat,Sphynx,6-12,email,desktop,Thursday,0,0,none,5.12,5,3.6,7.3,1,0,1,0,3,0,0,1
U04523,bird,Cockatiel,12-24,referral,desktop,Wednesday,1,0,none,2.44,7,3.4,9.8,0,1,1,4,1,1,1,0
U04524,cat,Persian,3-6,organic,mobile,Saturday,1,1,retargeting,12.47,5,3.9,24.7,1,0,0,0,0,1,0,0
U04525,rabbit,Mixed,12-24,organic,mobile,Sunday,0,1,awareness,0.5,4,4.8,21.0,1,1,1,6,1,1,0,1
U04526,cat,Persian,24+,organic,mobile,Wednesday,0,0,awareness,11.85,1,3.7,9.6,1,1,1,5,0,0,0,1
U04527,cat,Siamese,6-12,social_media,mobile,Tuesday,1,0,retargeting,0.5,2,3.5,10.2,0,1,0,0,0,0,0,0
U04528,bird,Mixed,24+,referral,mobile,Saturday,0,0,none,3.38,4,3.1,18.2,1,1,1,2,2,1,1,0
U04529,cat,Ragdoll,6-12,email,mobile,Sunday,0,0,awareness,1.3,1,4.4,10.5,0,1,0,0,0,0,0,0
U04530,dog,Golden Retriever,0-3,social_media,mobile,Saturday,0,1,none,7.98,2,4.4,2.1,0,0,0,0,0,0,0,0
U04531,dog,Mixed,3-6,paid_ad,tablet,Wednesday,0,0,retargeting,0.5,2,4.7,9.3,1,1,1,2,1,1,1,0
U04532,dog,Labrador,6-12,paid_ad,mobile,Thursday,0,1,retargeting,13.86,1,4.0,13.8,1,1,1,4,2,0,0,1
U04533,dog,Chihuahua,3-6,organic,mobile,Thursday,1,0,retargeting,0.5,8,4.8,13.2,1,1,1,1,1,0,0,1
U04534,dog,Golden Retriever,0-3,paid_ad,mobile,Sunday,1,0,seasonal,1.26,1,3.2,2.1,1,1,1,5,3,0,0,1
U04535,cat,Bengal,3-6,social_media,mobile,Saturday,0,0,retargeting,2.84,2,4.1,52.8,1,1,0,0,0,0,0,0
U04536,cat,Persian,0-3,organic,mobile,Friday,1,0,retargeting,6.42,3,4.0,6.9,1,1,0,0,0,0,0,0
U04537,cat,Persian,12-24,organic,tablet,Wednesday,0,1,none,19.62,2,4.8,66.2,1,1,0,0,0,1,1,0
U04538,cat,Bengal,6-12,social_media,mobile,Sunday,0,1,none,2.54,3,4.8,25.6,0,1,1,3,2,0,0,1
U04539,dog,Bulldog,0-3,social_media,mobile,Saturday,0,1,seasonal,6.44,4,5.0,4.1,0,1,0,0,0,0,0,0
U04540,dog,Mixed,0-3,organic,mobile,Sunday,1,0,seasonal,5.91,1,3.7,37.6,1,1,0,0,0,0,0,0
U04541,dog,Mixed,0-3,organic,mobile,Friday,0,1,awareness,3.85,1,3.8,3.9,1,1,0,0,0,0,0,0
U04542,cat,Siamese,12-24,paid_ad,mobile,Saturday,0,0,none,5.34,3,3.4,2.2,1,1,1,3,0,1,0,1
U04543,dog,German Shepherd,12-24,referral,desktop,Saturday,0,0,seasonal,0.5,4,4.5,8.3,1,1,1,3,0,1,0,1
U04544,dog,Poodle,12-24,paid_ad,mobile,Wednesday,1,0,none,2.65,3,4.7,2.3,1,1,1,3,1,0,0,1
U04545,cat,Sphynx,0-3,organic,mobile,Sunday,1,0,none,7.01,1,4.7,1.0,0,1,1,3,2,0,0,1
U04546,rabbit,Lionhead,24+,organic,desktop,Monday,0,1,awareness,3.86,7,5.0,5.9,0,1,1,4,2,0,0,1
U04547,dog,German Shepherd,12-24,organic,mobile,Saturday,0,0,none,9.41,1,4.1,5.3,1,1,0,0,0,0,0,0
U04548,cat,Maine Coon,6-12,organic,mobile,Sunday,1,0,none,8.16,2,3.4,38.6,1,0,0,0,0,0,0,0
U04549,cat,Persian,6-12,email,tablet,Wednesday,1,0,retargeting,12.94,1,4.2,8.3,1,0,1,2,1,1,0,1
U04550,rabbit,Holland Lop,3-6,email,mobile,Saturday,0,0,none,0.5,1,3.7,70.1,1,1,1,2,3,1,0,1
U04551,bird,Lovebird,6-12,paid_ad,desktop,Friday,1,0,seasonal,1.68,7,3.7,2.0,1,1,1,5,1,1,1,0
U04552,dog,Beagle,3-6,email,mobile,Saturday,1,0,seasonal,0.5,2,4.4,11.4,1,1,1,5,3,0,0,1
U04553,dog,German Shepherd,12-24,organic,mobile,Sunday,0,1,retargeting,18.49,3,3.4,19.1,0,0,1,2,2,0,0,1
U04554,bird,Mixed,3-6,social_media,mobile,Friday,0,0,seasonal,0.94,4,4.1,5.6,0,1,1,1,3,0,0,1
U04555,cat,Mixed,24+,email,mobile,Saturday,0,1,awareness,2.08,1,3.3,2.4,1,1,1,0,1,0,0,1
U04556,cat,Ragdoll,24+,social_media,mobile,Wednesday,1,0,awareness,1.46,1,4.8,14.3,1,0,1,2,1,0,0,1
U04557,cat,Persian,3-6,organic,mobile,Wednesday,0,0,retargeting,0.5,6,3.2,13.1,0,0,1,2,3,1,0,1
U04558,cat,Maine Coon,12-24,social_media,desktop,Thursday,0,0,awareness,2.36,7,4.9,6.1,1,1,1,2,1,0,0,1
U04559,bird,Mixed,0-3,organic,desktop,Saturday,1,1,awareness,0.62,2,5.0,4.5,1,1,1,1,2,1,1,0
U04560,reptile,Bearded Dragon,3-6,organic,mobile,Tuesday,1,0,awareness,1.75,10,3.5,28.6,1,1,0,0,0,0,0,0
U04561,cat,Persian,3-6,paid_ad,desktop,Saturday,0,0,retargeting,26.57,7,3.2,45.6,0,0,1,4,0,1,1,0
U04562,dog,Golden Retriever,6-12,paid_ad,desktop,Thursday,0,1,retargeting,9.35,2,3.1,18.1,0,1,1,3,1,1,0,1
U04563,bird,Parakeet,24+,organic,desktop,Saturday,0,0,retargeting,7.36,3,3.3,10.4,1,1,1,2,3,0,0,1
U04564,dog,Golden Retriever,3-6,organic,mobile,Monday,0,1,retargeting,2.75,1,4.8,1.4,0,0,0,0,0,0,0,0
U04565,dog,Labrador,3-6,paid_ad,desktop,Saturday,1,0,retargeting,13.01,3,4.5,1.7,1,0,1,8,2,0,0,1
U04566,bird,Canary,3-6,organic,mobile,Saturday,0,1,awareness,8.36,2,3.2,9.3,1,1,0,0,0,0,0,0
U04567,dog,Mixed,3-6,social_media,mobile,Sunday,0,0,none,14.83,6,4.9,34.6,1,1,1,4,3,1,0,1
U04568,dog,German Shepherd,6-12,organic,mobile,Saturday,1,0,retargeting,0.5,2,4.3,22.1,0,1,0,0,0,1,1,0
U04569,dog,Bulldog,6-12,organic,desktop,Saturday,0,0,none,16.51,3,4.9,17.7,1,1,0,0,0,0,0,0
U04570,bird,Cockatiel,3-6,paid_ad,tablet,Sunday,0,0,seasonal,1.27,2,4.4,4.5,1,1,1,2,1,0,0,1
U04571,cat,Ragdoll,12-24,paid_ad,tablet,Saturday,0,1,retargeting,3.29,2,3.8,2.2,1,0,1,2,1,1,1,0
U04572,cat,Mixed,6-12,organic,mobile,Wednesday,1,1,retargeting,1.93,4,3.1,33.9,0,1,1,6,1,0,0,1
U04573,dog,German Shepherd,3-6,social_media,tablet,Sunday,0,0,seasonal,7.31,3,3.0,3.1,0,0,0,0,0,0,0,0
U04574,rabbit,Mixed,3-6,organic,mobile,Saturday,0,0,awareness,3.19,5,4.2,4.0,0,1,1,2,2,0,0,1
U04575,rabbit,Mixed,24+,organic,mobile,Thursday,0,0,none,0.5,5,4.0,21.7,0,0,0,0,0,0,0,0
U04576,dog,Chihuahua,6-12,referral,mobile,Saturday,1,0,awareness,6.95,6,4.2,22.7,1,1,0,0,0,0,0,0
U04577,cat,Sphynx,6-12,email,mobile,Sunday,0,0,none,2.64,4,4.9,17.4,1,0,1,1,0,0,0,1
U04578,dog,Mixed,3-6,social_media,desktop,Sunday,0,0,none,0.5,4,4.8,2.3,1,1,1,2,2,0,0,1
U04579,reptile,Ball Python,6-12,paid_ad,mobile,Sunday,1,0,awareness,1.87,5,3.7,3.1,1,1,0,0,0,0,0,0
U04580,cat,Siamese,0-3,paid_ad,tablet,Wednesday,1,0,retargeting,4.72,4,3.6,27.1,1,0,0,0,0,1,0,0
U04581,bird,Lovebird,3-6,paid_ad,mobile,Thursday,1,0,awareness,0.5,2,3.6,5.8,0,0,0,0,0,0,0,0
U04582,dog,Bulldog,12-24,organic,mobile,Tuesday,0,0,awareness,0.75,3,4.9,12.1,1,0,1,2,0,0,0,1
U04583,rabbit,Mini Rex,3-6,organic,tablet,Wednesday,1,0,none,25.24,1,4.8,24.7,1,1,0,0,0,0,0,0
U04584,rabbit,Holland Lop,12-24,email,mobile,Sunday,0,0,awareness,7.17,4,4.9,4.9,0,0,0,0,0,0,0,0
U04585,cat,Ragdoll,0-3,social_media,desktop,Thursday,0,1,none,1.12,6,3.5,2.9,1,1,0,0,0,0,0,0
U04586,reptile,Bearded Dragon,0-3,referral,desktop,Friday,0,0,none,5.21,4,3.9,6.6,1,1,1,4,2,0,0,1
U04587,dog,German Shepherd,12-24,email,mobile,Saturday,0,0,retargeting,2.17,2,3.7,11.1,0,1,0,0,0,0,0,0
U04588,dog,Labrador,12-24,referral,desktop,Saturday,0,1,none,6.12,11,3.6,8.7,1,1,1,3,2,0,0,1
U04589,cat,Mixed,6-12,organic,mobile,Tuesday,0,0,none,2.89,5,3.2,4.9,0,1,1,4,3,0,0,1
U04590,cat,Maine Coon,24+,paid_ad,desktop,Wednesday,1,0,none,0.5,4,4.7,7.7,1,0,0,0,0,0,0,0
U04591,cat,Maine Coon,6-12,social_media,mobile,Thursday,0,0,awareness,1.72,5,3.6,20.8,0,1,1,5,3,0,0,1
U04592,dog,Chihuahua,12-24,referral,mobile,Thursday,0,0,retargeting,0.61,1,3.7,12.2,0,1,1,3,4,0,0,1
U04593,cat,Bengal,3-6,organic,mobile,Sunday,0,0,seasonal,3.05,3,4.2,5.6,0,1,1,2,2,0,0,1
U04594,dog,Poodle,6-12,social_media,mobile,Sunday,1,0,retargeting,10.82,3,4.9,10.6,0,1,1,5,0,0,0,1
U04595,cat,Mixed,12-24,paid_ad,desktop,Thursday,0,1,awareness,42.21,5,4.4,21.7,0,1,1,1,0,1,0,1
U04596,cat,Maine Coon,6-12,social_media,tablet,Sunday,0,0,none,18.77,2,4.3,5.2,1,1,1,5,0,0,0,1
U04597,cat,Ragdoll,12-24,social_media,desktop,Wednesday,0,0,none,33.13,5,3.2,3.1,1,0,1,5,4,0,0,1
U04598,dog,Golden Retriever,3-6,referral,mobile,Saturday,1,1,awareness,0.5,2,4.2,12.0,1,1,1,3,1,1,1,0
U04599,cat,Mixed,3-6,social_media,tablet,Wednesday,0,0,awareness,8.5,5,3.5,9.8,1,0,1,3,7,0,0,1
U04600,dog,Bulldog,3-6,email,mobile,Saturday,0,0,retargeting,1.45,6,4.3,13.4,1,1,1,1,1,1,0,1
U04601,dog,Poodle,12-24,organic,desktop,Thursday,0,0,none,15.66,4,3.7,1.8,0,1,1,0,0,0,0,1
U04602,rabbit,Lionhead,12-24,paid_ad,desktop,Tuesday,1,0,none,10.08,4,3.2,3.7,1,1,0,0,0,1,1,0
U04603,bird,Parakeet,3-6,email,mobile,Wednesday,0,1,none,1.93,1,4.7,1.0,0,0,1,2,4,0,0,1
U04604,dog,Beagle,3-6,social_media,desktop,Thursday,0,1,retargeting,5.0,2,4.1,27.2,1,1,1,3,2,0,0,1
U04605,rabbit,Holland Lop,24+,organic,mobile,Saturday,0,0,none,1.08,2,3.6,7.6,0,1,0,0,0,0,0,0
U04606,bird,Mixed,0-3,email,desktop,Monday,1,1,awareness,2.04,4,3.7,33.6,0,1,1,4,4,0,0,1
U04607,rabbit,Mini Rex,3-6,organic,desktop,Saturday,0,0,none,23.84,4,4.2,43.7,1,1,1,0,3,1,0,1
U04608,dog,Beagle,6-12,organic,tablet,Saturday,0,0,awareness,14.28,3,4.4,1.0,1,0,0,0,0,0,0,0
U04609,reptile,Bearded Dragon,0-3,email,desktop,Saturday,0,0,none,1.28,2,4.0,8.6,1,0,1,2,1,1,1,0
U04610,dog,Chihuahua,6-12,organic,mobile,Saturday,0,0,none,1.47,3,4.1,8.6,0,1,1,6,4,0,0,1
U04611,dog,Poodle,3-6,organic,desktop,Tuesday,0,0,none,0.9,2,3.2,15.7,1,0,0,0,0,0,0,0
U04612,dog,Poodle,24+,email,mobile,Friday,0,0,none,20.47,3,3.3,1.1,1,1,1,3,3,0,0,1
U04613,cat,Bengal,0-3,organic,mobile,Sunday,1,0,none,10.82,3,3.4,40.9,1,1,0,0,0,0,0,0
U04614,dog,Poodle,12-24,social_media,tablet,Friday,0,1,retargeting,5.22,1,4.1,23.1,0,0,1,2,0,0,0,1
U04615,dog,Chihuahua,6-12,organic,tablet,Friday,1,1,none,7.67,5,3.8,1.0,1,1,1,0,2,1,1,0
U04616,dog,Labrador,6-12,email,desktop,Saturday,0,0,none,10.75,6,4.1,3.1,1,0,0,0,0,0,0,0
U04617,rabbit,Holland Lop,0-3,email,mobile,Wednesday,1,0,awareness,0.8,2,3.3,26.1,0,1,1,3,2,1,1,0
U04618,bird,Canary,24+,paid_ad,desktop,Saturday,0,0,retargeting,16.37,4,4.9,3.8,1,1,1,6,4,1,0,1
U04619,dog,Poodle,12-24,organic,tablet,Sunday,0,1,none,4.86,1,4.2,6.9,1,0,0,0,0,0,0,0
U04620,bird,Mixed,3-6,organic,mobile,Monday,0,1,awareness,0.5,5,3.3,15.8,0,1,0,0,0,0,0,0
U04621,bird,Cockatiel,6-12,organic,mobile,Sunday,1,0,retargeting,1.77,4,3.7,1.1,1,1,1,2,1,1,0,1
U04622,rabbit,Dutch,3-6,social_media,desktop,Tuesday,1,0,none,5.52,5,5.0,16.8,1,0,1,0,3,1,1,0
U04623,dog,Labrador,3-6,referral,desktop,Thursday,0,0,awareness,3.39,6,4.9,4.7,1,1,1,2,1,0,0,1
U04624,cat,Bengal,6-12,organic,tablet,Sunday,0,0,none,7.81,3,3.1,2.8,1,1,0,0,0,0,0,0
U04625,bird,Mixed,0-3,organic,mobile,Saturday,0,0,none,7.48,3,4.7,1.6,0,1,0,0,0,0,0,0
U04626,cat,Persian,0-3,organic,desktop,Sunday,0,0,seasonal,11.53,8,4.3,2.5,0,1,0,0,0,0,0,0
U04627,dog,German Shepherd,12-24,email,desktop,Sunday,0,0,none,8.03,9,3.4,12.0,1,1,0,0,0,0,0,0
U04628,cat,Ragdoll,3-6,email,mobile,Thursday,0,0,none,3.27,4,4.7,41.6,1,1,0,0,0,0,0,0
U04629,cat,Sphynx,24+,email,desktop,Saturday,0,0,seasonal,2.29,7,4.3,17.2,1,1,1,2,1,0,0,1
U04630,cat,Maine Coon,0-3,paid_ad,mobile,Thursday,1,1,retargeting,2.76,4,3.2,9.0,1,0,1,3,2,0,0,1
U04631,dog,Chihuahua,24+,social_media,mobile,Thursday,1,0,awareness,1.58,3,4.7,52.2,1,0,1,5,0,0,0,1
U04632,dog,Golden Retriever,6-12,organic,mobile,Thursday,0,1,retargeting,12.37,1,4.5,4.1,1,1,1,5,2,0,0,1
U04633,rabbit,Dutch,3-6,organic,mobile,Saturday,1,0,retargeting,8.32,2,3.0,26.2,1,1,1,5,1,1,0,1
U04634,bird,Lovebird,3-6,email,desktop,Friday,0,0,retargeting,1.02,5,3.5,2.6,0,1,0,0,0,0,0,0
U04635,dog,Poodle,24+,email,tablet,Saturday,1,0,none,11.24,7,3.5,3.8,0,0,1,4,2,0,0,1
U04636,reptile,Ball Python,3-6,social_media,mobile,Saturday,0,1,awareness,4.25,5,3.9,9.9,0,1,0,0,0,0,0,0
U04637,dog,Golden Retriever,6-12,email,mobile,Monday,1,0,none,16.82,4,3.5,1.6,1,0,0,0,0,1,0,0
U04638,cat,Bengal,24+,email,mobile,Saturday,0,0,none,2.83,2,4.7,5.1,1,1,1,1,1,0,0,1
U04639,rabbit,Lionhead,3-6,paid_ad,desktop,Thursday,0,0,awareness,7.68,1,4.4,16.6,1,1,1,3,2,1,1,0
U04640,rabbit,Holland Lop,0-3,email,tablet,Thursday,1,0,awareness,3.65,6,3.1,9.3,1,1,0,0,0,0,0,0
U04641,bird,Mixed,3-6,paid_ad,desktop,Saturday,0,0,none,0.5,5,4.4,12.4,1,0,1,4,2,0,0,1
U04642,dog,German Shepherd,3-6,organic,desktop,Friday,0,1,none,0.5,5,4.9,1.0,0,1,1,2,1,0,0,1
U04643,bird,Lovebird,12-24,email,desktop,Sunday,0,1,awareness,0.78,8,4.0,4.3,1,1,0,0,0,0,0,0
U04644,dog,Golden Retriever,0-3,referral,mobile,Saturday,1,1,awareness,1.6,2,3.4,21.8,1,0,1,2,2,0,0,1
U04645,cat,Sphynx,0-3,social_media,desktop,Friday,0,1,seasonal,2.34,6,4.8,12.8,0,1,1,6,3,0,0,1
U04646,cat,Siamese,12-24,paid_ad,desktop,Saturday,0,0,retargeting,10.16,8,4.3,1.0,1,1,0,0,0,0,0,0
U04647,cat,Mixed,24+,paid_ad,desktop,Monday,0,0,seasonal,9.82,13,3.9,13.8,1,1,0,0,0,0,0,0
U04648,dog,German Shepherd,6-12,organic,desktop,Monday,0,0,awareness,27.72,2,3.8,2.1,0,1,0,0,0,0,0,0
U04649,bird,Canary,3-6,email,desktop,Monday,0,0,retargeting,2.23,5,3.6,2.1,1,1,1,3,2,0,0,1
U04650,dog,Golden Retriever,0-3,organic,desktop,Thursday,1,1,seasonal,21.75,7,3.2,39.7,1,1,1,3,1,1,0,1
U04651,dog,Bulldog,6-12,referral,tablet,Wednesday,0,0,retargeting,6.17,3,4.7,51.7,1,1,0,0,0,0,0,0
U04652,cat,Siamese,3-6,paid_ad,tablet,Sunday,0,1,retargeting,4.44,2,5.0,11.2,1,1,1,2,1,1,0,1
U04653,cat,Ragdoll,6-12,organic,desktop,Friday,0,1,awareness,8.6,3,4.9,13.4,0,1,1,2,4,0,0,1
U04654,rabbit,Mixed,24+,organic,mobile,Saturday,0,0,none,4.25,1,3.3,7.8,1,1,1,7,3,0,0,1
U04655,dog,German Shepherd,0-3,email,mobile,Wednesday,1,0,seasonal,0.86,2,3.8,32.2,1,0,0,0,0,0,0,0
U04656,dog,Poodle,6-12,social_media,desktop,Wednesday,0,0,retargeting,10.87,2,3.6,11.1,1,1,1,2,1,0,0,1
U04657,rabbit,Mini Rex,6-12,organic,mobile,Wednesday,1,0,retargeting,4.52,4,3.7,39.4,0,0,0,0,0,0,0,0
U04658,cat,Bengal,6-12,social_media,mobile,Saturday,0,0,none,27.32,1,3.6,3.8,1,1,0,0,0,0,0,0
U04659,dog,Poodle,12-24,social_media,mobile,Thursday,0,0,none,11.06,3,4.9,1.5,1,1,0,0,0,0,0,0
U04660,cat,Persian,3-6,organic,desktop,Friday,0,0,awareness,9.0,6,4.9,65.6,1,1,1,4,3,1,0,1
U04661,cat,Sphynx,0-3,paid_ad,mobile,Friday,1,1,retargeting,5.67,6,3.1,10.2,0,1,1,0,0,1,0,1
U04662,cat,Ragdoll,0-3,referral,mobile,Saturday,1,0,seasonal,13.28,1,4.1,14.3,1,0,0,0,0,0,0,0
U04663,cat,Siamese,3-6,paid_ad,mobile,Monday,0,0,none,15.55,3,4.3,6.3,1,1,1,1,3,0,0,1
U04664,rabbit,Lionhead,12-24,paid_ad,desktop,Saturday,1,1,retargeting,10.53,7,3.5,2.2,1,1,1,3,5,1,0,1
U04665,rabbit,Holland Lop,6-12,organic,mobile,Friday,0,0,none,5.1,4,3.1,27.6,1,0,0,0,0,0,0,0
U04666,cat,Mixed,0-3,organic,mobile,Saturday,1,0,awareness,0.54,3,3.2,2.3,0,0,1,2,0,0,0,1
U04667,dog,Poodle,3-6,organic,desktop,Wednesday,1,1,awareness,13.84,5,4.5,10.5,1,1,0,0,0,0,0,0
U04668,rabbit,Lionhead,6-12,paid_ad,desktop,Thursday,1,1,retargeting,1.75,2,3.7,26.7,0,1,0,0,0,0,0,0
U04669,cat,Bengal,24+,referral,mobile,Wednesday,1,1,seasonal,3.77,1,4.1,16.2,0,1,1,0,5,0,0,1
U04670,cat,Sphynx,12-24,paid_ad,desktop,Sunday,1,0,none,4.05,3,3.6,16.8,1,1,0,0,0,1,1,0
U04671,dog,Beagle,6-12,paid_ad,mobile,Friday,1,0,awareness,1.93,2,4.6,3.9,0,1,0,0,0,0,0,0
U04672,bird,Canary,3-6,email,desktop,Sunday,0,0,awareness,2.23,6,3.2,11.2,0,1,1,2,2,1,0,1
U04673,cat,Persian,12-24,social_media,mobile,Friday,0,1,none,8.8,5,3.0,1.0,0,1,1,0,3,0,0,1
U04674,dog,Bulldog,24+,social_media,mobile,Tuesday,0,0,seasonal,6.67,3,3.9,1.0,1,1,1,3,3,0,0,1
U04675,cat,Siamese,24+,organic,desktop,Friday,1,0,seasonal,5.78,9,3.8,19.3,1,1,1,4,3,0,0,1
U04676,bird,Mixed,6-12,organic,desktop,Monday,0,1,none,6.55,6,3.0,23.1,1,1,1,1,1,0,0,1
U04677,dog,German Shepherd,12-24,email,mobile,Sunday,0,1,awareness,18.97,3,4.7,2.2,1,0,1,5,1,0,0,1
U04678,reptile,Leopard Gecko,12-24,social_media,mobile,Saturday,1,0,none,1.77,4,4.1,45.3,1,0,1,3,3,0,0,1
U04679,cat,Maine Coon,6-12,email,desktop,Saturday,1,0,awareness,6.25,6,4.7,2.1,1,0,0,0,0,0,0,0
U04680,cat,Maine Coon,24+,email,desktop,Friday,0,0,retargeting,5.95,3,3.9,8.2,1,1,0,0,0,0,0,0
U04681,dog,Beagle,3-6,organic,mobile,Friday,0,1,none,12.51,5,4.2,3.3,1,1,0,0,0,0,0,0
U04682,dog,Mixed,6-12,social_media,desktop,Sunday,0,0,seasonal,3.38,4,3.1,1.6,0,0,1,3,1,1,1,0
U04683,bird,Lovebird,0-3,social_media,mobile,Wednesday,0,0,awareness,15.0,5,4.6,50.7,1,1,1,3,0,0,0,1
U04684,dog,German Shepherd,6-12,social_media,mobile,Saturday,1,0,seasonal,1.65,4,3.1,8.7,1,1,1,4,3,1,1,0
U04685,rabbit,Mini Rex,12-24,paid_ad,mobile,Friday,1,1,none,0.5,3,3.5,6.0,0,1,1,3,1,1,0,1
U04686,dog,Chihuahua,3-6,social_media,mobile,Sunday,0,0,retargeting,0.97,3,3.9,6.0,0,1,0,0,0,0,0,0
U04687,dog,Mixed,12-24,email,mobile,Saturday,0,1,retargeting,2.53,2,3.5,3.5,0,0,1,2,0,0,0,1
U04688,dog,Poodle,12-24,paid_ad,mobile,Sunday,1,0,none,4.77,2,3.1,52.0,1,1,1,3,3,1,1,0
U04689,cat,Siamese,6-12,paid_ad,mobile,Friday,0,0,none,3.31,3,4.4,10.1,0,0,0,0,0,0,0,0
U04690,reptile,Bearded Dragon,12-24,paid_ad,mobile,Tuesday,0,1,seasonal,1.65,4,3.8,11.3,0,0,1,2,1,0,0,1
U04691,dog,Bulldog,3-6,organic,mobile,Friday,1,0,awareness,3.76,3,4.5,18.6,1,1,1,0,5,1,0,1
U04692,dog,Labrador,3-6,organic,mobile,Saturday,1,0,awareness,8.3,5,3.5,7.9,1,1,0,0,0,0,0,0
U04693,dog,Beagle,6-12,organic,desktop,Saturday,0,0,seasonal,14.24,1,3.9,4.9,1,0,0,0,0,1,1,0
U04694,cat,Bengal,24+,organic,mobile,Monday,1,0,none,5.89,7,3.7,5.2,1,0,1,1,0,0,0,1
U04695,cat,Ragdoll,6-12,referral,desktop,Friday,0,1,awareness,23.76,3,3.9,6.4,1,1,0,0,0,0,0,0
U04696,bird,Cockatiel,12-24,email,mobile,Wednesday,0,1,retargeting,3.12,7,4.9,12.9,0,1,1,5,1,0,0,1
U04697,cat,Siamese,12-24,organic,mobile,Sunday,0,0,awareness,0.5,3,3.8,26.6,1,1,1,3,3,0,0,1
U04698,cat,Persian,0-3,organic,desktop,Tuesday,0,0,none,2.68,2,4.0,4.2,0,0,1,3,0,0,0,1
U04699,dog,Beagle,0-3,organic,tablet,Saturday,0,0,awareness,2.59,3,4.9,13.2,0,1,0,0,0,0,0,0
U04700,reptile,Bearded Dragon,6-12,email,mobile,Wednesday,0,1,retargeting,2.77,5,3.1,20.8,1,1,1,1,2,1,0,1
U04701,dog,Beagle,12-24,paid_ad,mobile,Thursday,1,0,awareness,10.7,4,3.6,78.1,1,1,1,2,1,1,1,0
U04702,dog,Labrador,3-6,paid_ad,desktop,Sunday,0,1,retargeting,14.2,4,3.4,35.7,1,1,0,0,0,1,0,0
U04703,cat,Bengal,12-24,referral,tablet,Wednesday,0,0,none,1.72,4,3.9,15.6,0,1,0,0,0,0,0,0
U04704,cat,Persian,3-6,organic,tablet,Monday,0,1,retargeting,4.76,3,3.2,44.0,1,0,0,0,0,0,0,0
U04705,cat,Mixed,3-6,social_media,mobile,Monday,0,1,awareness,4.9,2,3.9,42.1,1,0,1,2,1,0,0,1
U04706,cat,Bengal,3-6,organic,mobile,Friday,0,0,seasonal,19.94,4,3.6,1.0,0,0,1,1,1,0,0,1
U04707,rabbit,Holland Lop,3-6,social_media,desktop,Saturday,0,1,none,0.5,2,4.9,15.8,1,1,1,2,0,0,0,1
U04708,dog,Bulldog,6-12,referral,desktop,Wednesday,1,0,none,4.86,9,3.3,15.8,0,1,1,2,3,0,0,1
U04709,rabbit,Mixed,6-12,email,desktop,Saturday,0,0,none,26.59,2,3.9,16.9,1,0,1,4,2,0,0,1
U04710,cat,Sphynx,3-6,paid_ad,desktop,Monday,0,0,awareness,29.49,7,4.4,41.8,0,1,1,3,1,0,0,1
U04711,cat,Sphynx,3-6,social_media,desktop,Sunday,0,0,none,3.13,7,4.2,5.1,0,1,1,4,4,1,0,1
U04712,cat,Persian,6-12,organic,mobile,Saturday,0,0,retargeting,0.5,4,3.7,4.0,1,1,0,0,0,0,0,0
U04713,dog,German Shepherd,0-3,organic,mobile,Sunday,1,0,seasonal,4.02,5,3.5,9.8,0,1,1,4,0,1,0,1
U04714,rabbit,Mini Rex,6-12,social_media,desktop,Sunday,0,0,none,12.1,2,3.8,5.4,1,1,1,4,1,1,1,0
U04715,cat,Sphynx,0-3,paid_ad,mobile,Thursday,0,0,none,1.78,2,3.1,5.8,0,1,1,3,3,0,0,1
U04716,dog,Bulldog,6-12,organic,mobile,Thursday,1,0,seasonal,12.39,2,3.7,4.3,1,1,1,3,5,0,0,1
U04717,cat,Bengal,3-6,paid_ad,mobile,Saturday,0,0,none,1.84,4,4.2,16.7,1,1,0,0,0,0,0,0
U04718,reptile,Mixed,6-12,paid_ad,mobile,Tuesday,0,0,awareness,3.3,2,5.0,19.9,0,1,1,4,1,0,0,1
U04719,cat,Mixed,12-24,social_media,mobile,Wednesday,1,0,none,5.83,3,4.3,1.6,1,0,0,0,0,0,0,0
U04720,bird,Mixed,6-12,paid_ad,desktop,Tuesday,1,1,awareness,2.54,2,4.9,24.1,1,1,0,0,0,0,0,0
U04721,dog,Chihuahua,24+,social_media,mobile,Thursday,0,0,none,1.98,2,3.0,4.7,1,0,1,3,4,1,1,0
U04722,dog,Poodle,3-6,email,mobile,Friday,0,0,retargeting,2.89,3,4.5,2.1,1,1,0,0,0,0,0,0
U04723,dog,Beagle,3-6,paid_ad,mobile,Tuesday,1,0,awareness,8.2,6,3.9,9.2,1,1,1,3,1,0,0,1
U04724,cat,Ragdoll,3-6,referral,mobile,Monday,0,0,retargeting,0.5,5,4.2,14.3,0,1,0,0,0,0,0,0
U04725,dog,Labrador,0-3,social_media,tablet,Saturday,0,0,none,6.49,3,3.7,19.2,0,1,1,2,1,1,1,0
U04726,dog,Chihuahua,6-12,social_media,desktop,Monday,0,0,awareness,8.82,5,3.6,13.8,1,1,0,0,0,0,0,0
U04727,bird,Parakeet,6-12,organic,mobile,Sunday,0,0,none,2.86,4,3.7,41.7,1,1,0,0,0,0,0,0
U04728,rabbit,Mini Rex,6-12,organic,desktop,Wednesday,0,0,seasonal,16.48,9,4.2,1.0,1,1,1,4,3,0,0,1
U04729,cat,Sphynx,0-3,email,mobile,Saturday,0,0,awareness,4.19,3,4.2,36.4,1,1,1,2,3,0,0,1
U04730,dog,Chihuahua,6-12,referral,tablet,Thursday,1,0,none,6.54,3,4.1,19.8,0,0,1,4,2,0,0,1
U04731,dog,Poodle,6-12,social_media,mobile,Monday,0,0,none,4.17,4,3.8,41.3,1,1,1,0,0,1,1,0
U04732,dog,Labrador,6-12,organic,mobile,Thursday,0,0,none,5.82,4,4.6,4.3,0,1,1,3,5,0,0,1
U04733,cat,Ragdoll,3-6,organic,desktop,Friday,0,0,none,1.13,7,4.6,3.2,1,1,0,0,0,0,0,0
U04734,bird,Mixed,0-3,social_media,desktop,Sunday,1,0,awareness,13.48,2,4.4,86.0,1,1,1,1,0,1,1,0
U04735,cat,Sphynx,3-6,organic,mobile,Saturday,0,0,none,0.5,4,3.3,8.8,0,1,1,2,1,0,0,1
U04736,dog,Labrador,3-6,organic,desktop,Monday,0,1,seasonal,7.99,4,3.7,4.8,1,1,1,7,5,0,0,1
U04737,cat,Ragdoll,3-6,paid_ad,mobile,Tuesday,0,1,none,4.35,4,4.8,23.6,0,1,1,3,2,0,0,1
U04738,dog,Mixed,6-12,organic,tablet,Wednesday,0,0,retargeting,1.52,5,3.9,11.5,0,1,0,0,0,1,1,0
U04739,dog,German Shepherd,6-12,social_media,mobile,Tuesday,1,0,none,0.5,2,4.0,14.5,1,0,1,1,2,0,0,1
U04740,cat,Siamese,24+,paid_ad,tablet,Thursday,0,0,none,0.97,4,4.6,1.0,0,1,1,3,0,0,0,1
U04741,cat,Maine Coon,6-12,organic,mobile,Sunday,0,0,seasonal,1.44,3,4.9,16.4,1,1,1,4,3,1,0,1
U04742,dog,Chihuahua,3-6,email,mobile,Friday,1,0,retargeting,9.73,2,4.9,17.6,1,1,1,3,2,0,0,1
U04743,dog,Bulldog,6-12,email,tablet,Saturday,0,0,awareness,12.58,4,3.5,2.2,1,1,1,1,2,0,0,1
U04744,reptile,Ball Python,6-12,email,tablet,Saturday,0,0,retargeting,0.5,3,3.1,20.5,1,1,1,0,4,0,0,1
U04745,dog,German Shepherd,3-6,social_media,desktop,Sunday,0,0,seasonal,2.66,3,4.0,1.1,1,1,1,4,2,0,0,1
U04746,dog,Chihuahua,6-12,social_media,mobile,Tuesday,0,0,awareness,10.01,1,4.4,1.5,1,0,0,0,0,0,0,0
U04747,dog,Golden Retriever,12-24,paid_ad,mobile,Saturday,0,0,none,1.23,1,4.5,14.8,1,0,1,5,1,0,0,1
U04748,dog,Poodle,6-12,paid_ad,mobile,Sunday,0,1,none,25.08,4,4.3,43.5,0,1,1,7,1,0,0,1
U04749,dog,German Shepherd,0-3,social_media,mobile,Tuesday,0,0,retargeting,1.35,2,3.2,8.8,1,0,1,2,1,0,0,1
U04750,rabbit,Mixed,3-6,organic,desktop,Wednesday,0,0,retargeting,8.06,4,3.7,2.6,0,1,1,5,1,0,0,1
U04751,dog,Bulldog,24+,organic,mobile,Sunday,1,0,retargeting,2.46,1,3.0,20.5,1,1,1,2,0,1,1,0
U04752,cat,Siamese,3-6,organic,desktop,Saturday,1,0,none,1.14,9,4.6,13.4,1,1,1,3,1,0,0,1
U04753,cat,Sphynx,12-24,email,desktop,Wednesday,1,0,seasonal,2.3,3,3.2,54.4,0,1,1,1,2,0,0,1
U04754,cat,Bengal,0-3,organic,mobile,Friday,0,0,awareness,5.12,2,4.2,2.3,0,1,0,0,0,0,0,0
U04755,bird,Parakeet,24+,social_media,desktop,Thursday,1,0,awareness,2.47,3,3.7,21.9,1,0,1,4,2,1,1,0
U04756,bird,Lovebird,3-6,paid_ad,desktop,Friday,0,1,none,5.56,7,3.9,4.5,1,0,1,2,0,1,0,1
U04757,dog,Beagle,24+,organic,desktop,Thursday,0,0,seasonal,1.79,9,3.6,36.5,1,1,1,2,4,1,0,1
U04758,rabbit,Lionhead,0-3,paid_ad,mobile,Wednesday,0,0,awareness,2.08,1,4.5,23.3,1,1,1,1,2,0,0,1
U04759,cat,Sphynx,6-12,paid_ad,desktop,Saturday,0,1,awareness,5.6,3,3.7,9.1,0,1,1,3,2,1,1,0
U04760,reptile,Leopard Gecko,0-3,organic,mobile,Saturday,0,0,seasonal,1.86,3,4.4,1.0,1,1,1,3,4,0,0,1
U04761,cat,Ragdoll,6-12,paid_ad,mobile,Sunday,0,1,seasonal,1.0,2,3.8,17.3,1,0,1,0,1,1,0,1
U04762,reptile,Bearded Dragon,12-24,paid_ad,desktop,Tuesday,0,1,none,3.71,8,3.8,9.3,0,1,0,0,0,1,1,0
U04763,rabbit,Mixed,3-6,social_media,desktop,Saturday,0,0,seasonal,7.08,3,4.1,24.0,0,1,1,5,3,0,0,1
U04764,dog,Labrador,3-6,organic,mobile,Wednesday,1,0,retargeting,15.24,2,3.9,20.2,1,1,0,0,0,1,0,0
U04765,cat,Maine Coon,0-3,social_media,desktop,Thursday,0,1,none,12.16,9,4.2,20.7,0,1,1,2,3,1,1,0
U04766,reptile,Ball Python,6-12,referral,tablet,Sunday,0,1,none,0.88,5,4.8,2.8,1,1,0,0,0,0,0,0
U04767,bird,Mixed,6-12,email,mobile,Thursday,1,0,awareness,1.11,7,3.7,8.6,1,0,1,1,1,1,0,1
U04768,dog,Beagle,6-12,organic,desktop,Tuesday,0,0,awareness,0.64,4,4.4,9.5,1,1,0,0,0,0,0,0
U04769,cat,Persian,24+,email,desktop,Tuesday,0,0,retargeting,1.14,7,4.7,23.0,1,1,1,1,2,0,0,1
U04770,dog,Beagle,0-3,social_media,desktop,Thursday,0,1,none,2.25,5,3.2,7.8,0,1,0,0,0,0,0,0
U04771,dog,Bulldog,6-12,email,mobile,Saturday,1,0,retargeting,1.01,3,4.1,30.1,1,1,1,0,3,1,1,0
U04772,cat,Maine Coon,3-6,paid_ad,mobile,Sunday,1,1,retargeting,1.09,2,3.2,4.8,1,0,0,0,0,0,0,0
U04773,dog,Poodle,3-6,social_media,tablet,Saturday,0,1,awareness,1.71,4,4.6,64.2,0,1,1,2,2,1,0,1
U04774,rabbit,Dutch,3-6,paid_ad,mobile,Sunday,0,1,seasonal,1.25,1,3.7,1.4,0,0,0,0,0,0,0,0
U04775,dog,Labrador,24+,paid_ad,mobile,Saturday,0,0,retargeting,0.61,5,4.0,10.3,1,1,1,1,2,0,0,1
U04776,rabbit,Lionhead,3-6,email,desktop,Sunday,0,0,none,1.95,4,4.1,13.3,1,1,1,4,0,0,0,1
U04777,dog,Beagle,0-3,organic,mobile,Monday,1,0,retargeting,5.31,1,4.2,8.8,1,1,0,0,0,0,0,0
U04778,dog,Golden Retriever,3-6,paid_ad,desktop,Sunday,0,0,seasonal,2.1,3,5.0,11.9,1,0,1,3,4,0,0,1
U04779,dog,Golden Retriever,3-6,referral,desktop,Thursday,0,0,none,1.47,7,4.0,22.6,0,1,0,0,0,1,0,0
U04780,dog,Chihuahua,3-6,organic,desktop,Sunday,1,0,seasonal,0.55,7,4.5,2.8,0,1,0,0,0,0,0,0
U04781,dog,Labrador,6-12,social_media,desktop,Monday,0,0,none,5.41,7,5.0,44.3,0,1,1,6,1,0,0,1
U04782,dog,Beagle,12-24,organic,mobile,Saturday,1,0,awareness,8.39,3,4.5,7.5,0,1,1,5,1,1,0,1
U04783,cat,Mixed,12-24,paid_ad,mobile,Saturday,1,1,retargeting,0.5,3,4.7,14.6,0,1,1,2,3,1,0,1
U04784,dog,Golden Retriever,6-12,paid_ad,desktop,Sunday,0,0,retargeting,6.1,3,3.1,8.7,1,1,1,3,1,0,0,1
U04785,cat,Persian,12-24,organic,mobile,Saturday,1,0,retargeting,4.78,4,3.4,13.7,0,0,0,0,0,0,0,0
U04786,dog,Mixed,0-3,paid_ad,tablet,Thursday,0,0,awareness,5.83,1,4.4,19.4,0,0,1,8,2,1,0,1
U04787,bird,Mixed,3-6,organic,desktop,Friday,0,1,retargeting,12.6,7,4.8,10.6,1,1,1,3,2,0,0,1
U04788,bird,Parakeet,0-3,paid_ad,mobile,Thursday,1,1,retargeting,7.05,2,3.1,1.8,1,1,0,0,0,0,0,0
U04789,cat,Siamese,24+,social_media,desktop,Tuesday,0,0,awareness,0.5,3,4.6,6.1,1,1,1,2,1,1,1,0
U04790,dog,German Shepherd,12-24,social_media,mobile,Wednesday,0,0,awareness,2.04,2,3.4,24.5,0,1,0,0,0,0,0,0
U04791,dog,Chihuahua,12-24,organic,mobile,Wednesday,0,1,retargeting,5.06,1,3.9,12.6,1,1,1,3,2,0,0,1
U04792,reptile,Mixed,6-12,organic,desktop,Friday,0,0,none,18.28,8,4.7,21.3,0,1,1,4,1,0,0,1
U04793,dog,German Shepherd,0-3,email,desktop,Sunday,0,0,awareness,12.74,3,3.3,32.9,1,1,1,1,3,0,0,1
U04794,dog,German Shepherd,3-6,email,mobile,Sunday,0,0,none,0.88,2,4.3,8.7,1,0,1,3,2,0,0,1
U04795,dog,Chihuahua,12-24,organic,mobile,Monday,0,0,retargeting,1.49,2,4.7,6.5,1,0,0,0,0,0,0,0
U04796,dog,Beagle,6-12,organic,mobile,Monday,0,0,none,6.56,2,4.3,1.8,0,0,1,6,1,0,0,1
U04797,dog,Beagle,12-24,organic,mobile,Wednesday,1,0,awareness,2.9,3,3.1,4.7,0,1,1,1,1,1,0,1
U04798,rabbit,Mini Rex,3-6,paid_ad,mobile,Wednesday,0,0,none,2.77,2,4.3,8.2,1,0,1,1,1,0,0,1
U04799,dog,Beagle,0-3,paid_ad,mobile,Monday,0,0,none,4.27,4,3.4,2.1,1,1,0,0,0,0,0,0
U04800,cat,Maine Coon,12-24,organic,desktop,Thursday,0,0,awareness,0.85,5,3.4,1.8,0,1,1,1,2,0,0,1
U04801,dog,Poodle,3-6,email,tablet,Friday,0,0,awareness,12.59,2,3.8,8.8,1,1,0,0,0,0,0,0
U04802,dog,Bulldog,3-6,organic,mobile,Friday,0,0,awareness,9.05,4,4.5,7.0,0,1,1,5,1,0,0,1
U04803,bird,Parakeet,3-6,referral,mobile,Friday,0,0,none,2.21,1,3.2,28.1,1,0,1,5,0,0,0,1
U04804,dog,Chihuahua,6-12,referral,desktop,Wednesday,0,0,seasonal,7.69,7,4.0,1.0,1,1,0,0,0,0,0,0
U04805,rabbit,Holland Lop,6-12,email,desktop,Saturday,1,0,none,6.47,7,4.8,21.6,1,1,0,0,0,1,0,0
U04806,cat,Maine Coon,24+,referral,tablet,Saturday,0,0,seasonal,1.37,1,4.0,3.5,1,1,0,0,0,0,0,0
U04807,dog,Beagle,12-24,paid_ad,mobile,Wednesday,0,0,retargeting,0.54,2,3.6,31.7,1,0,1,0,2,0,0,1
U04808,reptile,Leopard Gecko,6-12,paid_ad,mobile,Monday,0,0,none,0.5,3,3.6,5.0,1,1,0,0,0,0,0,0
U04809,dog,Labrador,0-3,email,mobile,Wednesday,0,0,awareness,11.1,6,5.0,12.0,1,0,1,3,1,1,1,0
U04810,bird,Parakeet,0-3,social_media,desktop,Tuesday,0,0,seasonal,2.55,2,3.2,4.4,1,0,1,3,2,1,0,1
U04811,dog,Mixed,0-3,organic,mobile,Thursday,0,0,awareness,0.5,4,3.8,8.0,0,1,0,0,0,0,0,0
U04812,bird,Mixed,24+,social_media,desktop,Tuesday,0,0,none,3.76,3,4.5,4.1,1,1,0,0,0,0,0,0
U04813,dog,Poodle,12-24,email,mobile,Thursday,1,0,awareness,0.5,1,3.6,7.0,1,1,1,4,3,0,0,1
U04814,cat,Bengal,0-3,organic,mobile,Wednesday,0,1,awareness,0.5,1,4.7,30.0,0,1,0,0,0,0,0,0
U04815,rabbit,Mini Rex,3-6,organic,desktop,Saturday,1,1,retargeting,4.03,6,4.2,17.8,0,1,1,1,2,0,0,1
U04816,bird,Parakeet,3-6,social_media,mobile,Monday,1,1,seasonal,2.49,3,3.9,6.1,0,1,0,0,0,0,0,0
U04817,bird,Mixed,3-6,organic,desktop,Friday,0,0,none,5.21,4,4.9,28.9,1,1,1,2,2,0,0,1
U04818,rabbit,Lionhead,0-3,email,mobile,Tuesday,0,0,none,3.74,1,3.7,1.0,1,1,0,0,0,0,0,0
U04819,bird,Canary,3-6,referral,mobile,Monday,0,1,none,3.86,7,4.9,18.3,1,1,0,0,0,0,0,0
U04820,dog,Chihuahua,12-24,paid_ad,mobile,Sunday,0,0,seasonal,2.58,7,3.1,14.8,1,1,0,0,0,0,0,0
U04821,dog,Mixed,0-3,email,mobile,Saturday,1,0,awareness,4.69,3,3.1,7.0,1,1,1,7,1,1,0,1
U04822,dog,Bulldog,0-3,email,mobile,Monday,0,0,seasonal,1.65,4,3.2,8.0,0,1,0,0,0,0,0,0
U04823,dog,Labrador,6-12,social_media,desktop,Saturday,1,1,awareness,4.54,3,3.2,7.1,0,1,1,4,5,1,1,0
U04824,dog,Bulldog,12-24,organic,desktop,Friday,1,0,retargeting,3.9,5,3.5,15.4,0,0,1,1,1,0,0,1
U04825,cat,Mixed,3-6,paid_ad,mobile,Thursday,0,0,none,1.82,2,3.8,4.1,0,1,0,0,0,0,0,0
U04826,dog,Chihuahua,24+,organic,mobile,Thursday,0,0,seasonal,1.24,8,4.6,78.6,1,0,0,0,0,0,0,0
U04827,cat,Siamese,6-12,organic,tablet,Sunday,0,0,awareness,0.53,3,3.8,1.0,0,1,0,0,0,0,0,0
U04828,dog,Golden Retriever,6-12,paid_ad,mobile,Wednesday,1,1,retargeting,3.21,1,3.3,9.4,1,1,0,0,0,0,0,0
U04829,dog,German Shepherd,12-24,organic,mobile,Thursday,1,0,none,3.51,5,3.1,3.9,1,1,1,3,1,1,1,0
U04830,cat,Maine Coon,3-6,social_media,mobile,Wednesday,0,0,retargeting,1.86,2,4.1,6.6,1,1,1,1,0,1,1,0
U04831,rabbit,Dutch,3-6,organic,desktop,Saturday,0,0,awareness,22.34,4,3.5,29.8,1,0,0,0,0,0,0,0
U04832,cat,Maine Coon,3-6,organic,mobile,Sunday,0,1,none,3.7,4,3.7,6.6,1,1,0,0,0,1,0,0
U04833,cat,Maine Coon,0-3,organic,desktop,Sunday,1,1,awareness,17.15,9,3.5,3.6,1,1,0,0,0,1,1,0
U04834,dog,German Shepherd,12-24,organic,mobile,Saturday,1,1,awareness,3.84,3,3.8,6.9,0,0,0,0,0,0,0,0
U04835,cat,Bengal,3-6,email,mobile,Sunday,0,1,none,0.96,5,4.9,5.8,1,1,0,0,0,0,0,0
U04836,dog,Labrador,12-24,paid_ad,mobile,Saturday,0,0,none,16.72,1,4.9,10.6,1,1,0,0,0,0,0,0
U04837,dog,Beagle,12-24,social_media,desktop,Saturday,0,1,awareness,16.89,4,4.4,34.5,1,1,1,3,1,0,0,1
U04838,cat,Persian,0-3,paid_ad,desktop,Sunday,0,0,none,4.97,6,3.5,17.9,1,1,1,3,2,1,0,1
U04839,dog,Mixed,0-3,organic,mobile,Monday,1,1,awareness,1.27,2,4.7,28.5,0,1,1,2,1,0,0,1
U04840,dog,Mixed,24+,social_media,mobile,Saturday,0,0,awareness,1.15,2,3.0,5.4,1,1,0,0,0,0,0,0
U04841,reptile,Mixed,3-6,organic,desktop,Saturday,0,0,none,9.84,8,4.0,1.0,0,0,1,4,1,0,0,1
U04842,reptile,Leopard Gecko,3-6,email,desktop,Sunday,0,0,none,0.5,4,4.8,6.7,1,0,1,5,2,0,0,1
U04843,dog,Chihuahua,0-3,social_media,mobile,Sunday,0,0,retargeting,4.62,4,3.8,18.4,0,0,1,7,2,1,1,0
U04844,dog,Beagle,24+,email,desktop,Sunday,0,0,none,7.97,9,3.5,4.8,0,1,1,5,0,1,0,1
U04845,dog,Golden Retriever,0-3,paid_ad,mobile,Sunday,1,0,retargeting,0.92,1,4.3,4.9,1,0,1,2,3,1,0,1
U04846,dog,Golden Retriever,12-24,social_media,mobile,Friday,1,0,awareness,5.55,2,4.6,1.5,0,1,1,5,3,1,1,0
U04847,bird,Mixed,12-24,email,mobile,Monday,0,1,seasonal,4.28,2,4.3,3.5,1,1,1,6,2,1,1,0
U04848,dog,Chihuahua,24+,referral,desktop,Monday,0,1,none,3.36,4,3.5,19.8,1,1,1,4,0,0,0,1
U04849,rabbit,Holland Lop,6-12,organic,mobile,Friday,0,1,retargeting,2.31,2,3.3,10.6,1,1,1,3,1,1,1,0
U04850,dog,Poodle,6-12,social_media,desktop,Thursday,0,1,awareness,13.95,8,3.5,1.0,0,1,0,0,0,0,0,0
U04851,reptile,Bearded Dragon,6-12,paid_ad,desktop,Thursday,0,0,none,4.44,5,3.3,88.7,0,1,1,1,12,0,0,1
U04852,dog,Golden Retriever,6-12,email,desktop,Thursday,0,0,none,7.51,4,4.9,12.6,1,0,0,0,0,0,0,0
U04853,rabbit,Holland Lop,3-6,organic,mobile,Sunday,0,0,awareness,1.86,1,3.7,2.5,0,1,1,4,2,0,0,1
U04854,dog,Golden Retriever,6-12,social_media,mobile,Thursday,1,1,none,0.74,2,4.9,1.0,1,1,1,3,3,0,0,1
U04855,cat,Sphynx,3-6,social_media,tablet,Sunday,0,1,none,40.62,4,4.2,12.2,1,1,1,5,2,0,0,1
U04856,dog,Labrador,6-12,social_media,desktop,Sunday,0,1,seasonal,5.91,5,4.4,4.4,1,1,0,0,0,0,0,0
U04857,dog,Golden Retriever,12-24,organic,desktop,Friday,0,1,none,3.2,5,4.8,4.3,1,1,1,3,2,1,1,0
U04858,bird,Canary,0-3,referral,mobile,Thursday,1,0,awareness,4.38,5,5.0,10.3,1,1,1,3,4,0,0,1
U04859,bird,Cockatiel,12-24,paid_ad,mobile,Saturday,0,0,retargeting,3.39,5,4.9,9.4,1,1,1,1,5,0,0,1
U04860,bird,Mixed,3-6,social_media,desktop,Saturday,0,1,retargeting,1.59,4,3.9,6.7,1,1,0,0,0,1,1,0
U04861,cat,Maine Coon,6-12,email,mobile,Wednesday,0,0,none,9.53,3,4.4,24.8,0,1,1,3,4,0,0,1
U04862,rabbit,Lionhead,3-6,paid_ad,desktop,Tuesday,0,0,retargeting,0.5,2,3.8,7.7,1,1,1,5,0,0,0,1
U04863,dog,Bulldog,24+,organic,mobile,Wednesday,1,0,awareness,4.23,2,4.3,8.9,0,0,1,2,1,0,0,1
U04864,dog,Mixed,6-12,organic,mobile,Tuesday,1,0,none,2.96,1,4.0,14.8,1,0,0,0,0,0,0,0
U04865,dog,Chihuahua,24+,social_media,mobile,Wednesday,0,1,none,1.74,3,3.0,18.8,1,1,0,0,0,0,0,0
U04866,cat,Ragdoll,12-24,paid_ad,mobile,Wednesday,1,0,none,7.97,5,4.7,7.0,1,1,1,5,0,0,0,1
U04867,dog,Mixed,12-24,organic,mobile,Saturday,0,0,none,4.86,3,3.7,11.0,1,1,0,0,0,0,0,0
U04868,dog,Mixed,3-6,referral,desktop,Sunday,0,0,none,11.12,5,3.9,10.5,1,1,1,2,2,1,0,1
U04869,cat,Maine Coon,6-12,social_media,mobile,Saturday,1,0,none,2.44,2,3.7,31.7,1,1,1,5,3,0,0,1
U04870,rabbit,Mini Rex,3-6,social_media,mobile,Sunday,0,1,awareness,9.99,5,4.0,8.1,1,0,0,0,0,0,0,0
U04871,dog,Chihuahua,12-24,organic,desktop,Saturday,0,0,retargeting,3.3,3,4.0,9.3,0,0,1,5,1,1,1,0
U04872,dog,German Shepherd,24+,organic,mobile,Saturday,1,0,awareness,3.45,3,4.3,12.9,0,1,1,4,1,1,1,0
U04873,dog,Beagle,3-6,paid_ad,mobile,Thursday,0,0,retargeting,12.34,1,3.8,16.4,0,1,0,0,0,0,0,0
U04874,dog,Labrador,12-24,referral,desktop,Wednesday,0,1,seasonal,0.68,6,3.5,1.0,1,1,1,2,0,1,0,1
U04875,dog,Golden Retriever,12-24,social_media,tablet,Sunday,1,0,seasonal,0.75,4,3.8,15.8,1,0,1,2,3,0,0,1
U04876,cat,Siamese,3-6,referral,mobile,Sunday,1,1,seasonal,23.42,4,3.6,2.5,1,0,0,0,0,0,0,0
U04877,cat,Persian,0-3,paid_ad,mobile,Thursday,1,0,none,16.17,3,4.1,55.9,1,1,1,2,1,1,1,0
U04878,cat,Mixed,3-6,social_media,desktop,Monday,0,0,none,11.52,6,4.5,6.6,1,0,1,2,2,0,0,1
U04879,dog,Chihuahua,0-3,email,mobile,Saturday,1,1,awareness,3.01,3,4.4,9.9,1,1,1,1,1,0,0,1
U04880,rabbit,Dutch,12-24,social_media,desktop,Wednesday,1,0,none,4.23,6,4.8,1.1,1,1,1,3,2,1,0,1
U04881,dog,Mixed,12-24,email,tablet,Monday,0,0,none,1.93,6,3.4,30.9,1,0,1,1,1,1,1,0
U04882,cat,Maine Coon,12-24,organic,tablet,Saturday,1,0,none,3.68,3,4.0,4.3,1,0,1,1,4,0,0,1
U04883,rabbit,Lionhead,12-24,email,mobile,Friday,0,0,seasonal,1.98,4,4.2,5.5,0,1,0,0,0,0,0,0
U04884,dog,German Shepherd,3-6,organic,mobile,Saturday,0,0,none,0.5,4,4.0,14.5,1,1,0,0,0,0,0,0
U04885,dog,Bulldog,24+,paid_ad,tablet,Sunday,0,0,awareness,3.92,4,4.3,1.0,0,1,1,5,4,0,0,1
U04886,bird,Cockatiel,12-24,paid_ad,mobile,Friday,0,0,none,2.29,4,4.7,70.3,1,1,0,0,0,0,0,0
U04887,dog,Mixed,24+,organic,mobile,Friday,0,0,retargeting,4.99,3,3.2,10.6,1,1,1,1,2,1,0,1
U04888,cat,Mixed,6-12,social_media,desktop,Wednesday,0,1,awareness,5.67,3,3.7,27.0,1,1,0,0,0,0,0,0
U04889,dog,German Shepherd,3-6,social_media,mobile,Wednesday,0,0,none,9.0,3,4.0,35.6,1,1,0,0,0,0,0,0
U04890,cat,Persian,6-12,email,mobile,Saturday,0,0,seasonal,2.08,6,4.0,1.0,0,1,1,2,2,1,1,0
U04891,dog,Poodle,6-12,organic,desktop,Thursday,0,0,retargeting,4.11,6,3.0,8.4,1,1,1,3,2,0,0,1
U04892,dog,Poodle,12-24,email,mobile,Tuesday,1,0,retargeting,3.86,7,4.2,33.1,0,1,1,4,2,1,1,0
U04893,cat,Mixed,3-6,organic,mobile,Monday,1,0,seasonal,1.03,3,4.4,17.7,1,1,1,2,3,0,0,1
U04894,dog,Bulldog,6-12,organic,mobile,Thursday,1,1,awareness,2.28,7,3.8,20.2,1,1,0,0,0,1,1,0
U04895,dog,Chihuahua,0-3,organic,desktop,Thursday,0,1,retargeting,9.04,4,4.8,12.0,0,1,1,3,2,0,0,1
U04896,dog,Mixed,6-12,organic,mobile,Saturday,1,0,none,2.41,4,4.4,56.0,1,0,1,2,1,0,0,1
U04897,dog,Bulldog,6-12,paid_ad,mobile,Thursday,0,0,retargeting,10.79,1,4.3,1.6,0,1,1,4,4,1,0,1
U04898,dog,German Shepherd,0-3,referral,desktop,Tuesday,0,0,none,7.45,3,3.4,30.6,1,0,1,9,5,1,1,0
U04899,dog,Mixed,6-12,social_media,desktop,Friday,1,1,none,1.3,7,5.0,17.0,1,1,1,3,3,0,0,1
U04900,bird,Lovebird,3-6,social_media,mobile,Sunday,0,0,awareness,2.34,2,3.9,11.9,1,1,0,0,0,0,0,0
U04901,dog,Labrador,6-12,organic,desktop,Tuesday,1,0,none,11.29,5,3.1,16.6,0,1,1,4,2,0,0,1
U04902,cat,Sphynx,12-24,email,mobile,Saturday,0,0,awareness,4.69,2,3.1,23.0,1,1,1,4,4,1,0,1
U04903,dog,Beagle,3-6,organic,desktop,Friday,0,0,awareness,16.89,5,3.7,3.1,1,0,1,0,3,0,0,1
U04904,dog,Mixed,12-24,email,mobile,Saturday,1,0,awareness,6.31,2,3.1,3.7,1,0,1,1,3,1,1,0
U04905,bird,Lovebird,0-3,referral,mobile,Tuesday,0,1,none,0.5,1,3.3,4.2,1,0,0,0,0,0,0,0
U04906,dog,Bulldog,6-12,organic,desktop,Sunday,1,0,none,0.93,4,4.4,6.4,1,1,0,0,0,0,0,0
U04907,reptile,Leopard Gecko,3-6,paid_ad,mobile,Friday,1,0,awareness,3.67,4,3.7,12.5,1,0,0,0,0,0,0,0
U04908,dog,Bulldog,3-6,organic,mobile,Sunday,0,0,retargeting,1.24,3,3.8,36.3,1,0,1,1,3,0,0,1
U04909,cat,Bengal,3-6,social_media,mobile,Wednesday,0,0,none,4.03,7,4.9,4.4,1,1,0,0,0,0,0,0
U04910,cat,Mixed,3-6,organic,desktop,Saturday,0,0,awareness,12.26,4,4.3,12.1,1,1,1,2,0,1,1,0
U04911,bird,Parakeet,6-12,social_media,mobile,Saturday,0,1,retargeting,3.01,2,3.6,56.4,1,0,1,9,3,1,0,1
U04912,cat,Mixed,12-24,organic,mobile,Thursday,0,0,none,2.44,1,3.7,17.0,1,1,1,7,1,0,0,1
U04913,cat,Siamese,6-12,social_media,mobile,Thursday,0,0,awareness,4.73,3,4.9,8.4,1,0,0,0,0,0,0,0
U04914,dog,Mixed,6-12,social_media,mobile,Saturday,1,1,none,0.71,3,3.9,1.2,1,1,1,4,1,0,0,1
U04915,dog,Mixed,12-24,social_media,mobile,Monday,1,0,seasonal,5.84,6,3.9,5.9,1,1,1,1,0,0,0,1
U04916,bird,Canary,3-6,email,mobile,Saturday,1,0,none,4.18,3,3.5,5.8,1,1,0,0,0,0,0,0
U04917,dog,Chihuahua,3-6,referral,mobile,Monday,0,0,none,3.29,6,3.6,16.8,0,1,0,0,0,0,0,0
U04918,dog,Labrador,12-24,social_media,mobile,Tuesday,0,1,seasonal,1.49,5,4.5,2.8,1,0,0,0,0,0,0,0
U04919,rabbit,Lionhead,0-3,organic,desktop,Saturday,1,0,none,9.58,3,4.6,10.2,0,0,1,2,1,1,1,0
U04920,dog,Labrador,6-12,organic,desktop,Monday,0,0,awareness,5.57,4,3.5,7.7,1,1,1,0,2,0,0,1
U04921,reptile,Leopard Gecko,6-12,paid_ad,desktop,Sunday,1,0,none,0.5,8,4.9,2.3,0,1,1,2,2,0,0,1
U04922,cat,Mixed,6-12,email,mobile,Sunday,1,0,seasonal,11.41,5,3.6,32.9,1,1,1,1,3,1,1,0
U04923,cat,Sphynx,12-24,social_media,tablet,Friday,0,1,retargeting,9.49,5,4.4,14.6,1,1,1,4,4,0,0,1
U04924,bird,Mixed,6-12,organic,mobile,Saturday,1,0,awareness,3.08,1,4.2,16.8,0,1,1,3,2,0,0,1
U04925,dog,Bulldog,12-24,social_media,tablet,Sunday,0,1,none,3.73,2,3.1,7.5,0,1,0,0,0,0,0,0
U04926,dog,Mixed,3-6,organic,mobile,Wednesday,1,0,none,14.63,1,4.7,27.3,0,1,1,4,5,0,0,1
U04927,cat,Bengal,3-6,referral,mobile,Sunday,0,0,awareness,6.79,2,4.3,39.1,1,0,0,0,0,0,0,0
U04928,dog,Golden Retriever,24+,paid_ad,mobile,Tuesday,0,1,none,3.48,3,4.2,1.0,1,0,1,4,2,1,1,0
U04929,cat,Bengal,3-6,organic,mobile,Thursday,1,0,awareness,4.82,5,4.1,9.0,0,0,1,4,0,0,0,1
U04930,bird,Parakeet,0-3,social_media,desktop,Friday,1,0,awareness,1.98,6,4.3,16.7,1,1,1,1,3,1,1,0
U04931,cat,Bengal,6-12,organic,desktop,Saturday,0,0,retargeting,1.7,5,3.2,27.2,1,0,1,5,7,0,0,1
U04932,dog,Golden Retriever,24+,social_media,tablet,Monday,0,0,none,2.08,4,4.5,23.3,1,0,1,3,2,0,0,1
U04933,reptile,Leopard Gecko,12-24,paid_ad,desktop,Wednesday,1,0,awareness,2.08,6,3.6,59.1,1,0,0,0,0,0,0,0
U04934,cat,Siamese,3-6,social_media,mobile,Friday,1,1,retargeting,6.12,2,3.8,21.3,1,1,0,0,0,1,1,0
U04935,cat,Maine Coon,6-12,social_media,mobile,Thursday,1,1,awareness,0.69,1,3.1,2.0,0,0,1,4,1,0,0,1
U04936,dog,Bulldog,24+,organic,tablet,Saturday,1,1,retargeting,9.77,2,3.3,2.6,0,0,1,4,4,0,0,1
U04937,bird,Parakeet,12-24,paid_ad,desktop,Saturday,1,1,none,4.45,3,4.6,45.6,1,0,1,1,3,0,0,1
U04938,cat,Bengal,0-3,email,desktop,Wednesday,1,0,retargeting,3.79,5,3.7,1.0,1,1,0,0,0,0,0,0
U04939,rabbit,Lionhead,6-12,social_media,mobile,Tuesday,0,0,seasonal,1.25,3,4.5,7.1,1,0,1,4,2,0,0,1
U04940,rabbit,Mixed,24+,organic,mobile,Friday,0,0,none,2.52,6,3.7,8.5,1,1,0,0,0,0,0,0
U04941,dog,Golden Retriever,0-3,social_media,tablet,Thursday,0,1,none,2.48,4,4.7,4.5,1,1,0,0,0,0,0,0
U04942,cat,Maine Coon,12-24,referral,mobile,Tuesday,1,0,none,2.55,1,4.0,19.6,1,0,1,3,1,0,0,1
U04943,rabbit,Lionhead,3-6,social_media,mobile,Wednesday,1,0,awareness,4.7,3,3.6,26.8,1,1,1,3,4,1,0,1
U04944,dog,Bulldog,0-3,social_media,mobile,Wednesday,0,0,awareness,4.47,1,4.6,47.0,0,1,0,0,0,0,0,0
U04945,rabbit,Mixed,12-24,social_media,desktop,Tuesday,0,0,none,8.27,5,4.1,51.2,1,0,1,2,1,0,0,1
U04946,bird,Parakeet,6-12,paid_ad,mobile,Friday,0,0,retargeting,4.37,1,4.1,7.5,1,1,0,0,0,0,0,0
U04947,cat,Persian,0-3,social_media,mobile,Saturday,0,0,retargeting,7.68,1,4.4,43.7,1,0,0,0,0,0,0,0
U04948,cat,Maine Coon,12-24,organic,mobile,Friday,0,1,seasonal,1.02,6,5.0,10.0,1,1,0,0,0,0,0,0
U04949,rabbit,Lionhead,6-12,email,mobile,Saturday,0,0,awareness,18.63,2,3.7,26.9,0,1,0,0,0,0,0,0
U04950,rabbit,Dutch,6-12,email,mobile,Tuesday,1,1,awareness,2.26,3,4.1,23.3,0,1,0,0,0,0,0,0
U04951,dog,German Shepherd,6-12,paid_ad,mobile,Thursday,0,0,seasonal,5.76,1,3.6,3.8,1,0,0,0,0,0,0,0
U04952,dog,Golden Retriever,3-6,paid_ad,tablet,Friday,0,1,none,7.36,7,3.8,12.7,0,1,1,5,2,1,0,1
U04953,cat,Maine Coon,0-3,social_media,tablet,Saturday,0,0,retargeting,5.43,3,3.1,53.2,1,1,0,0,0,1,0,0
U04954,cat,Bengal,12-24,organic,mobile,Saturday,1,1,awareness,24.92,2,3.8,11.2,0,1,1,2,2,1,1,0
U04955,cat,Mixed,6-12,referral,desktop,Saturday,1,0,none,1.91,3,3.4,11.1,1,0,1,4,2,0,0,1
U04956,cat,Ragdoll,12-24,social_media,desktop,Saturday,0,0,none,4.27,5,4.2,14.8,1,1,0,0,0,0,0,0
U04957,dog,Golden Retriever,6-12,email,mobile,Monday,1,1,none,0.62,3,3.1,39.7,1,0,1,2,2,0,0,1
U04958,cat,Persian,0-3,email,mobile,Saturday,0,0,awareness,0.91,3,3.3,7.4,1,1,1,2,3,0,0,1
U04959,dog,Beagle,3-6,social_media,mobile,Saturday,0,0,awareness,5.68,3,4.1,1.0,1,1,1,3,0,1,0,1
U04960,cat,Mixed,0-3,organic,mobile,Sunday,0,0,retargeting,0.5,2,3.8,3.0,1,1,1,2,3,0,0,1
U04961,cat,Ragdoll,6-12,paid_ad,mobile,Saturday,0,0,awareness,10.04,3,3.8,48.4,0,0,1,0,1,1,0,1
U04962,dog,Beagle,3-6,paid_ad,desktop,Saturday,0,0,none,7.82,6,4.1,4.5,1,0,1,2,1,0,0,1
U04963,dog,Poodle,24+,email,mobile,Friday,1,0,awareness,2.65,4,3.5,20.4,1,1,1,2,2,0,0,1
U04964,cat,Siamese,0-3,social_media,desktop,Sunday,1,0,none,3.14,5,3.3,7.3,1,1,0,0,0,0,0,0
U04965,cat,Persian,12-24,organic,mobile,Sunday,0,0,none,0.61,3,3.2,1.0,0,1,1,2,1,1,1,0
U04966,dog,Poodle,6-12,organic,mobile,Saturday,0,1,none,11.58,3,4.8,6.0,0,1,1,3,4,1,0,1
U04967,reptile,Ball Python,3-6,social_media,mobile,Friday,0,0,none,4.36,1,4.5,8.0,0,0,0,0,0,0,0,0
U04968,cat,Mixed,12-24,social_media,mobile,Monday,0,0,none,1.87,4,3.7,4.0,1,1,0,0,0,0,0,0
U04969,reptile,Ball Python,24+,referral,desktop,Saturday,0,0,none,0.5,9,3.6,52.3,1,1,1,3,2,0,0,1
U04970,cat,Ragdoll,0-3,paid_ad,desktop,Saturday,0,0,retargeting,3.07,4,4.0,70.3,1,0,1,4,2,0,0,1
U04971,cat,Mixed,12-24,email,mobile,Saturday,1,0,none,0.93,3,3.2,4.9,0,1,0,0,0,0,0,0
U04972,bird,Lovebird,12-24,social_media,desktop,Tuesday,1,0,none,9.26,6,4.8,48.1,0,0,1,3,2,1,0,1
U04973,cat,Persian,12-24,organic,tablet,Saturday,0,1,seasonal,8.26,6,4.2,37.9,0,1,1,3,2,1,0,1
U04974,cat,Maine Coon,3-6,referral,desktop,Wednesday,0,1,awareness,5.38,3,4.9,44.6,1,0,1,7,3,1,1,0
U04975,dog,German Shepherd,12-24,social_media,mobile,Saturday,0,0,none,9.87,1,4.9,20.0,0,1,1,0,1,0,0,1
U04976,cat,Persian,0-3,organic,desktop,Wednesday,0,0,none,1.55,7,4.1,10.1,1,0,0,0,0,0,0,0
U04977,dog,Chihuahua,0-3,social_media,mobile,Saturday,0,0,awareness,2.74,3,4.0,8.0,1,1,1,3,0,1,0,1
U04978,dog,Chihuahua,3-6,paid_ad,desktop,Wednesday,0,1,awareness,9.67,6,3.6,1.0,1,0,1,5,3,1,1,0
U04979,dog,Beagle,3-6,paid_ad,mobile,Monday,0,1,none,0.5,2,4.6,3.6,0,1,0,0,0,0,0,0
U04980,dog,Chihuahua,6-12,organic,mobile,Saturday,1,0,none,2.12,4,4.9,20.2,0,1,0,0,0,0,0,0
U04981,reptile,Mixed,6-12,paid_ad,mobile,Tuesday,0,0,seasonal,2.97,4,3.4,1.8,1,1,1,9,2,1,1,0
U04982,dog,Poodle,3-6,organic,mobile,Saturday,1,0,awareness,2.08,1,4.6,1.0,1,0,1,2,2,1,1,0
U04983,cat,Sphynx,6-12,organic,tablet,Sunday,0,0,awareness,4.25,6,3.4,23.5,1,1,0,0,0,0,0,0
U04984,rabbit,Lionhead,0-3,paid_ad,mobile,Sunday,1,0,none,3.28,3,3.4,7.5,1,1,1,2,0,0,0,1
U04985,cat,Maine Coon,3-6,paid_ad,mobile,Wednesday,0,0,none,2.09,5,3.5,7.6,1,1,0,0,0,0,0,0
U04986,dog,Chihuahua,3-6,email,tablet,Saturday,0,0,awareness,0.73,4,4.4,4.8,0,0,0,0,0,0,0,0
U04987,cat,Persian,3-6,email,mobile,Thursday,0,0,seasonal,0.68,3,3.1,27.5,0,1,1,2,1,0,0,1
U04988,cat,Mixed,3-6,paid_ad,mobile,Sunday,0,0,none,3.41,3,3.6,25.5,0,1,1,3,5,0,0,1
U04989,cat,Persian,0-3,paid_ad,desktop,Saturday,0,1,seasonal,1.5,3,4.0,10.6,1,1,1,2,1,1,1,0
U04990,rabbit,Holland Lop,24+,paid_ad,mobile,Monday,1,0,none,7.72,2,4.6,13.3,0,1,0,0,0,0,0,0
U04991,reptile,Mixed,12-24,email,mobile,Thursday,1,0,awareness,6.29,2,3.7,4.2,1,1,1,2,0,1,1,0
U04992,cat,Persian,0-3,referral,mobile,Wednesday,0,1,none,1.95,3,4.0,2.3,1,1,0,0,0,0,0,0
U04993,dog,German Shepherd,3-6,referral,desktop,Saturday,0,0,awareness,13.87,6,4.3,6.1,1,1,1,2,2,0,0,1
U04994,cat,Siamese,3-6,organic,tablet,Thursday,0,0,awareness,4.95,4,3.5,22.5,1,1,1,7,2,0,0,1
U04995,dog,Chihuahua,3-6,paid_ad,mobile,Saturday,1,0,retargeting,0.79,2,4.9,33.5,1,0,1,3,3,0,0,1
U04996,bird,Mixed,24+,social_media,mobile,Friday,1,0,awareness,3.33,2,3.7,8.1,1,0,1,4,2,1,1,0
U04997,dog,Poodle,12-24,social_media,mobile,Sunday,0,0,none,5.18,5,4.5,34.1,1,1,0,0,0,0,0,0
U04998,dog,German Shepherd,12-24,email,desktop,Sunday,1,1,retargeting,0.68,9,4.3,5.2,0,1,1,2,0,0,0,1
U04999,rabbit,Dutch,12-24,organic,mobile,Thursday,1,0,none,1.32,1,4.3,7.2,1,0,1,6,1,0,0,1
U05000,cat,Sphynx,3-6,social_media,desktop,Saturday,0,0,awareness,0.5,7,3.8,5.7,1,1,1,3,3,0,0,1
