user_id,species,source,device,p_view,p_cart,p_purchase
U00001,2,0,0,0.742906722861994,,
U00002,4,2,1,0.6015487026168018,,
U00003,1,1,1,0.7017601464290834,0.4695481990290975,
U00004,1,1,2,0.5988911959409104,0.33237026286137866,
U00005,2,3,1,0.643608849066447,0.4559751524525839,0.5036327661707038
U00006,2,1,1,0.5241522048055662,0.30328844192394605,0.42560544100987446
U00007,2,2,1,0.4744247253171042,0.38511087490957974,0.47776271800289166
U00008,0,2,1,0.4584628088875248,,
U00009,1,2,0,0.8227572503003319,0.5103788781671929,
U00010,1,1,0,0.6603091016683349,,
U00011,2,2,1,0.6791082540305848,0.4185519399083423,
U00012,4,2,0,0.5643071757982103,,
U00013,3,0,1,0.6941198258610413,,
U00014,2,4,1,0.717584825066242,0.5159572410795892,
U00015,2,1,0,0.63348958351818,0.3790478142769714,
U00016,2,1,0,0.8120377198298956,0.5130686107136393,
U00017,2,4,0,0.6773975664282913,,
U00018,1,0,1,0.6610549934278817,0.40663364382038686,
U00019,1,4,1,0.6046034967425278,0.45004108826188055,
U00020,2,4,1,0.4609981151351172,0.35716513237553976,
U00021,1,4,1,0.4861969338645623,0.2771992343918395,
U00022,2,0,0,0.5407467384236414,0.27782683021677945,
U00023,2,3,1,0.6366950491750849,,
U00024,2,1,0,0.6355775390352053,,
U00025,1,4,1,0.45387238608267955,0.3758762550658239,
U00026,3,1,1,0.7405961041091924,,
U00027,2,0,1,0.6087289791315531,0.47467426152696085,
U00028,1,2,1,0.4896951315993509,,0.4208674706240755
U00029,1,3,0,0.5284494809536537,,
U00030,2,1,1,0.636149526505668,,
U00031,1,3,1,0.4815187381236849,,
U00032,2,1,0,0.6505088268422925,,
U00033,2,0,0,0.6374092435793965,,
U00034,0,1,1,0.44335973085765995,,
U00035,4,2,1,0.5928985413614306,0.3199573990689903,
U00036,3,4,0,0.4638215579942142,0.32820743000243807,
U00037,2,0,2,0.5269712767599585,0.3570793517464885,
U00038,2,2,0,0.5652590435700332,0.3267059870556966,
U00039,1,1,1,0.5015088010302752,,
U00040,1,1,2,0.5387004094179029,,
U00041,2,2,1,0.4542835866601722,,
U00042,1,4,1,0.6460436528500041,,
U00043,2,1,0,0.6235986730976613,0.42261935226622444,
U00044,0,4,1,0.570675026403745,,
U00045,2,0,1,0.5568456081046663,0.3509816586351608,
U00046,1,1,1,0.5044550264022589,,
U00047,2,1,1,0.6291865347184503,,
U00048,1,1,0,0.759188923251452,,
U00049,1,4,0,0.49390563832794016,,
U00050,2,2,1,0.6571447502516656,0.5120832132203404,0.5603569339850333
U00051,4,3,1,0.45241031517559605,0.22706113879551026,
U00052,3,0,2,0.7888248677955041,,0.6607244250204
U00053,0,1,0,0.7693592520821704,0.4254757367307298,
U00054,0,3,1,0.5797582721683693,,
U00055,1,4,2,0.6980552047800949,0.36119183540585903,
U00056,0,1,0,0.8371672697169696,0.43620126785228,
U00057,2,3,1,0.822937463858051,0.5030539776434388,0.572153507969645
U00058,2,2,1,0.5315989614276173,,
U00059,2,2,1,0.6649485736032908,0.4421673500833408,
U00060,2,2,0,0.8012334759803719,0.5122356508604861,0.6225732389073492
U00061,2,1,1,0.6412155370885176,0.3690437406942901,
U00062,2,1,1,0.659845033030707,0.4134623151822833,0.4973539023719206
U00063,3,0,1,0.8128835839773946,,
U00064,2,1,2,0.500555942168773,0.3768544403939584,0.44593067431117567
U00065,2,4,1,0.4418667247507011,0.32973481884975575,
U00066,1,2,2,0.70049035596293,0.23808649505128768,0.8141763924968141
U00067,2,2,2,0.5474156114752967,,
U00068,3,4,1,0.6014157625372727,0.37731245554359866,
U00069,2,2,1,0.4451768863656255,,
U00070,4,2,1,0.7465675707577619,,
U00071,3,0,2,0.44635148837181576,,
U00072,2,1,1,0.6390502495548116,,
U00073,2,1,1,0.5069088993010176,,
U00074,3,4,1,0.5086425121702454,,
U00075,1,1,1,0.6486598760772585,,
U00076,1,1,2,0.527591074011549,0.3419248588045735,
U00077,3,1,0,0.8500075801144207,0.4813739693385846,
U00078,2,4,0,0.6689515849255405,0.3750586229871633,0.48022182751238585
U00079,2,3,1,0.6359381593809157,0.3995888665582641,
U00080,2,1,1,0.4808817634560976,0.3142786773775412,
U00081,0,2,2,0.7113066012044766,0.4324182299079796,0.5943810601738868
U00082,1,0,1,0.49448151609713586,0.36878231901088254,
U00083,2,1,2,0.5630924022955182,0.34147653244686205,
U00084,2,3,1,0.5453923639377275,0.33372653540634145,0.3614211836528632
U00085,2,0,1,0.6157353975974531,0.39021605280524196,0.4381726435872155
U00086,2,4,0,0.5324365723952708,0.453513451833562,
U00087,1,2,2,0.4696430829352349,,
U00088,1,1,2,0.7824659241164571,,0.7170081929505983
U00089,0,0,1,0.4643305303664731,,
U00090,1,1,1,0.6601137695989933,,
U00091,2,2,0,0.7011550011775419,0.37800573429060963,
U00092,1,4,0,0.5756651167800919,,
U00093,3,0,0,0.6036008279763018,,
U00094,1,1,1,0.7663250391452782,0.5074966136172636,
U00095,3,0,2,0.6295951119997868,,
U00096,1,2,0,0.5492476014374358,0.3838787619127393,0.4464261871842468
U00097,1,4,0,0.6916417997107955,0.31524395868358623,
U00098,1,0,1,0.6201826223635227,0.4525481891534037,
U00099,2,4,1,0.5467608720540424,,
U00100,2,2,2,0.7408206241800377,0.3906436786009028,
U00101,2,4,0,0.6370193906064426,0.4403039976161949,0.5724588312825775
U00102,1,2,0,0.6445083747279957,0.4970918536186344,0.5764252537181909
U00103,2,2,2,0.5585520397016676,,
U00104,1,4,0,0.45946283655198994,0.35653024801733163,
U00105,0,1,1,0.6374034389563645,,
U00106,2,4,1,0.749947414289411,0.4765007780074135,
U00107,1,2,1,0.6841908357651099,0.4349414812415479,
U00108,3,1,1,0.662500428496472,0.30382297129995645,
U00109,2,4,1,0.4680113371235771,,
U00110,2,2,1,0.6359349106958313,,
U00111,2,4,1,0.6663675065912146,,
U00112,2,0,1,0.6533390153112008,0.43772994813297383,
U00113,0,1,1,0.5709598885924048,0.30178464316583137,
U00114,3,1,1,0.45952732372249977,0.32084651198056885,
U00115,1,2,1,0.49382429582323084,,
U00116,0,1,0,0.7113289964748165,0.42326715902684137,0.5194473857829123
U00117,3,1,1,0.6440080679201571,0.3564606471207455,
U00118,2,2,1,0.5391276462564294,,
U00119,0,4,0,0.5157067349204123,,
U00120,1,3,0,0.8534440995862813,0.6153722872725177,
U00121,3,3,1,0.6493613522499031,0.3897715521045416,
U00122,0,1,0,0.7320000305295439,0.4592939129673234,
U00123,2,1,2,0.7087846366658134,0.4476845635678403,
U00124,2,2,0,0.8007686695181591,,
U00125,2,4,1,0.4175222499273617,0.3407131944736766,
U00126,1,1,0,0.6030444495228561,0.3443728037253435,
U00127,3,2,1,0.49654846332279784,,
U00128,0,1,0,0.5705932335489602,0.3512423086625151,
U00129,2,2,2,0.6469707282829926,,
U00130,1,1,1,0.7912358368856357,0.500430115720589,
U00131,1,1,2,0.6997311175667813,0.5026429569272783,0.5813108027122234
U00132,2,1,1,0.45823620902788753,0.3373449036576939,0.3662307771451016
U00133,2,3,2,0.48817436232966005,0.350798361024219,0.4345440782400719
U00134,2,0,0,0.695114762961232,0.3810300772705256,
U00135,0,2,1,0.6548592966220379,,
U00136,2,4,0,0.5729455712402285,0.35000065657386975,0.4803911740670357
U00137,1,4,1,0.6007109768983324,0.3831991771242123,0.44729054436775534
U00138,1,1,1,0.6636393352694177,0.4619713944740992,0.5089242791098588
U00139,2,4,0,0.6277640500331498,,
U00140,4,0,1,0.5960252474423681,,
U00141,4,0,0,0.5608553248709458,,
U00142,2,1,1,0.5483476013209337,,
U00143,1,3,1,0.45326450205827545,,
U00144,2,1,2,0.5930796931891653,,
U00145,2,3,1,0.6363097152413365,,
U00146,2,1,0,0.5443370484218744,0.3684416912411058,0.4041191230273671
U00147,1,4,0,0.5386075373507373,0.39741628033360227,
U00148,1,4,0,0.6184186077624022,,
U00149,2,4,2,0.7096065550221565,0.3745841422622061,
U00150,2,0,0,0.7127074267759048,0.39976646363299523,0.602962170310675
U00151,0,4,1,0.5637684555321897,0.34806581995177854,0.44915196811570696
U00152,2,4,0,0.6582483187231277,,
U00153,2,2,1,0.6748808076616507,0.4396035845868914,0.5162927257840265
U00154,1,0,1,0.662886063316907,0.3958222490540247,0.4728634331472347
U00155,4,2,2,0.6545026594121947,0.2871212999512755,0.7044646351914517
U00156,2,1,0,0.685297938645644,0.38331085509607693,0.5024018622985857
U00157,1,0,0,0.5424542876437755,,
U00158,3,0,0,0.5170385159728058,,
U00159,2,4,0,0.6690327740718379,0.3804921535212348,
U00160,1,4,2,0.6186362622127786,,
U00161,2,4,1,0.36936313356395845,0.36949650827948316,0.4387661833898691
U00162,1,1,1,0.6305938226059786,,
U00163,1,1,1,0.7215566521950346,0.42673961912219754,
U00164,1,1,0,0.5224866830361675,0.39584752189808037,
U00165,2,0,1,0.5977914662301954,0.3948557831569359,
U00166,3,0,1,0.6485834972284114,,
U00167,2,3,1,0.4880371594416134,,
U00168,2,2,2,0.6493881648260572,,
U00169,2,1,0,0.8130040648704994,0.5621291308485411,0.6246960516211979
U00170,1,2,1,0.5088056107963295,,
U00171,1,2,1,0.6681356323597194,0.36135195906846374,
U00172,2,4,1,0.4611515479316765,,
U00173,1,0,1,0.6798424133224057,0.4747266533915754,0.5151372463134155
U00174,2,3,1,0.6490062095234534,,
U00175,1,4,2,0.5220740358786893,,
U00176,2,3,2,0.5642740579079978,,
U00177,1,1,1,0.5472587752799665,,
U00178,2,1,1,0.7250557733431846,0.4882841296249691,
U00179,0,4,1,0.42922476700574963,0.38882679129551034,
U00180,2,0,1,0.49595944788278246,,
U00181,2,2,1,0.6689991218701599,0.38062461656663815,0.4655513203379488
U00182,2,3,1,0.5011120080304027,0.3899698158634013,0.39093207672010755
U00183,0,4,1,0.563884005125402,0.3780182681775101,0.4934728014793753
U00184,0,1,0,0.7500068163629999,0.4774279095219514,
U00185,2,2,0,0.5074946432068227,0.3671485633753856,
U00186,1,0,0,0.7582355683420245,,
U00187,3,1,1,0.648640034752277,0.39583998695157135,
U00188,1,4,2,0.5995281561903344,0.44790857171449006,
U00189,1,2,2,0.6760047069725608,0.3877583741105367,
U00190,2,2,1,0.4666242639004517,0.3613813565416759,
U00191,2,4,1,0.5992511992778629,,
U00192,0,4,1,0.43972905663507256,,
U00193,0,3,1,0.6551283888020494,0.32607598177165453,0.45414702960102177
U00194,1,0,1,0.7893697464026186,0.5582632309677685,
U00195,2,4,0,0.7736613692122688,,
U00196,2,1,1,0.48934110303500483,0.31545714491675664,
U00197,1,2,1,0.5440870640957898,,
U00198,0,1,1,0.636034114668396,,
U00199,0,1,2,0.6971166146242951,,
U00200,3,4,1,0.44286190000898423,0.28935432831087043,
U00201,1,1,0,0.6994844355239053,0.4242903738429231,
U00202,2,0,1,0.6816558206218235,0.4991561572752887,0.550013645609446
U00203,2,1,1,0.6904334427584325,0.4638947511334488,0.5032685301421339
U00204,0,0,0,0.5540225734309874,,0.4788297688599813
U00205,1,1,1,0.487098800843782,0.31322879492294964,
U00206,2,1,1,0.4784469422378835,0.3066189557313685,
U00207,2,1,1,0.5081599449145223,,
U00208,1,3,0,0.6851392426197536,0.40746888627735844,
U00209,2,2,0,0.6388239417697044,0.4413130969081539,
U00210,2,1,1,0.6999544430915745,,
U00211,1,2,0,0.7047345100272153,0.4238398283598683,
U00212,1,0,1,0.46786088948684124,,
U00213,1,3,0,0.7376890391869023,0.5056622449653072,
U00214,2,4,1,0.5925602168475252,0.4390868835032138,
U00215,1,0,0,0.7442734195135733,0.46591323229686266,
U00216,2,1,2,0.5349485923064232,,
U00217,2,4,2,0.4845413715685942,0.31707916154019844,
U00218,1,3,1,0.625868250564662,0.41596094072592715,
U00219,1,4,0,0.47079843972071567,0.3796865166141623,
U00220,3,1,1,0.6228111318288521,0.33231445999246634,
U00221,1,1,2,0.5491885395334691,,
U00222,1,2,1,0.4414437199399774,,
U00223,2,0,1,0.5074706655669236,0.30367522863668167,
U00224,2,4,1,0.5810212719750772,0.38510973277119603,
U00225,2,3,1,0.7813289380920164,,
U00226,2,1,0,0.9475222734706671,,
U00227,4,4,2,0.7436980500348824,0.3715173625191813,
U00228,2,3,0,0.5755019245777321,,
U00229,0,4,0,0.6622467449921762,0.3480196518734819,0.5227500107112854
U00230,1,1,0,0.746280282857004,0.49151911528486253,
U00231,3,4,1,0.5647668045841688,0.274624763448627,
U00232,1,2,1,0.48871165820465645,,
U00233,1,1,1,0.4126165766193081,0.2158897159420392,
U00234,1,3,1,0.6519739469387261,,
U00235,2,2,1,0.6533920004411581,0.5185942833982301,0.5319907900539895
U00236,1,1,1,0.6721152601557099,0.3824272606265404,
U00237,2,2,1,0.5178461705496219,0.37171291268824275,
U00238,2,4,1,0.46648802842431425,0.11071143321153,0.903651736355507
U00239,1,4,2,0.4210775183040423,,
U00240,2,2,1,0.5462473535510197,,
U00241,0,3,1,0.6759324187367198,,
U00242,4,1,0,0.6588692804824944,0.3509006945606958,
U00243,0,4,1,0.6425380496388682,0.4026818017840062,
U00244,2,4,1,0.5743293256187888,0.4036583104695979,
U00245,2,4,1,0.7405471710820327,0.48551701611283343,
U00246,0,4,1,0.592229461826965,,
U00247,1,1,1,0.4584046558582255,,
U00248,4,0,1,0.7957838661284163,,0.7341959113955551
U00249,4,4,0,0.5984177548780187,0.3511348787807404,0.6998974889135007
U00250,0,1,0,0.5366239745153958,0.4034759268500922,0.44775178523209447
U00251,2,2,1,0.5277445798378161,0.1223525577074137,
U00252,2,2,1,0.5093518188021805,0.31511918490983376,0.39169583604230307
U00253,0,4,1,0.7397474246665797,0.5312397316855465,0.6048823259532117
U00254,2,1,0,0.804919630772244,0.41887722242475606,0.6959399162863027
U00255,2,0,1,0.6689460101639236,0.40623287334549474,0.4518856856906732
U00256,1,1,0,0.529463977143018,0.36617845627501816,
U00257,0,1,0,0.8187976513514224,0.5482934903104301,
U00258,1,2,1,0.43161296872657834,0.3513539623262688,
U00259,1,1,1,0.794382391461954,,
U00260,2,1,1,0.4334192422727002,,
U00261,1,1,1,0.47888763119238703,,
U00262,4,1,1,0.6239927657106157,0.4029676425484414,0.633279524017325
U00263,2,1,1,0.6971594942687471,0.4423383283802098,
U00264,1,3,1,0.4325405224816685,,
U00265,0,1,1,0.4808789416372789,,
U00266,1,1,0,0.5765567715781778,0.3055169801769985,0.5716236990871847
U00267,1,1,1,0.789201392281531,0.5058659117089884,0.571293311312578
U00268,1,3,2,0.5896163809300554,0.31471183122685764,
U00269,2,4,2,0.5249722332977261,,
U00270,2,4,2,0.4626904085710918,0.334789941051882,
U00271,3,2,0,0.7850122604352703,,
U00272,3,4,1,0.46453432614127393,,
U00273,0,4,1,0.5384486661669382,0.4015846638938551,
U00274,0,1,0,0.6509062374068318,0.43643589889405665,
U00275,1,4,0,0.4927213487523995,,
U00276,1,4,0,0.5515988352520408,,
U00277,3,0,2,0.555385974319393,0.28256677112988904,
U00278,1,1,1,0.627568095219314,0.3797105580250525,
U00279,1,0,1,0.5728034835909284,0.3109213588737539,
U00280,3,1,1,0.6555113597236044,,
U00281,0,1,1,0.4842772064184518,,
U00282,2,4,1,0.4815570433497519,,
U00283,2,3,0,0.6614461691606245,0.4018981280872752,
U00284,2,4,0,0.686888754872987,,
U00285,1,0,1,0.724387722637338,0.43652872548192106,0.44033163523960434
U00286,2,1,2,0.793711436808225,0.5412763601082916,0.6445581975216984
U00287,1,1,0,0.9362687983064739,0.8150327347793948,
U00288,1,1,0,0.7307138777542657,0.35833883577781445,
U00289,2,4,1,0.5265947514816983,,
U00290,1,1,0,0.8517859218744461,0.593956175555338,0.6425438242687977
U00291,2,1,0,0.5837467045823506,0.4272136356108772,
U00292,2,2,1,0.5174483458072912,,
U00293,3,1,1,0.48346572731889526,,
U00294,2,0,2,0.5442764883041277,0.321057923636218,0.4648236307982263
U00295,2,4,1,0.48418327811508344,0.3387533203004803,
U00296,1,4,1,0.4428941481361086,,
U00297,3,0,1,0.49226259375568293,0.2663103367225015,
U00298,2,4,0,0.5111438483239629,0.32725850271891893,0.4471753862763849
U00299,1,1,0,0.6060547278348389,0.4250731133012498,0.4555407627032506
U00300,2,2,1,0.5451467436775543,0.3400241100753478,0.3986406606239069
U00301,2,2,1,0.5031956110580572,0.39379384896360803,0.3816779665059072
U00302,1,1,2,0.5511039693471875,,
U00303,1,1,0,0.5546470634651793,,
U00304,1,2,0,0.6133359532661403,,
U00305,1,4,1,0.4388836321465854,,
U00306,4,0,1,0.618512344283245,,
U00307,1,4,1,0.4836752916153989,,
U00308,2,1,0,0.5319297410555781,,
U00309,3,0,1,0.4935667432722687,,
U00310,2,4,1,0.3785379044146962,0.3821213629952819,
U00311,1,1,1,0.46384198120981046,,
U00312,2,4,1,0.46731791598409983,0.311481192807779,0.4205180569239456
U00313,2,2,0,0.5404415104631867,,
U00314,4,0,1,0.5210503239466409,,
U00315,3,1,0,0.8333445301402672,0.5294916475134319,0.6829866044642148
U00316,1,4,2,0.49466693407578977,,
U00317,1,2,1,0.5964532420420959,0.4940065788872636,0.5580605453830788
U00318,2,2,0,0.6328801425567765,,
U00319,2,0,2,0.6482027666779975,0.42408598378975454,0.5926802490088643
U00320,2,1,2,0.7003224533058262,0.44814268542229,0.5438115755230608
U00321,1,2,1,0.7752575025110316,0.5493426500209626,0.5798387105787381
U00322,1,0,1,0.44022427593303204,,
U00323,1,1,1,0.5360850081143866,0.38212909400833744,
U00324,2,4,0,0.7176295212352447,,
U00325,4,4,0,0.785793760105242,0.4637039243708007,
U00326,1,0,0,0.8701236601508686,0.4766525596832651,
U00327,1,1,1,0.5078664900941662,0.3507304043807861,
U00328,1,0,1,0.5819670762292194,,
U00329,1,3,0,0.7381885901917717,,
U00330,2,2,1,0.4351364897101727,0.36639096822581135,0.380633722601586
U00331,2,3,0,0.646187511114739,0.4385135776340384,0.4849708958476283
U00332,3,3,1,0.697899279352977,0.40520552055616416,
U00333,2,1,1,0.6434156920987208,,
U00334,2,0,1,0.46169186759979153,,
U00335,2,4,1,0.46386516694655106,,
U00336,2,2,1,0.8538441311159425,,
U00337,0,1,1,0.5005907449148955,0.3695847608466914,0.47829433597822546
U00338,1,3,1,0.4357731721381927,,
U00339,1,0,1,0.5276722130684739,,
U00340,2,2,1,0.7155582044073555,,0.522816095228829
U00341,1,1,0,0.695370623522017,0.412405459757762,0.5073520139589178
U00342,1,1,1,0.5221119297546666,0.45292706205547156,0.46876644653159744
U00343,2,2,0,0.7816104627947787,0.5290346839655117,
U00344,1,1,0,0.6206386272046011,0.3667250911539589,0.4389784977175696
U00345,2,2,0,0.8474611722902344,0.568816798457825,
U00346,1,1,2,0.42611329216096466,0.09960839662095831,
U00347,1,0,1,0.48905775768987564,0.28338366596700165,
U00348,2,4,0,0.6556912763289964,,
U00349,2,0,2,0.5723095647887292,,
U00350,1,0,0,0.814932344054996,0.5159355241005713,
U00351,1,4,1,0.47231112067169095,,
U00352,0,1,1,0.5294561687247902,,
U00353,1,1,1,0.5377717617062437,0.4150608915843507,0.3914305245979068
U00354,2,0,0,0.8248382280935194,0.6009036324543753,
U00355,2,4,0,0.5311639633009055,0.3446588523571092,
U00356,1,2,1,0.5110643301063318,0.3696288133718778,0.38842214672164116
U00357,2,4,1,0.42358809076269427,,
U00358,1,4,0,0.6633988445755299,0.44583429175626854,
U00359,0,4,1,0.4584602778077939,,
U00360,1,1,0,0.5542346562421288,0.35201159564659473,0.4019549657544637
U00361,2,4,0,0.49004461459124926,0.31890726609773523,
U00362,1,3,1,0.4823451201990039,0.439496298957526,
U00363,1,2,0,0.6760418797804887,0.45756053988358336,0.5087639603389426
U00364,1,4,1,0.46043508300632086,,
U00365,0,0,0,0.704685443386522,,
U00366,2,2,2,0.7228854745466341,0.4476154386600942,
U00367,4,4,0,0.5125262260424517,0.2995813278655429,
U00368,0,1,1,0.5260512727987788,,
U00369,2,1,1,0.8307720802517128,0.528903433786636,0.5431848371409785
U00370,2,4,1,0.5429039556511722,,
U00371,2,3,1,0.6887620259988321,0.4412348471493984,0.5081188664988115
U00372,2,0,1,0.5202683446408471,,
U00373,2,1,1,0.6131678560870908,0.48435686604452605,0.580478588202334
U00374,1,1,1,0.8284450537184298,,0.5845478654150547
U00375,2,2,1,0.690982973881359,0.46525810929307604,
U00376,2,2,1,0.5194033672937719,0.3585257862264713,
U00377,3,0,2,0.5087741920874898,0.2668049392317318,
U00378,2,0,0,0.5561791302144637,,
U00379,3,1,1,0.46189973645548854,0.3497995522266423,0.49643577100638847
U00380,2,2,1,0.5360694066157913,,
U00381,2,2,1,0.4807124006704221,0.334105389610793,
U00382,1,1,1,0.5871286069053612,0.46877934818342776,0.5107840564032533
U00383,1,2,1,0.4406830104274804,,
U00384,0,1,0,0.6896905865339901,,
U00385,1,1,0,0.8136099510704836,,0.6752120650782957
U00386,3,1,0,0.6740338371252294,0.4179148387207306,
U00387,2,1,1,0.6932752356887741,,
U00388,2,4,2,0.5094365173649329,0.3522827394820727,
U00389,3,4,2,0.5649943534999441,0.3378950297919694,0.5223918873664196
U00390,3,4,1,0.5851945173117327,0.4979168420246088,0.5767569760686253
U00391,4,4,1,0.39422834493419806,0.09329791776852688,
U00392,1,1,1,0.6383839399985891,0.4136226928622761,
U00393,2,1,1,0.49619538581473716,,
U00394,3,0,0,0.5467737945266596,,
U00395,2,4,1,0.582975068850436,,
U00396,0,1,1,0.66765847096011,0.39245228620285616,0.4484731400934252
U00397,0,2,1,0.6266478633311942,,
U00398,1,2,1,0.6681095307028654,0.4304043149133946,0.4273318514081455
U00399,3,2,0,0.5425965650489492,0.29643493271649146,0.49439942084424626
U00400,3,4,0,0.5525780459192684,0.1449360767340543,
U00401,2,1,0,0.7204637479383307,0.49434354264812747,
U00402,0,0,1,0.6731274936302377,0.41257108629801825,0.5497795401414673
U00403,1,1,0,0.5960171363627021,,0.4492971203485234
U00404,3,4,1,0.563314247258198,0.3685958269044577,
U00405,2,1,0,0.6576616956954411,,
U00406,0,2,1,0.4537703216228218,,
U00407,2,1,1,0.8256594453331688,0.5917927329722336,
U00408,2,3,1,0.6058352715467209,,
U00409,0,2,1,0.4362550730011988,0.33224221173236185,
U00410,2,4,2,0.518389997198582,0.2322588408577895,
U00411,2,2,1,0.7032831571977655,,
U00412,4,0,1,0.7744920735802686,0.4172581316101375,0.6907470679939538
U00413,4,2,1,0.751712166966504,0.5112626029669709,0.6238155139656735
U00414,1,4,0,0.6196484703453005,0.42804787379499043,
U00415,1,2,1,0.6770254123435049,,
U00416,1,4,0,0.6368631768203072,0.422427337416724,0.462443690307106
U00417,2,3,0,0.7381830052816833,0.5118007245888081,0.5475626957204013
U00418,2,4,1,0.5928097644113681,,0.5554920829906096
U00419,1,4,1,0.43945166295423793,0.32818014444487237,0.40765715977117667
U00420,3,2,1,0.4878944657264563,0.27643164265779435,0.42542587444484947
U00421,3,2,0,0.5410537215842689,0.30229285427303937,
U00422,3,0,1,0.4776057673967202,0.30909685909642626,
U00423,2,1,1,0.6884691737428725,0.40964029673399394,
U00424,1,4,0,0.7678572937130176,0.5334249768351238,
U00425,2,3,0,0.6852912239796168,0.4173564058496996,0.49137027108929265
U00426,1,2,1,0.6696519650777238,0.43884198455870127,0.4515242032450163
U00427,1,2,1,0.5435847142232099,0.3560901269178944,0.3547196616368019
U00428,0,1,1,0.5778306874406774,,
U00429,2,4,1,0.42672304536393213,,
U00430,2,0,1,0.4516700668017879,,
U00431,2,2,2,0.6650429609834339,0.47131484915033994,
U00432,3,1,1,0.48497619784979945,0.26918842508763213,
U00433,1,2,0,0.5445952948475004,0.3382299853894431,
U00434,2,4,0,0.5313112128235865,,
U00435,2,1,1,0.6550757657900066,0.44761808829764366,
U00436,1,4,0,0.7233298338514896,,
U00437,2,1,1,0.5285470354666251,0.35251347331061217,0.4123671511125477
U00438,3,4,2,0.4716688288186209,0.27710754800526816,
U00439,1,1,0,0.7442492676599106,,
U00440,2,1,1,0.7498271929402341,0.5147486728280849,0.5843965469345233
U00441,2,2,1,0.672390946482909,0.4410759188445903,0.4381846171961122
U00442,4,1,1,0.46352996518294304,0.26504818311360745,
U00443,2,1,1,0.6278159799899905,0.41868787914447636,0.501139057868614
U00444,2,4,1,0.5725506380834061,0.44051594872539046,0.5378719353751633
U00445,3,4,1,0.6008368676313594,,
U00446,0,2,0,0.5004420945196311,,
U00447,4,4,1,0.4285177832326579,0.211001465895852,
U00448,3,2,0,0.5150355072402706,,
U00449,2,0,0,0.5957265115421996,0.4004298956200782,0.5209516906979219
U00450,2,1,1,0.4638426748234797,,
U00451,3,1,0,0.5404185959180352,0.21024817502716064,
U00452,1,4,1,0.6125181772858411,0.39977264088635034,
U00453,1,4,1,0.46261374735368654,,
U00454,0,2,0,0.7626812547859599,0.4864036749926285,
U00455,2,0,1,0.4859680244958057,,
U00456,1,4,0,0.5232701558393276,,
U00457,2,1,0,0.7408764090439168,0.534856208160746,
U00458,1,1,2,0.8421783163648044,0.5319466778183183,0.6146405534477323
U00459,2,0,0,0.6138725801219296,,
U00460,2,4,0,0.6959402420762378,,
U00461,2,4,1,0.7343451349950363,0.5032819890293483,0.5702403609152161
U00462,1,1,1,0.5125021732119294,0.3832033018433286,
U00463,1,0,0,0.7214745104678641,,
U00464,1,2,1,0.7668021219746824,0.5417416313397917,0.6346624857989753
U00465,4,1,1,0.5707202865757994,,
U00466,2,4,1,0.45350504409760084,0.2939625613112489,
U00467,2,3,0,0.5114442426106853,0.3761037268829176,
U00468,0,4,1,0.6705384896051817,,
U00469,2,0,0,0.514239516147767,0.3273901620872326,0.44090197561171013
U00470,4,1,1,0.47599906188112256,0.21687614152123827,0.5280707651752411
U00471,2,0,1,0.6037873720676752,0.4096467224677045,
U00472,4,1,1,0.46863421449060133,0.24980556881175436,
U00473,2,3,1,0.7227662898157001,0.5719201895961714,0.5907936412241513
U00474,0,2,0,0.7278703012427211,0.38660862021802184,
U00475,1,2,1,0.6097231466021844,0.4264631102845844,
U00476,4,2,1,0.5011425227013314,,
U00477,2,0,1,0.4930114151598865,,
U00478,1,4,1,0.618326776402962,,
U00479,4,2,1,0.45602049084592144,0.2180660567478745,0.4831885773930345
U00480,1,3,1,0.5173708980366368,,
U00481,1,4,2,0.4868108920416679,0.32199279692585897,
U00482,1,3,0,0.6044584259512141,0.33558524428992786,
U00483,1,0,1,0.46213935241818765,0.35749647062625356,
U00484,1,4,1,0.6422321920015516,0.3586709197941257,
U00485,1,4,1,0.5053486690517398,0.26677114149153514,0.4167997624719259
U00486,0,1,1,0.5584849398745463,0.2972054192859393,
U00487,2,1,0,0.8252116098398066,0.5832568187996648,0.5986711308380649
U00488,2,1,0,0.7401298049074463,0.38753941742317766,
U00489,4,4,1,0.3806992411090495,0.2952228811134488,
U00490,0,4,0,0.659826643451402,0.4670639257002519,
U00491,1,4,1,0.6665764411461623,0.5314029869786214,
U00492,1,3,1,0.5140031172582225,,
U00493,2,4,1,0.7544368570366641,0.5301584347233926,
U00494,2,4,1,0.568394330770148,0.3578370990393223,
U00495,1,1,2,0.5042563169188891,0.35095719428727234,
U00496,2,1,1,0.6765098870677108,0.41558387797496765,
U00497,1,2,1,0.6464436547285656,,
U00498,2,0,2,0.7463601242060136,0.43330471981231067,
U00499,4,2,0,0.5125888951285176,,
U00500,4,1,0,0.6745690149074792,0.3061314531915599,
U00501,1,0,2,0.7971896350277827,,
U00502,1,1,1,0.5384141385245822,,
U00503,2,1,0,0.6211489834940384,,
U00504,3,1,0,0.6828949312115123,0.3815780112071833,0.5279168081253068
U00505,1,1,0,0.6716345042509583,0.43162840540369335,0.5350471045944267
U00506,2,4,0,0.7751932612828542,0.5367286247946398,0.7079151106680474
U00507,0,1,1,0.5236021231387379,0.29297582374079717,0.4418240668951982
U00508,3,3,0,0.6379162153912884,,
U00509,0,4,1,0.4161910421291769,,
U00510,1,1,1,0.6014365347732127,,
U00511,1,1,1,0.6278621602993129,0.39078878448480064,
U00512,1,0,2,0.5807078803804043,0.31224212557064246,
U00513,0,1,1,0.6916166704244355,0.43115597924487514,0.505349346610099
U00514,0,2,1,0.6335889411985779,,
U00515,2,3,1,0.4920771171327609,0.2967892479435041,
U00516,2,1,2,0.8471089864606854,0.4998337685839984,
U00517,2,4,1,0.4569789787234962,,
U00518,3,1,0,0.6676706157185788,,
U00519,4,0,0,0.5326822214934093,0.23625239817516736,
U00520,2,4,1,0.6599699694568227,0.40139838945208206,
U00521,1,1,1,0.7972785578105737,0.5715195249948359,0.5593004563187352
U00522,2,1,0,0.7884841021139996,0.5460102383662615,
U00523,4,0,2,0.7000993022613728,0.2797022176669992,0.6337693716604742
U00524,3,4,0,0.630662817266824,0.40575624944188987,
U00525,3,1,1,0.766234484246974,,0.5948592554611835
U00526,1,0,0,0.9519744552410906,,
U00527,1,0,1,0.597972456612879,0.482612177800068,0.5257979646468337
U00528,2,2,0,0.7909054485446562,,
U00529,2,1,0,0.6691213736845956,0.4576285795420116,0.49620263508136775
U00530,0,2,1,0.6429689760326839,,
U00531,3,0,0,0.5221423140347626,,
U00532,4,1,0,0.7268975397052314,0.37647509799189366,
U00533,4,0,0,0.575726946900662,0.1917710171497778,0.6079861245519658
U00534,1,4,1,0.6026388055102849,0.4018106708789688,0.45902806319954165
U00535,3,3,1,0.6380875988888945,,
U00536,0,1,0,0.706154277346722,,
U00537,3,0,1,0.5823697211515214,0.4096113844040116,
U00538,2,4,1,0.6057719301950473,,
U00539,1,3,2,0.5398887978052849,,
U00540,2,4,1,0.5987750974034576,0.4049500124632654,
U00541,4,3,2,0.6655591377465446,0.31312480634025924,0.647180133479654
U00542,1,3,1,0.5194654665404808,,
U00543,2,1,1,0.5434015561210497,0.33244548907911264,
U00544,1,2,0,0.7720985034462732,0.551959833270162,
U00545,1,3,0,0.6844895667858633,0.4273131826501908,0.5705344548078706
U00546,2,1,0,0.655489573074877,0.36647269062667676,0.4750020913433869
U00547,2,4,1,0.6052146571034758,,
U00548,1,4,0,0.6656229550446555,0.5406535201950845,
U00549,1,1,1,0.8161997135158159,0.5504066330370787,
U00550,3,1,1,0.38625801199011434,,
U00551,1,1,1,0.538895342122346,0.3867885100778311,0.3877911881483119
U00552,0,1,0,0.7536772604295535,0.43834625073372846,
U00553,1,4,1,0.6341215894095981,0.3850660487257283,
U00554,1,1,1,0.6683307301499644,0.4277435731599798,
U00555,0,2,1,0.5464350273506426,0.29858908846383475,
U00556,1,2,1,0.6598266174773324,0.4271959513009708,0.4760463309087166
U00557,2,1,1,0.5616774764069834,,
U00558,2,0,0,0.5044890754189814,0.3398588889530928,
U00559,3,0,1,0.5316948109632907,0.21092734740999072,
U00560,1,3,0,0.6966338401280099,,
U00561,1,1,0,0.5025473196658818,0.37446252068262825,0.45333017816339893
U00562,2,1,1,0.7113314601133556,0.4194332672534499,
U00563,2,3,0,0.5500736319832719,,0.4382482271266979
U00564,2,3,1,0.6516244078186377,0.44045194807958,0.4095014612289498
U00565,2,2,0,0.7961176693785317,0.4122103625776247,0.6994928470960217
U00566,1,2,2,0.6386695777133942,0.3906749943745443,
U00567,2,1,1,0.5482204471854868,,
U00568,1,4,0,0.5812340071408059,,
U00569,0,1,1,0.6040096723429872,0.3651334116744087,0.4425075361833669
U00570,2,1,1,0.5912335438889219,0.38459892326514744,0.3919924347530811
U00571,1,2,0,0.8185531310502779,0.5005997716950092,
U00572,3,1,1,0.6050243551887035,0.4016237446506991,0.5737124695904438
U00573,2,4,1,0.6546875566507234,0.40442424479347877,
U00574,1,3,1,0.5566505260609054,0.3799954977905139,
U00575,0,1,0,0.7690649616716093,,
U00576,0,3,1,0.6010652888308189,,
U00577,2,3,2,0.7048340637880955,0.4668580125906466,
U00578,0,0,1,0.4814438426878038,0.35068025964235133,
U00579,1,1,1,0.6223798297989477,0.4226337129289342,0.447724378705991
U00580,2,4,0,0.5235315409381518,0.3311399515330537,
U00581,1,4,1,0.5840414786359875,0.38797498061990365,0.4504141226452462
U00582,4,4,0,0.6149200376594512,0.3139637226692751,0.6145249072873243
U00583,1,1,1,0.6969746714683854,0.4260044873701398,
U00584,2,3,1,0.7735622060249835,0.48067136439589453,
U00585,1,1,1,0.6272708425236293,0.4646951515746651,
U00586,2,2,2,0.45294005628152895,,
U00587,2,1,0,0.740871204407355,0.29974678001194394,
U00588,2,0,0,0.9815443471878115,,
U00589,2,3,1,0.5257293653844572,0.3307882352753338,0.4007005116436253
U00590,2,1,0,0.646089390823732,0.4960779025902432,
U00591,2,1,1,0.5241977028659984,0.34954410287379145,0.4016603442011503
U00592,1,0,2,0.49116882071303974,,
U00593,2,2,0,0.6896952241142905,0.41545600891421147,
U00594,2,0,0,0.6629930368126892,0.46159418665605334,0.48534966030084936
U00595,0,4,1,0.4899038864685134,0.29361578192170934,
U00596,1,1,1,0.5180263691464382,,
U00597,1,3,1,0.4800292023530325,,
U00598,2,3,2,0.4686877822454833,,
U00599,2,4,1,0.38242405337984686,0.3742425909979718,0.4327050491048531
U00600,2,2,1,0.6346298650721168,,
U00601,2,4,1,0.45807448106936766,,
U00602,2,4,1,0.7127797226586895,,
U00603,2,1,1,0.7727512684367295,,0.577076031759596
U00604,2,4,0,0.4942331247514777,0.33139998952058286,0.45729622723517127
U00605,2,4,0,0.44535145420511796,,
U00606,1,1,0,0.5653346977308529,,
U00607,2,4,0,0.5138559010298441,0.36196912121737673,0.4943747358905037
U00608,2,2,1,0.4935618141548203,,
U00609,1,0,1,0.5183102221087236,0.3790938061103969,
U00610,1,0,1,0.5339123686624169,,
U00611,2,3,2,0.7082990954858475,0.49331484141568815,
U00612,3,1,1,0.6110717757576117,0.4136094296397143,
U00613,1,0,1,0.6562335086661194,0.43558336252113317,
U00614,2,2,1,0.7652797114942941,0.6040878134010162,
U00615,0,4,1,0.467286331613477,,
U00616,0,4,1,0.5185855101044995,0.3767437194722954,0.4801194425141909
U00617,2,1,1,0.4477174417356464,0.35002088414654264,
U00618,2,2,0,0.7118946196986549,,
U00619,3,4,0,0.4985132210017737,0.2893015081380891,
U00620,1,2,1,0.45070367142998397,,
U00621,2,0,1,0.6887730326050113,,0.4623174834780455
U00622,2,0,0,0.6983691695123969,,0.47980349628647917
U00623,2,2,1,0.6421631134234717,,
U00624,1,0,0,0.7930543993689826,,
U00625,1,4,1,0.5671816545780624,0.44410947297611575,
U00626,2,4,0,0.5411171619706525,0.36289568611098366,
U00627,1,2,0,0.6910819399283689,0.49158777991819735,0.5692538220134611
U00628,1,4,0,0.6625023505663511,,
U00629,2,4,0,0.8620447583479319,0.5521668755524372,0.7425998492671478
U00630,2,1,1,0.6699397520716948,0.46370709226963885,0.5298718528465132
U00631,1,3,1,0.7858165502093976,0.5884167595036519,0.5346748953845745
U00632,0,1,1,0.5309264413029721,0.32545919019471176,
U00633,1,0,0,0.5761088161647137,,
U00634,1,4,1,0.5503915559016875,0.3518649193416754,
U00635,2,4,0,0.4491138981133951,0.3517684420781274,0.45095352926570276
U00636,1,0,1,0.6672724219721039,0.37190795855391323,
U00637,1,1,1,0.45812764494637376,0.36347766642396667,
U00638,2,0,0,0.5956437945247318,0.3670241986761106,
U00639,2,2,1,0.5935570440414027,0.2896339560135302,
U00640,2,2,1,0.4721720844303888,,
U00641,2,1,1,0.6215713432928328,0.40160064726448536,0.4320529134058222
U00642,2,2,1,0.7913662247140923,0.5016532799569122,0.6256546148826375
U00643,2,0,0,0.9358351602804823,0.8848009107655997,
U00644,2,2,0,0.7315972383076921,0.41759549695825926,
U00645,2,4,1,0.4063993952677181,0.3329200494857292,
U00646,0,4,1,0.7804405044492486,0.48058939807596934,
U00647,1,3,1,0.7601583670335749,0.5272057805794245,0.5822789635123191
U00648,1,2,1,0.4663412746054866,0.3419272610922942,
U00649,3,4,2,0.6506137988541326,0.38899211758426994,
U00650,1,1,0,0.6145350154284919,0.382534751857575,0.46760190873187824
U00651,2,4,1,0.4716142761343721,0.34495276861255647,0.42903639154144463
U00652,1,4,1,0.5443587122808028,0.49474761337654727,
U00653,1,1,2,0.7251460497603008,0.4466248535357282,
U00654,1,1,1,0.48141100694764244,,
U00655,1,2,1,0.6341771025988255,0.4763816153091811,
U00656,2,1,0,0.8357338440159549,0.5213525235007114,
U00657,2,0,1,0.4753902192062527,0.3463995904743542,
U00658,2,1,1,0.6625751402409417,0.4601832922904543,
U00659,1,4,2,0.4365223441347678,0.35237371198280787,0.4663069454794218
U00660,1,1,0,0.491331304465057,0.39770156220973113,
U00661,2,1,1,0.42696532123018155,,
U00662,4,2,1,0.6244849688444122,,0.5722386913342644
U00663,1,2,1,0.7606512863336226,,
U00664,2,1,0,0.7180559186896365,0.5035919549340403,0.548417890893458
U00665,2,4,1,0.46234789130232007,,
U00666,2,4,1,0.46858997277884945,,
U00667,2,2,2,0.5450253644973634,,
U00668,2,2,1,0.6659213933107329,0.4175988836893782,0.5104190553906295
U00669,2,4,1,0.6004065570779231,,
U00670,2,0,1,0.5008725235117537,,
U00671,2,2,1,0.6372340899060678,0.4650399044019086,0.5106847077890425
U00672,0,1,1,0.7302845606116894,0.5252218875035721,0.5979929726767008
U00673,2,4,2,0.4556785043442765,,
U00674,1,3,0,0.6807884573096562,,
U00675,1,2,1,0.5632677648622895,,
U00676,4,4,1,0.4125631975658234,,
U00677,2,4,0,0.5176385609432398,0.35570155232068285,
U00678,2,4,1,0.4831067273984479,,
U00679,4,4,1,0.6308703081887426,0.3565208950924569,
U00680,0,0,2,0.686889978490568,0.4899822039804794,0.6794958262485794
U00681,3,4,1,0.4608884569175939,,
U00682,2,2,1,0.5367449139648072,,
U00683,2,2,1,0.5319933509825957,,
U00684,1,1,1,0.6961298495335881,,
U00685,0,4,1,0.5963775321001507,0.45635647438382304,0.5499965902358694
U00686,1,4,1,0.6418402534056148,0.4201450086924578,0.5641200946454428
U00687,1,0,1,0.6440920598138292,,0.43316082807358414
U00688,2,1,0,0.7218870453653643,0.5730764186246308,0.6217578616821137
U00689,3,0,1,0.6270885628973832,0.32091677111599115,0.4818694463471634
U00690,2,2,1,0.4982521641658947,0.306894335068995,0.40256113200210675
U00691,2,4,0,0.5146740402061433,0.2813180488992794,0.5043885750295033
U00692,1,3,0,0.6979647038140081,0.5340912696829911,0.5630962337193902
U00693,1,3,1,0.5271687156871014,0.3513350653812337,
U00694,2,1,1,0.6583884587611544,,
U00695,2,1,1,0.5636310079923132,,
U00696,1,3,0,0.6947542571731021,0.41440476817142535,0.5434025072681715
U00697,2,3,1,0.4721364848507207,,
U00698,1,1,1,0.6132319407821538,0.2278073353031419,
U00699,2,1,1,0.4684210608360278,,
U00700,1,1,1,0.7466904155106224,0.5022303203799839,
U00701,1,3,1,0.6329905752624654,,
U00702,2,1,1,0.6857841778150934,,
U00703,2,4,0,0.6373044040432714,0.4447712773425278,
U00704,2,2,0,0.5463383812430219,,
U00705,2,1,1,0.6455308236013287,0.4002567521683971,0.518884384942443
U00706,4,0,1,0.6238045554882822,,
U00707,2,1,1,0.6453341166664284,0.4732132059354192,
U00708,3,2,1,0.7418886791933108,0.5058752996143183,
U00709,2,1,0,0.7408148118327184,0.4863703444107823,
U00710,1,0,2,0.581081997498619,,0.45595355456391506
U00711,3,0,1,0.4910816187582791,,
U00712,1,1,1,0.5208627571776177,0.38327290662787716,
U00713,1,1,1,0.5460418622921641,,
U00714,1,4,0,0.6530784703286102,0.39775818975441346,
U00715,2,1,0,0.6723634368286151,,
U00716,0,2,0,0.6774123880099079,0.474738401728778,0.5822825655298646
U00717,3,2,0,0.8186586742955468,0.3928342617594388,0.7344747545568737
U00718,4,4,1,0.49433318877519977,0.2646053999194804,0.6031851392457578
U00719,2,0,0,0.6863485511457855,,
U00720,1,0,0,0.6108317212347586,0.4075259203518391,0.47056297331878444
U00721,0,2,1,0.49492643551943133,,
U00722,2,4,1,0.5880165381773529,0.4176665980271111,
U00723,2,1,0,0.7296536741740224,0.5102307655948226,
U00724,1,1,0,0.5523400796928377,0.40984888959060944,0.4275524193176247
U00725,1,4,0,0.7832931301287711,0.5551797006030623,0.640159308131507
U00726,3,4,0,0.6487904231842748,,
U00727,2,4,0,0.786256972517035,0.5749176461833083,
U00728,3,1,0,0.5966093352514197,,
U00729,2,2,1,0.5820165097317631,0.49955353272397135,
U00730,2,1,0,0.5449242297430941,,
U00731,2,1,1,0.6287825570549812,0.39272817718511066,0.4780115014835177
U00732,3,4,1,0.4154696664352593,0.36515529909221095,0.4715580476402724
U00733,1,1,1,0.5482830041869583,0.3564640818143495,
U00734,1,0,0,0.8200915581735868,0.5913134099352247,
U00735,2,4,0,0.6808288978948284,0.44124144544642957,
U00736,0,4,2,0.8402058846085171,0.4590078644165455,
U00737,2,4,1,0.3983558993478086,0.34170606932905534,
U00738,3,1,1,0.6253286502715012,0.4233094844367641,0.563747217467001
U00739,1,1,1,0.653159097771531,,
U00740,2,2,1,0.46721878125261934,,
U00741,1,4,0,0.7791884449343284,,
U00742,2,4,1,0.42794133547131596,0.32361567332985863,
U00743,1,1,0,0.8712748963386914,0.5801728659342776,0.6353711098837768
U00744,1,4,0,0.8492911270905269,0.5301192950456587,0.6821595682715569
U00745,2,0,1,0.49597899158103753,,
U00746,0,0,0,0.7250332611806617,0.4151134184085783,0.49905741033653267
U00747,2,2,1,0.45246491496096075,,
U00748,1,1,1,0.7153304936531601,0.44608628048110527,
U00749,0,1,0,0.5979000139110183,,
U00750,1,2,0,0.6901097323428212,0.4701261801471783,
U00751,2,3,1,0.41728176898400543,0.3563194571498744,
U00752,0,1,1,0.6270327150053767,0.36018848053830715,
U00753,1,4,1,0.743267235791667,0.5334058661567846,0.6417889090647496
U00754,2,1,1,0.652002531230848,0.34188935993476244,
U00755,2,1,2,0.6474606589499472,,0.6137434456999658
U00756,3,4,0,0.5270525192758119,0.29681262838198935,
U00757,1,1,1,0.4761827311602624,0.3612006766313513,0.43227390569631347
U00758,1,2,0,0.6082530957130206,0.34349737943523156,
U00759,0,4,1,0.7318193726029025,0.4533525796919768,
U00760,3,1,1,0.49095486679373135,0.2016864689484296,
U00761,2,1,2,0.7511583310779245,0.4734179859576841,0.5764470099612008
U00762,2,2,0,0.9940147518842235,0.9838629981288952,
U00763,2,1,0,0.5461148509421306,0.29597233061283196,
U00764,1,0,1,0.488715055714778,,
U00765,2,4,0,0.4995268357061069,,
U00766,1,0,1,0.4531730559893949,0.39335721054270845,0.42140881465611213
U00767,3,4,0,0.5309980948464252,,
U00768,0,1,2,0.6531528546330322,0.41493723791768855,0.6113405208104907
U00769,2,1,1,0.5303442754289959,0.3884584969044019,0.424589449532318
U00770,3,1,0,0.6753329187660292,,
U00771,2,4,1,0.46378132032868125,0.29396269785323437,
U00772,3,0,1,0.5582244490175226,,
U00773,2,1,0,0.7085551706365348,0.5243807302471105,0.5211809434839281
U00774,2,1,1,0.6562380204885359,,
U00775,3,4,0,0.6766738955379109,0.3924885279322755,
U00776,2,0,1,0.5355319457774633,,
U00777,2,3,2,0.6952883078408522,0.423888590088375,
U00778,1,0,1,0.7739762877393644,0.5581023015543629,0.5778731263967795
U00779,1,4,1,0.7074053759050462,,
U00780,1,0,1,0.6292957121550425,,
U00781,1,3,2,0.6582413971803419,,
U00782,1,2,0,0.6670913126681888,0.383575152950113,
U00783,2,4,0,0.7549726014465625,,
U00784,2,1,1,0.5798233327937895,,
U00785,2,1,1,0.617093495491373,0.38230488718972405,
U00786,0,4,1,0.5610155610801809,0.3619421152095536,0.4626788052078099
U00787,1,2,0,0.5555441663477015,0.2682885905913503,
U00788,1,4,1,0.7930839288906264,0.5075796138518132,0.6266513797395776
U00789,1,1,2,0.7713041499550903,,
U00790,0,2,0,0.6894561788031157,0.42966827286895865,
U00791,2,2,1,0.6921857974754052,0.5222363444655581,
U00792,1,1,1,0.7010595953034421,0.34714409642125627,0.4882825377370247
U00793,1,0,0,0.824269525703692,0.5993229606307972,0.6180616278258001
U00794,1,4,1,0.443959550850861,0.33358807867152296,
U00795,2,2,1,0.7120673377547524,0.37933378860174155,
U00796,0,2,1,0.6237591379948797,,
U00797,0,4,0,0.8372722042678469,0.4977693057879832,
U00798,1,0,0,0.6917208314634699,0.42633741739876624,
U00799,1,2,1,0.41817900836806393,,
U00800,0,4,1,0.487982106721613,,
U00801,1,4,1,0.4038194760406993,,
U00802,2,2,0,0.5884281515503363,,
U00803,1,1,1,0.45079241132961445,0.308579360324298,
U00804,1,4,1,0.7477964513711384,0.5247822584234981,0.5547629720686953
U00805,1,2,2,0.5590524444502594,,
U00806,1,2,2,0.5556421188867848,0.4106791624114607,
U00807,0,4,2,0.6613765814436883,,0.5828487844226645
U00808,0,1,0,0.5536876805980266,0.2907143233253612,0.4516740849058087
U00809,1,4,1,0.40907589849604076,0.34889682484320067,0.4351310034776063
U00810,2,1,1,0.7048181399214218,0.42857649798932,0.5361693735983676
U00811,4,1,1,0.7507041813748155,0.40211005076683976,
U00812,3,2,1,0.46819448572355316,,
U00813,2,1,2,0.7491794328456363,0.40248474443194965,
U00814,0,4,0,0.6479776315449863,0.3796260237928531,
U00815,0,4,0,0.6693264139015677,0.35834917777572756,
U00816,1,3,1,0.7087331783818355,,
U00817,1,4,2,0.6552495492973053,0.36687138644696454,
U00818,2,1,0,0.8031453872000028,0.46764693408886665,
U00819,2,1,1,0.43808483563601347,0.3501640369730329,
U00820,2,0,0,0.7071779691480641,0.39573608688866885,
U00821,3,0,1,0.49373452869119566,,
U00822,2,4,1,0.40243020316538364,0.38676333829029635,
U00823,2,4,0,0.48564696003049285,0.35773049996815054,0.444746829276888
U00824,2,1,0,0.8370327636511908,0.5827040841031657,
U00825,1,4,1,0.4879977457307924,,
U00826,0,4,1,0.4460936021858396,,
U00827,2,1,2,0.5237409034113047,0.3543428238059092,
U00828,2,1,0,0.9127755310955852,0.7231905735389705,0.5888209105223318
U00829,1,1,0,0.6312904971068959,0.3156536015193565,
U00830,1,1,1,0.5466587806693488,0.27345716706360146,
U00831,2,0,1,0.7074267554304453,,
U00832,1,1,1,0.6180507617605181,,
U00833,2,1,1,0.7620072099544537,,
U00834,2,1,1,0.4931239429194069,,
U00835,1,3,1,0.49692259603528977,,
U00836,1,2,0,0.6005136561228257,0.37547760356140353,
U00837,0,1,1,0.42910769760440276,,
U00838,2,4,0,0.5069548606156553,,
U00839,1,1,1,0.546468481499745,0.375406558675758,0.3908865141628594
U00840,1,4,1,0.43096661085607835,0.33955380466932245,
U00841,2,1,1,0.6708551636331451,0.35852368605437146,
U00842,1,0,1,0.43260068032900806,,
U00843,2,4,1,0.7457656202826766,,
U00844,4,2,2,0.6247043615072131,0.38967213032879916,
U00845,2,1,0,0.5826033403675029,0.38909770993336473,0.4322815700739938
U00846,1,2,1,0.6810949930660748,,
U00847,2,2,1,0.6558167452992028,0.38721718112672854,0.4469509327961751
U00848,4,1,0,0.5102826022709728,0.2958274222375633,
U00849,1,4,0,0.6773529963520883,0.4532355856222573,0.528925983028654
U00850,1,1,1,0.512794434132395,,
U00851,2,1,0,0.7080511453851122,0.4610659166214488,0.5860581045566373
U00852,1,1,0,0.5280448523428102,,
U00853,2,0,0,0.5794259877471487,,
U00854,0,4,0,0.5217031762222157,,
U00855,2,3,0,0.6393090730255052,0.4307776431930743,0.5623947337327675
U00856,2,1,2,0.6548149330753297,0.4513068432532414,
U00857,2,3,1,0.5896529875924075,,
U00858,1,1,0,0.5882362172067035,,
U00859,1,2,0,0.6735607021131608,0.4569153098174118,
U00860,2,4,0,0.6596822964986986,0.3927860643918922,
U00861,3,1,2,0.8208432739709071,0.4704188580132437,0.7168976039181661
U00862,1,2,1,0.6406862987539235,0.4777618442511631,0.5337885298676713
U00863,1,4,1,0.6171188171219721,0.35179722266346475,0.4515497477252652
U00864,1,0,1,0.6616634132764576,0.36252197345033926,0.4544907171369514
U00865,1,0,1,0.5383116759548852,,
U00866,1,4,1,0.6094779382308801,0.36393425537735763,0.45585840274987194
U00867,2,4,0,0.7861639998829323,0.4735379592946135,
U00868,2,2,1,0.8206479183679342,0.6422024429714118,
U00869,0,1,0,0.5431946901260255,0.31673413726365374,0.4432740503081875
U00870,0,0,0,0.7175962377453659,,
U00871,2,2,1,0.47967349810901405,0.3544006866332986,0.38721044647289526
U00872,2,1,1,0.5238932120753388,,
U00873,1,1,0,0.615320939806185,0.3082425051736864,
U00874,1,2,0,0.7509497126512413,0.38343070486497066,
U00875,2,4,0,0.557631370645924,0.3825584775925714,0.46252576408082735
U00876,2,4,0,0.7247769171706495,0.4216358803977318,
U00877,1,1,2,0.5141564384451746,,
U00878,1,4,0,0.6890135869162546,0.4351276232932959,0.5895041262651486
U00879,2,1,2,0.7511099450709653,,0.5189568411528682
U00880,2,4,0,0.5367740585504264,0.36677167357560364,0.436025136106593
U00881,2,2,0,0.6920950133910786,0.49543598509684555,
U00882,1,1,1,0.4920377555533618,,
U00883,2,4,2,0.6581161003695297,,
U00884,2,3,1,0.6527008993682819,0.4248210272101884,0.5422953297723327
U00885,3,0,0,0.5530700477857713,0.12558316615447523,
U00886,2,2,1,0.6253017345427202,,
U00887,1,4,1,0.44578854027437576,,
U00888,2,2,1,0.6044842787089745,,
U00889,2,1,1,0.6396804065815787,0.4605207272322812,
U00890,2,1,1,0.6179988066449218,0.3644090826581123,
U00891,1,1,0,0.7381781760357601,0.5181887241501228,0.6059674799083644
U00892,0,4,1,0.4455933561709463,,
U00893,3,2,1,0.4297102354676326,,
U00894,2,4,1,0.7636649136120929,0.5135193344079445,0.6152392200438883
U00895,1,0,0,0.7377333896507516,,0.5791670660656135
U00896,2,2,1,0.7753233335598586,0.49340144592252816,0.5701554135925534
U00897,2,0,1,0.4701909047800617,,
U00898,0,4,1,0.4118902289350349,0.31143559230752105,0.44834331480867406
U00899,2,0,0,0.6444888629737943,0.49005946304684744,0.48972962874048925
U00900,2,4,1,0.533975941280712,0.41339385581234067,
U00901,2,1,1,0.4692103902822598,0.3192815701364531,0.37607686670402174
U00902,2,3,1,0.7601263358770711,0.5980537206143438,0.584804358998655
U00903,2,1,2,0.7073633448369505,,
U00904,1,1,1,0.6754786627674877,,
U00905,1,2,0,0.5506381216922733,0.3328818661915841,
U00906,0,4,1,0.5924986386474462,,
U00907,3,0,1,0.6767897983462238,0.3821784989688656,0.4845918332051299
U00908,2,4,1,0.7579827299416965,0.526648156822349,
U00909,2,4,1,0.6522070857597627,0.4074183002897598,0.467694218421423
U00910,2,1,1,0.6701833024439015,0.3796964746820757,0.4237037154078219
U00911,1,4,1,0.5986891893265854,0.41597748106580723,
U00912,2,4,1,0.4687311208646067,,
U00913,1,2,0,0.5357731758956846,0.4105627623158218,
U00914,1,4,2,0.5020793630499731,0.29001687183063724,
U00915,1,3,1,0.464821739588428,0.3116234962938056,
U00916,1,1,0,0.5835479695063903,0.38601745822261657,
U00917,2,4,2,0.5275300711352712,,0.44228242658958417
U00918,0,0,0,0.8104223850576928,0.46240013648556777,0.6214683751535823
U00919,3,3,1,0.6461959092492495,0.3253043756014603,
U00920,2,1,0,0.5422529995978262,0.396546374582187,
U00921,0,0,1,0.6652372008773932,0.337669913260621,
U00922,1,2,1,0.5385282118841692,0.34140245803940267,
U00923,0,1,1,0.6570413759762875,0.440920335207869,
U00924,3,2,1,0.8251188288163807,,
U00925,1,1,1,0.5101398803569362,0.2614770837679345,
U00926,2,2,1,0.4837125384083322,,
U00927,2,3,0,0.6895544470659356,,
U00928,1,0,1,0.6355827922187889,0.16349710880106233,0.7624998370370273
U00929,1,4,1,0.6139824994615524,0.42889867549417404,0.4511736820879696
U00930,2,1,1,0.493329880406562,0.3551246660909997,0.4347710241347902
U00931,2,3,1,0.46782514633307015,0.3446852819139805,0.4029057112705295
U00932,3,4,0,0.505978670375056,,
U00933,4,1,2,0.5358249640115929,0.24431474838968203,
U00934,1,0,1,0.658494356301035,0.4255581078092701,0.5257548960689135
U00935,2,4,1,0.396466926688197,,
U00936,2,1,0,0.8265427182725644,0.4852039510660002,
U00937,2,1,1,0.6384686961354755,0.3870199435916934,0.46106923593336274
U00938,0,1,0,0.7171144595981739,,
U00939,2,0,1,0.48482667253384437,,
U00940,1,0,1,0.4858931032537142,,
U00941,2,4,1,0.3956644278044704,,
U00942,1,2,1,0.6986216181190893,0.4077274423379181,0.48977974799692126
U00943,1,2,1,0.4959924249057059,0.3180882546839791,
U00944,3,0,0,0.4998156344036183,0.3199394926382411,
U00945,2,1,0,0.828265634813859,0.5145072868089678,
U00946,2,0,0,0.7104851652423103,0.5129970185949188,
U00947,2,4,0,0.7961310427023996,0.7175141588996254,
U00948,0,0,1,0.6204448323913354,,
U00949,0,0,0,0.7246195595022269,0.4235638356382587,
U00950,1,4,1,0.6606335231918059,0.4488607013913185,0.48933811584891207
U00951,1,3,0,0.7587290844362405,0.4934229447348589,
U00952,1,1,1,0.6376294769393509,0.409955600046362,0.4535996211743633
U00953,2,0,0,0.7132954297065079,0.417108461042347,
U00954,0,1,0,0.5988849715372888,,
U00955,1,3,1,0.7588301489781516,0.5066175115342495,0.5558283336421458
U00956,2,1,1,0.45745512396509147,0.3517843740780174,
U00957,1,1,1,0.5204816379387803,0.3786277199517834,0.45207847861243305
U00958,2,4,1,0.5923519706700886,0.4281284808953791,
U00959,2,4,0,0.6345091181876342,0.3727853235567914,
U00960,1,1,2,0.7092070668593843,,
U00961,2,0,1,0.563163546971029,0.3271706794089702,
U00962,1,4,1,0.7586929423365709,0.4845762358811227,
U00963,2,1,0,0.7818223767133126,0.4906973488980736,
U00964,2,4,1,0.7128987798090856,0.49589274399627353,
U00965,2,2,1,0.6350516655051943,,
U00966,2,0,2,0.7211585984650706,,0.5218090932695593
U00967,1,2,0,0.991901010063888,,
U00968,2,0,1,0.4900012812997487,0.20265403964498793,
U00969,1,4,1,0.6179484227748095,0.49933309580607815,
U00970,1,1,0,0.5460359199173798,0.35568910558226385,0.4278077637199192
U00971,1,1,0,0.7044670741893186,0.34040484471987725,0.6346925600567308
U00972,0,2,0,0.6611659663599728,0.436737869401768,
U00973,1,3,1,0.6309125367931077,0.43018932052115383,0.4682665869539921
U00974,2,4,2,0.5593273978183586,,
U00975,2,1,0,0.542053333377787,0.41520456917429743,0.4802205734204493
U00976,2,1,0,0.5786811870530563,,
U00977,1,4,0,0.5121616080086556,0.3404836946250869,
U00978,2,0,1,0.6506662113780575,,
U00979,1,1,2,0.5756331666354539,,
U00980,1,3,1,0.669944315332018,0.41154633806309854,0.40670732031665663
U00981,2,4,1,0.602615468377694,0.37517492886829706,0.4431157026801484
U00982,3,3,0,0.6874763251982922,,
U00983,2,2,0,0.5540184108794187,,
U00984,2,2,0,0.6383149726738856,0.41147956815028747,
U00985,1,0,1,0.5629435364026198,0.3619756095304532,
U00986,1,0,1,0.4609143610279586,0.3291422969606033,
U00987,1,0,2,0.730311305080524,0.4338204123094329,
U00988,1,0,1,0.6333597688515608,,
U00989,2,0,0,0.6977650042941624,,0.5885608163495095
U00990,3,3,1,0.5721829592715985,0.4232380966786583,
U00991,3,2,0,0.6679448155812158,,
U00992,1,2,1,0.6293483001293197,0.42331804450240573,0.4102227636910625
U00993,2,2,0,0.5892417413831889,0.36053747261643554,
U00994,1,1,0,0.7499490966703154,0.48376469989394394,0.6732731120383972
U00995,2,1,1,0.5325376861525686,,
U00996,2,4,0,0.5270289789622551,0.3685674238930712,
U00997,0,4,0,0.5367746860479748,0.35574028260660717,
U00998,2,2,0,0.5309136854010666,,
U00999,4,4,2,0.5406242834314854,0.2264589336045646,0.6187790564032902
U01000,1,0,1,0.6768702791274408,0.4455377491244397,
U01001,2,4,1,0.6712780033084754,0.4278700347342689,0.4517438825046808
U01002,1,1,1,0.47984287634471995,0.33097943894719617,
U01003,0,0,1,0.5074875640511908,0.29347152621670697,0.39372738907138743
U01004,1,2,1,0.8212793907810144,0.516401534883753,0.5746592692353248
U01005,3,1,0,0.666366543451107,,
U01006,1,0,1,0.6428764287134964,0.44637682993269234,
U01007,1,0,1,0.5636562483831873,0.3782089077256319,
U01008,3,1,1,0.49401901710120877,0.3141187557263252,0.440486546564007
U01009,2,1,0,0.7195713118431848,0.44552443131070935,0.6261544477647021
U01010,1,3,0,0.7006741584477306,0.387687335923633,0.5273020904422202
U01011,2,4,1,0.4903305008164935,0.334775830032245,0.4172989469357186
U01012,4,1,0,0.6048737052441611,,
U01013,0,1,1,0.5505469237655141,0.17412068585263624,
U01014,2,0,2,0.7210778476554395,0.3959714639343825,0.48549716140201993
U01015,1,0,0,0.8437952308160239,0.7134727561634614,
U01016,0,0,1,0.5211885827362613,,
U01017,2,1,0,0.5128774813736531,,
U01018,1,2,0,0.6057341293671583,0.409808546080594,
U01019,0,4,1,0.4398390254399193,,
U01020,2,4,0,0.5960274763593855,0.3091509945187566,
U01021,1,4,1,0.5809146971264149,,
U01022,2,4,1,0.6283040875743959,0.3860827341696418,
U01023,0,2,1,0.6264159629959526,,
U01024,4,3,1,0.4319300231678352,0.23935962886415058,
U01025,0,4,1,0.4293061229614639,0.29810563188288725,
U01026,1,2,2,0.7110002267052397,0.4538097644713932,0.49772117148789025
U01027,0,2,1,0.4821056047733671,,
U01028,3,3,1,0.6198746339226385,,
U01029,2,1,1,0.6234298182460151,0.31073742978449465,
U01030,3,0,0,0.8183492799574132,0.4558070681432505,0.644870961129835
U01031,2,1,2,0.6764742464669775,0.3713073726846026,
U01032,1,2,0,0.8650516543119439,0.6517848442070721,0.5921316331159
U01033,2,1,2,0.5678361481238015,0.35578428570196946,0.455420625712174
U01034,2,0,0,0.7054196875532037,0.44590788633351325,
U01035,2,4,2,0.5193207943687699,,
U01036,1,4,0,0.5640314878524345,,
U01037,2,0,1,0.6653704390156039,0.4684609579595726,0.5166778062272855
U01038,1,2,1,0.4992832767386056,0.3593683066191876,
U01039,2,0,0,0.6873559111668169,0.4061256238673499,
U01040,2,2,1,0.4951209351941334,0.3254528979656165,0.36182336971871737
U01041,1,1,1,0.6414915870506493,0.43080393431566755,
U01042,3,4,0,0.6965186320692327,,0.5922007582395837
U01043,2,4,2,0.6545408715482516,,0.5760853926384928
U01044,1,1,1,0.5962287980214317,0.4746335882535654,0.5137748716948678
U01045,0,0,0,0.7048253362363713,,
U01046,1,0,0,0.7470408309768711,,
U01047,2,0,2,0.5291569755909569,0.33271672541821234,
U01048,2,2,2,0.6460609915482102,0.44392453233935075,
U01049,0,0,0,0.7448385483450294,0.20198105840762257,
U01050,2,1,1,0.66180987816275,0.45011835610412154,0.5308436784015774
U01051,0,1,1,0.6516208412917976,0.3162854342910898,
U01052,1,0,1,0.5890268967253162,,
U01053,0,1,0,0.561307565176117,,
U01054,3,1,0,0.9001195215930535,,
U01055,4,4,0,0.5279170636146785,,0.6089973702249947
U01056,2,0,1,0.6689790128560122,,
U01057,3,4,0,0.5105349168906068,0.24083869361492338,
U01058,1,2,1,0.6638225934420687,0.32868241009558935,
U01059,1,0,1,0.5381895345792315,0.3845245205516979,
U01060,1,4,1,0.9411192997764001,0.8375757579808504,0.7332694328147151
U01061,0,2,1,0.4551418633326665,,
U01062,4,0,0,0.5675139567660147,0.18857070620183997,
U01063,3,0,1,0.598651914854006,0.38088781724800846,
U01064,1,0,1,0.6264227026694189,,
U01065,1,1,2,0.6787270007969936,,
U01066,1,0,1,0.7289414317674143,0.5381661063885482,0.5465992226932684
U01067,2,4,1,0.6160412144325108,0.39958649372107413,
U01068,2,3,1,0.4938108261899292,0.35407252257383026,
U01069,2,2,1,0.5066369623344462,0.3375020798791553,0.4133283482840918
U01070,2,0,1,0.49181350343426106,,
U01071,2,1,1,0.45357734186917975,,
U01072,2,1,0,0.6996159933848577,0.45350370309068017,0.5864038212182573
U01073,2,4,1,0.42183996559222203,0.3271827657010575,
U01074,2,4,1,0.663803499736832,0.39535196234754977,
U01075,4,1,0,0.7823256883169241,,
U01076,1,4,1,0.658605187474822,0.4435249872503192,
U01077,2,1,2,0.5630600654457556,,
U01078,1,3,1,0.6340198424572876,0.5070978958855624,
U01079,2,1,1,0.43667602748167367,0.3625569833304914,0.40177686968532894
U01080,0,3,0,0.7465547828620821,0.43114907141493514,
U01081,3,3,1,0.6042022190680809,,
U01082,2,4,1,0.4874116795969526,,
U01083,1,2,0,0.7226423211654395,,
U01084,0,4,1,0.6547014922234649,0.3872321113821473,
U01085,0,0,0,0.677653653033595,0.38775880412672115,0.4918203243960171
U01086,1,4,2,0.4952088999113272,0.31014953161073966,
U01087,1,4,1,0.4824110078683858,,
U01088,2,0,0,0.672640656635451,,
U01089,4,4,1,0.3861092373406816,0.27634317812701,
U01090,2,0,2,0.5566548142075908,0.3392551246266373,0.4828957342256193
U01091,0,1,0,0.6962248248545314,,
U01092,1,4,2,0.8010811117348015,0.5315307904039566,
U01093,1,1,1,0.4729465214893538,,
U01094,1,1,0,0.5497942658880587,0.37942770849656443,
U01095,2,1,1,0.6795737617268082,,
U01096,2,1,1,0.48372086671723435,,
U01097,2,1,2,0.5737223028705669,0.3253709781241965,
U01098,2,2,1,0.6820730382413241,0.5265911187786494,
U01099,3,1,2,0.5924467418987699,0.3551630631571461,
U01100,2,0,1,0.45448242186703786,0.25436134133584065,0.49963072812770376
U01101,2,1,0,0.6604660191555429,0.367121262596461,0.666284947053043
U01102,4,2,1,0.49501185063006825,0.27130886813992316,
U01103,0,4,1,0.6016880361805201,,
U01104,0,4,1,0.6490666739727954,,
U01105,4,4,0,0.6094131775432133,0.3591538700511476,0.7281041105352054
U01106,2,4,1,0.4121085082438132,,
U01107,2,0,0,0.8486504131976185,0.5560731065510113,0.602195896171333
U01108,3,1,1,0.5308323408844052,0.2827250097646624,0.5090203212143939
U01109,1,3,1,0.6152175497768466,0.563773449331505,0.46096685656752295
U01110,2,4,1,0.5987214718987227,0.4385249809282507,0.4914286788036953
U01111,3,4,1,0.7377953140299243,,
U01112,2,2,0,0.5205260717754355,0.3750814444172501,0.4292736922534472
U01113,2,4,0,0.4811198348676303,,
U01114,1,2,1,0.4593196988179971,,
U01115,1,4,0,0.444996847086029,,0.49281458461849864
U01116,1,2,0,0.6895810438006259,,
U01117,2,1,1,0.4775233625576476,,
U01118,0,2,1,0.5733714094508581,0.2995682530606671,
U01119,2,2,1,0.453324588712669,,
U01120,2,1,1,0.6774166018863239,0.3524225343539777,
U01121,0,1,1,0.624050838805838,,
U01122,4,4,1,0.4008335700510446,0.2855650219054878,
U01123,0,3,0,0.7207600695335996,,
U01124,3,1,1,0.6387475515508716,0.391842394540948,
U01125,1,4,1,0.5140087224688399,0.3689141592312977,
U01126,1,1,1,0.4992518296562774,0.4444031410642782,0.46488277893642327
U01127,2,4,1,0.38328781793225375,0.33676204990062863,
U01128,1,0,1,0.4657174211018521,,
U01129,2,3,2,0.5530761957557981,0.3615781888667627,0.4389012728902423
U01130,2,4,1,0.4894793486129103,,0.46266074479400143
U01131,1,2,0,0.5686990337964448,,
U01132,1,4,1,0.506210373188788,,
U01133,2,1,0,0.579771819727325,,
U01134,2,4,0,0.6866811013520997,0.4422400008524917,
U01135,1,0,1,0.6424660699886486,0.49707632989749856,
U01136,2,3,0,0.7637777470455686,0.5110482123960033,0.5881672568852271
U01137,0,2,1,0.4639721906994646,0.3142721022543488,
U01138,1,1,0,0.5898780177521917,0.36959137795226693,
U01139,1,1,1,0.6467291687410531,,0.4575467264419051
U01140,1,1,2,0.7088054538070384,0.4197615542367862,
U01141,3,3,0,0.656588963885121,0.37604301080188346,0.5301000315359254
U01142,2,2,2,0.6648690124205554,,
U01143,1,2,1,0.6249233797181653,,
U01144,1,4,1,0.5837006664834757,,
U01145,2,4,0,0.5392525410757275,,
U01146,0,4,0,0.7186266427078114,0.43444849647763345,
U01147,3,1,2,0.5858598228063651,0.29563077883791816,
U01148,1,4,1,0.8637484882650499,0.7926616762143699,
U01149,0,1,0,0.7116466406432573,0.41850533103093984,
U01150,0,1,1,0.5992155406687778,0.4683298779889198,
U01151,1,2,1,0.7583913491038272,,
U01152,3,2,1,0.4569582419180474,0.3081444960979644,
U01153,1,4,1,0.36853918118006557,0.36079293138468876,
U01154,1,4,2,0.5477805198376977,,
U01155,1,4,1,0.4284304848766507,0.32536235716353007,
U01156,3,2,0,0.5713775977509984,0.3452774187548731,
U01157,2,2,0,0.5055568433852214,,
U01158,0,2,1,0.47553773817132666,,
U01159,0,2,1,0.7720379173047858,0.4490027560073447,0.5883008005265166
U01160,2,1,0,0.7711952365525414,0.48953176798616765,
U01161,3,4,1,0.6182467173186117,,
U01162,2,4,0,0.5330565212894318,0.33573084612053783,0.47176542077857136
U01163,2,4,2,0.6407528761542624,,
U01164,1,2,1,0.5038919023623266,,
U01165,2,4,1,0.6232796884667368,,
U01166,3,1,1,0.45035551638516097,,
U01167,3,4,0,0.6447095986111043,,
U01168,1,3,1,0.6113937837200257,0.4040213267285179,
U01169,2,1,1,0.46915914665761277,,
U01170,2,0,1,0.6565034713125235,0.40182113504133266,0.4736212759642046
U01171,1,4,2,0.7030091908396717,,
U01172,4,1,1,0.6396647349495028,,
U01173,1,4,1,0.4843999665005425,0.3424458333739386,
U01174,2,2,2,0.670545270729946,,
U01175,1,4,0,0.6807067153735862,0.47611802589957375,
U01176,1,2,0,0.6544474548242383,,
U01177,3,1,0,0.808392014573292,0.4672272048635686,0.7201681675766972
U01178,2,1,2,0.7486672509929803,0.4122818100454563,
U01179,3,3,0,0.4837852455230391,0.3455113874399375,
U01180,1,4,0,0.478672642136001,0.35258701130500075,0.41674878027558265
U01181,4,0,0,0.6977024399904032,0.3803189963058732,0.6649343381287129
U01182,2,2,0,0.7341566451725493,0.5483641013610625,0.6287875635888617
U01183,1,4,1,0.6649071748304726,0.45478610619287846,0.5331848200715628
U01184,0,2,1,0.4295598731460924,0.3763830626681923,
U01185,2,1,0,0.669045407619152,,
U01186,0,1,1,0.6149325757297923,0.4223001394431211,0.5368568844968845
U01187,1,1,0,0.7350447930780434,0.3793688686022895,
U01188,2,2,1,0.6231985192767585,0.43918320974013536,0.5308602078975218
U01189,2,1,0,0.5241829636185934,,
U01190,1,2,1,0.597897662993291,,
U01191,2,3,0,0.7069381034903874,0.3922104907914091,
U01192,1,4,0,0.5627985567325204,0.3989214858238931,0.4566013189444797
U01193,2,4,1,0.49364390784887846,,
U01194,1,4,1,0.6398423757415509,0.42698764455328314,
U01195,2,4,1,0.4220023832482558,0.2884601704624198,0.40521729373218085
U01196,0,4,1,0.4072302850296188,0.3093650078329864,
U01197,4,0,1,0.5827609821011726,0.3920326959450902,
U01198,4,3,1,0.46602273883876094,0.2717437031350659,
U01199,1,3,2,0.738579239944709,,0.5151504665743766
U01200,2,2,1,0.5023392123427733,,
U01201,3,2,0,0.6479207851096997,0.4514296830898633,0.608774573057787
U01202,2,4,1,0.46886160736060356,0.3084165413362433,
U01203,2,0,0,0.48750869039052325,0.40717119358836784,
U01204,2,2,1,0.6575854671410807,0.4658796440090767,
U01205,1,4,0,0.5390711688604231,,
U01206,3,3,0,0.7070900402953425,,
U01207,1,4,0,0.6130884582843258,0.28148637892138617,
U01208,1,0,1,0.5137984216747017,0.386727747180875,
U01209,2,2,0,0.5422860783189941,,
U01210,4,3,1,0.5426225814223791,0.3277757534218864,
U01211,1,1,1,0.6577396392034237,0.5280187306039342,
U01212,1,2,1,0.8125829945517596,,
U01213,2,4,1,0.6155822049824193,,
U01214,3,1,1,0.8077552640148541,,
U01215,1,2,0,0.6971780759781206,0.4482574368136773,
U01216,2,0,1,0.5472043215748782,0.348394791172189,
U01217,2,0,1,0.647701651669889,,
U01218,1,4,1,0.4939203513788988,0.3444097291746361,
U01219,1,4,0,0.6601878697494424,0.39245550153382247,
U01220,2,0,0,0.5254527845240913,0.37010655543906334,
U01221,4,4,1,0.5631135946846509,0.30287646923543227,0.6190510105494936
U01222,2,1,0,0.7188019484557748,0.3389575249177673,
U01223,1,3,1,0.6126600549344038,0.43711388309167437,0.5271077825332734
U01224,0,4,1,0.48444086477485304,,
U01225,1,2,1,0.5921727829863515,0.4464975344862428,
U01226,1,4,0,0.767908017703845,0.5645252699550931,
U01227,2,4,0,0.6501300885504078,,
U01228,2,4,1,0.6158030378773149,,
U01229,4,4,1,0.4354217849202932,,
U01230,1,4,1,0.4396554492479763,0.31949567409448104,
U01231,0,4,0,0.729111179409421,0.4096663405589532,
U01232,2,4,0,0.5179722791462197,,
U01233,2,1,1,0.4374638464540836,,
U01234,2,4,1,0.4479776622203329,0.3801405753391917,
U01235,1,1,0,0.7296362644058181,,0.47768494462965827
U01236,2,1,0,0.5724495076137297,0.4100886738086183,0.5150246917812741
U01237,0,3,0,0.5435341069531249,0.3740743696047444,
U01238,1,0,0,0.6563156571697035,0.4803153807419519,
U01239,4,0,0,0.7007467350647539,0.3758460982111674,
U01240,2,4,1,0.3959520397134712,,
U01241,0,3,1,0.7993370810783571,0.4905712858072003,
U01242,3,0,1,0.7662541842334851,0.4773990752220957,0.6598459111440804
U01243,3,2,0,0.9260595202531333,0.6630703946105835,0.7485586482725508
U01244,3,4,1,0.4763682644272891,0.32760797699150124,0.45336928762725387
U01245,3,3,1,0.4499610575315694,,
U01246,1,2,1,0.45662076060908363,0.3227920583334717,
U01247,2,2,1,0.6869935314890663,,
U01248,2,1,0,0.8264524188891966,0.5119621454694501,
U01249,0,1,1,0.6611212647814213,,
U01250,1,1,1,0.46095733810724226,0.3356683064711447,
U01251,3,1,0,0.5737867040453284,0.3027615393651869,
U01252,1,2,1,0.5352386994195361,0.37142442400302184,0.3951038106532408
U01253,2,1,0,0.6253030525302644,0.3234166751333288,0.7111051947752282
U01254,2,1,0,0.9153196167238966,0.7959587311436686,0.663978427984732
U01255,1,1,2,0.5580672584393922,0.38207447270993333,
U01256,1,1,0,0.7191091529646869,,
U01257,2,1,1,0.4951389519363136,,
U01258,1,2,0,0.6855627031017091,0.4202557544873817,0.4693541958163617
U01259,2,0,1,0.6283903150027365,,
U01260,1,1,1,0.5475793600409231,0.39779582501813776,
U01261,2,4,1,0.4350162401665321,,
U01262,3,4,1,0.5456006797701909,,
U01263,2,1,0,0.5952229146079034,0.37645086050850524,
U01264,1,0,1,0.4506535524283505,,
U01265,2,2,0,0.5426844854073691,0.32554973492786443,
U01266,2,2,1,0.6999775192028556,0.4552624014453356,
U01267,2,2,1,0.4833515814725975,0.29327463118657804,
U01268,1,1,2,0.7652813696461782,,
U01269,1,3,1,0.6418486908061507,0.4513879183912834,
U01270,2,2,0,0.6205095056096324,0.3477267329728606,0.43191176276062876
U01271,1,3,1,0.5026181178477107,,
U01272,0,1,1,0.6436030040263744,0.39185168007321974,
U01273,3,3,1,0.4384691718726908,0.15309277908897276,
U01274,2,2,0,0.63473314307838,0.4943609436093746,
U01275,1,2,1,0.6990030955170355,0.4126609641299556,
U01276,2,1,1,0.501074300855921,0.34248165898136096,
U01277,2,2,1,0.7962697387672196,0.5037275833828898,
U01278,4,3,0,0.520848511605462,,
U01279,2,0,0,0.5490833388014205,0.3055857460371598,
U01280,1,0,0,0.958703240301056,0.8202889184516537,
U01281,1,3,1,0.674396893977641,,0.46941008103991116
U01282,1,4,0,0.6784800605625986,0.5104030965723586,0.6205184206770461
U01283,1,0,0,0.7152489133455272,0.4041414089283287,0.4756680970639363
U01284,2,4,0,0.6840775808908736,0.34451613425973426,0.5230560947035278
U01285,2,3,0,0.5459129633044406,,
U01286,1,1,0,0.5116569846352227,0.36365369681346404,
U01287,2,4,1,0.4292199291001609,0.311009974271629,
U01288,2,0,0,0.6399124138174334,0.2851487566384494,
U01289,2,2,2,0.520639024354964,0.3201126640446042,
U01290,2,0,1,0.47932994850916383,0.3226566804357407,0.39041861490316965
U01291,2,3,1,0.45480346709341196,0.3184919356130712,
U01292,2,3,2,0.8039680328984273,0.5046282228621751,
U01293,1,1,1,0.7939854160272962,0.5049300393727919,
U01294,1,4,0,0.6696954807225924,0.5468980599672266,0.6352158175106205
U01295,3,1,1,0.6610099940565004,,
U01296,2,4,1,0.48663939637235776,0.36404969397697573,0.39724743941535523
U01297,2,4,1,0.41338643218432614,,
U01298,2,3,1,0.45465734242938105,0.2726070156204069,0.42341664454541733
U01299,1,2,1,0.7161634073909106,0.40116884874625164,0.456196488226169
U01300,1,1,1,0.6443146052286015,0.39294186861293134,0.4372265350490956
U01301,2,1,0,0.6779613463904465,,
U01302,0,0,2,0.6714702969728189,,
U01303,2,4,1,0.48112596941167085,0.36052248268502074,
U01304,1,1,1,0.6234328305418461,,
U01305,1,2,1,0.45331337413500855,0.3633108597730289,
U01306,0,3,1,0.41747327314738714,,
U01307,1,4,1,0.6097385058257919,,
U01308,3,2,1,0.7764877115567421,,
U01309,2,4,1,0.39462336856290153,0.37498629523224103,
U01310,3,2,1,0.6196968839076802,0.40739230891636274,0.529076569914707
U01311,2,4,1,0.43968205978529695,0.32858227833341136,0.39625189972045943
U01312,0,1,0,0.5601514671973449,,
U01313,1,3,1,0.4368460926818157,,
U01314,3,4,0,0.633154329938694,0.41798596218306894,
U01315,1,2,2,0.5370880215434125,0.2906095124708954,
U01316,1,4,2,0.7126904347646077,0.4167164960039299,0.5024401157216783
U01317,1,1,2,0.7333187307138384,0.42672380761072004,
U01318,1,1,1,0.4358342038444913,0.3235979958324327,
U01319,2,4,1,0.6032922861314405,,0.4292948462172598
U01320,2,0,1,0.43759992835978306,0.3329247779273256,0.38963475146411247
U01321,2,4,0,0.49273529800244814,,
U01322,2,0,0,0.5317625988291338,0.37026128000066405,0.4139806807955724
U01323,0,0,0,0.6911638487855274,0.32615817505246597,0.66187612789321
U01324,2,2,1,0.5247822501923725,0.28886233628834407,0.4046180780584334
U01325,4,4,0,0.4717253392568516,,
U01326,2,3,1,0.6562796586495426,0.4307551883362408,0.5201710193373534
U01327,2,4,1,0.470634966326708,0.28361352434115716,
U01328,3,4,0,0.6916094238987806,,
U01329,1,1,1,0.4718236627574533,,
U01330,1,4,2,0.7643600713489581,0.4166780108860244,
U01331,1,1,1,0.5000266052207208,,
U01332,1,0,0,0.8505420057850803,0.5438738417889266,
U01333,2,1,1,0.503944947210254,,
U01334,4,4,0,0.6650388392275347,0.2213016071352016,
U01335,4,2,0,0.7546689688875409,0.44254529395037323,0.7269948502820855
U01336,1,4,2,0.6136863620429857,0.4434866554957211,0.5988331369012396
U01337,2,1,1,0.6258240863618673,0.42003698282632845,0.4301647103333514
U01338,1,1,2,0.692592829908366,0.4537367532141672,0.554692945786616
U01339,2,2,1,0.661904171521593,,
U01340,2,1,1,0.6805490024844755,,
U01341,2,4,1,0.7183045486303808,0.5334986422218109,0.5657327165134396
U01342,1,4,0,0.6470042331492836,0.3838861443612495,0.5266744579625292
U01343,0,0,1,0.5314581256443588,,
U01344,1,0,0,0.4990500998559398,,
U01345,1,2,0,0.7251783924548716,,
U01346,1,1,1,0.4662466797968287,,
U01347,2,1,2,0.8193506608805171,0.47172554359068586,
U01348,2,1,1,0.4555408206803896,,
U01349,4,1,0,0.5174887873075814,0.2686057296029024,
U01350,2,1,1,0.6877757526496235,,
U01351,0,4,1,0.598318699912429,0.3463472771231328,
U01352,1,4,1,0.4174271817053401,,
U01353,1,0,1,0.567329429691854,,
U01354,1,4,1,0.39995268413000096,0.21313683796252375,
U01355,1,2,1,0.5189646050490831,0.36854713930718996,
U01356,0,4,1,0.7548568559233754,,
U01357,0,1,1,0.4610595554166644,0.2938537054698487,
U01358,1,4,1,0.4503040021656165,0.3446391779939306,
U01359,2,1,0,0.7655773391501851,0.3689283200664564,
U01360,1,1,0,0.6087864134960016,,
U01361,0,4,0,0.45076141025072464,0.33395884361731354,
U01362,2,3,0,0.48948539651713385,0.34562439776555487,0.43267439851062517
U01363,1,2,0,0.9253302139411946,0.8082524340712366,
U01364,1,1,0,0.7842002513293536,,
U01365,1,2,1,0.5016535140851529,,
U01366,2,2,0,0.6194874795970967,0.28900066739175295,0.5440440970567467
U01367,1,0,1,0.6325374019437116,,
U01368,0,2,0,0.4961739614246739,,
U01369,2,4,0,0.6651441618782624,,
U01370,2,1,1,0.5734922490938896,,
U01371,4,4,0,0.7020011395919318,,
U01372,2,4,1,0.4471159010291708,,
U01373,0,4,1,0.5898496039315783,0.43395963175794783,
U01374,1,0,1,0.6467915707372808,,
U01375,2,3,0,0.535690339248795,0.3013844414970586,
U01376,0,3,0,0.7243213544355523,,
U01377,1,2,0,0.5309664966811694,0.33901978714448244,0.4716941696250903
U01378,1,2,1,0.404469440866957,0.06656040863341647,
U01379,2,3,1,0.615323200499848,,
U01380,1,1,0,0.6908114225780596,0.385626153701784,
U01381,2,1,1,0.6394398836021649,,
U01382,2,4,0,0.5536832056958731,,
U01383,4,2,1,0.5842554638186999,0.2864010624492812,0.5713446764683054
U01384,2,4,1,0.4269091381954862,0.36525737537792163,
U01385,1,2,1,0.5008865458016982,,
U01386,2,1,0,0.7204364515648954,,
U01387,3,1,1,0.40994176710658115,0.3550927014437478,
U01388,2,2,1,0.49004226734106077,,
U01389,4,1,1,0.7965523460849964,,
U01390,1,4,1,0.46381706084258667,0.29981380704452726,0.4268561426152164
U01391,2,1,1,0.6348029400970127,,
U01392,2,4,1,0.47975275868923467,,
U01393,2,2,0,0.5106011606596145,0.3231555821313256,0.4605930869994506
U01394,1,4,1,0.5133247449668983,,
U01395,2,0,0,0.5307886675262717,0.3454610470930876,
U01396,3,1,0,0.6030423345556042,,
U01397,1,2,1,0.5223935355035547,0.4062752277594143,
U01398,2,4,1,0.506231992346502,0.30578820485938013,0.401796210065779
U01399,1,0,0,0.5174285349232082,0.3362188982855358,
U01400,1,2,1,0.668357393252685,0.34266394681710155,0.4519712366872244
U01401,2,1,1,0.4513616743094892,,
U01402,2,2,1,0.6275017565875494,0.411153660827086,
U01403,2,0,0,0.5224499194007342,0.3545969367019192,
U01404,1,4,0,0.7273047415715733,,
U01405,1,1,2,0.6801406166274925,0.4701579921314435,
U01406,1,3,0,0.7651853122193712,,
U01407,3,2,1,0.609525890523121,0.3908982412238694,
U01408,3,1,1,0.5453180728109057,0.29948363280201723,0.4942449281614228
U01409,1,4,1,0.8406934562941638,0.6183002866815923,0.6543478242669886
U01410,0,2,1,0.42801225152575556,,
U01411,2,0,1,0.5197685172676583,0.27388962836890435,
U01412,2,2,1,0.44186917334726683,,
U01413,2,4,1,0.5844126783221498,0.38930434591617125,
U01414,2,2,1,0.45630357940466826,,
U01415,1,4,1,0.5989908766395667,,
U01416,0,1,2,0.7111000864438581,0.3710498494847346,
U01417,2,0,0,0.6040643842688564,,
U01418,2,3,2,0.5875766139983185,,
U01419,1,4,1,0.5933016897451195,0.42801399569498,0.5449350193092615
U01420,0,4,1,0.6083046178123053,0.41335717236531966,
U01421,2,0,1,0.6413213606237207,,0.4184913299038946
U01422,1,4,1,0.6308871120715611,,
U01423,2,2,1,0.682605581871778,0.4309975710198137,
U01424,2,2,2,0.49475216264210004,0.3448295489649959,
U01425,4,1,2,0.6790131599697454,,0.6415427786561085
U01426,4,3,1,0.4424158322959585,0.2195137523693314,
U01427,2,2,1,0.6251453043276358,0.4157215330301957,0.44435814926160866
U01428,4,2,1,0.4953868654700084,0.2164007589732561,0.532315446354491
U01429,1,0,1,0.62786973001881,0.4053994555968527,0.4436811491803907
U01430,0,2,1,0.5288176885790702,0.3174167852730579,
U01431,1,1,1,0.4048537762963221,,
U01432,1,4,1,0.5722774849932827,0.23993452686549085,
U01433,1,2,1,0.7036065025131287,,
U01434,1,1,1,0.47195960706961376,0.34967777164757,
U01435,2,1,1,0.502226256997126,0.29455087873337,0.37991505797830677
U01436,2,2,1,0.7512380339616203,0.5043804617243,
U01437,2,2,2,0.6830907508092763,0.40544026553966594,
U01438,1,1,1,0.5237142165109727,,
U01439,2,2,0,0.5201787471821053,,
U01440,1,0,0,0.739792671137781,0.3774774790945459,
U01441,4,4,2,0.6640556251229714,0.3272981484028801,
U01442,2,2,0,0.9800070545573796,0.911981710084516,
U01443,1,4,0,0.6458721775551096,0.3557008707524345,
U01444,1,1,0,0.7276865654328207,,
U01445,0,1,1,0.46455280601748694,0.32810394097659007,0.4456172639962331
U01446,2,4,1,0.4186496674473825,0.2703277959718959,
U01447,1,4,2,0.5604719326606056,0.344193026940106,
U01448,3,2,0,0.741412911354252,0.4091362134797161,0.5133390765433994
U01449,0,2,2,0.48188318638181543,,
U01450,1,0,0,0.7583782868659771,0.5421700345120445,0.6868517302208185
U01451,1,2,0,0.9009809511090338,0.707675612760837,
U01452,1,1,0,0.5994311230880744,,
U01453,0,1,0,0.5221339079718856,0.4010705977789277,
U01454,1,2,1,0.7052797563220616,0.3778250172583344,
U01455,2,1,2,0.6816383634343955,,
U01456,0,1,0,0.7057600704638327,0.3489050767255803,
U01457,1,0,0,0.6051748698547804,0.3354426520800716,0.4983194562428322
U01458,1,4,0,0.5376266582096955,0.3286554330516491,
U01459,2,2,1,0.4191887523967506,0.394415054670673,0.3996544432194011
U01460,1,1,1,0.7704824786197535,0.5283833305135304,
U01461,2,1,2,0.5878538907261369,,
U01462,1,4,0,0.8100292841898302,0.5443888857554846,
U01463,2,0,1,0.6412372596425274,,
U01464,1,4,1,0.6846734836126193,0.5341240578918156,0.566909341297798
U01465,4,4,0,0.6546415910849976,,
U01466,2,2,0,0.7133606365526477,0.4378429797146718,0.4745438504560054
U01467,4,3,0,0.5232535960365194,0.30347622543953007,
U01468,1,1,0,0.8159743909298277,0.5493669602471828,0.6357525799694309
U01469,0,4,1,0.5789336454741139,0.3379425838617036,0.4654425935480193
U01470,3,4,1,0.7252014364924342,0.5031240433297511,0.6490952579406047
U01471,1,3,1,0.7062715993127796,0.4183243586396634,0.4179442322305218
U01472,1,3,0,0.7532156034767218,0.41756590490107076,0.561999006237126
U01473,0,1,1,0.6561288221479371,0.42134885600779337,0.4673389164975779
U01474,1,2,0,0.8363887774761676,0.6134816535379819,
U01475,2,4,1,0.47149246350551294,,
U01476,1,1,1,0.4868474683265652,,
U01477,3,1,2,0.5935894477467354,0.3427524349856623,
U01478,3,4,1,0.44022338256851234,,
U01479,3,4,0,0.46946722829086596,,
U01480,1,1,1,0.6810034780455217,0.4290431955977522,
U01481,3,0,1,0.6202855110555667,0.36800970613787326,0.4579103137225551
U01482,2,1,1,0.48805763960357684,,
U01483,1,0,1,0.6433735605259077,0.4286651023050202,
U01484,2,4,0,0.8852135332472271,,
U01485,2,1,1,0.6790286473908769,0.4166143849260868,
U01486,2,4,1,0.5724410645670029,0.3996754226630195,
U01487,2,1,1,0.6047098955481651,0.39568644760859656,
U01488,1,4,0,0.7436158829335431,0.581780825692838,0.670210374986567
U01489,2,1,0,0.5595067502479097,0.33621621903512894,
U01490,1,4,1,0.4374369576467515,0.4194205964923554,
U01491,2,1,0,0.6918450798855107,0.43544574546076026,
U01492,2,0,0,0.6813086601433612,,
U01493,2,2,0,0.7381177800719969,0.46273474803009623,
U01494,2,1,1,0.6364693250394822,0.48106684416152584,
U01495,1,4,0,0.6692683811251614,0.35160467984814986,0.5533159629760804
U01496,1,1,0,0.5857913799257597,,
U01497,1,0,0,0.5668429702200094,,
U01498,1,1,0,0.7239827711915335,0.4763991227315949,0.5589133478928724
U01499,2,4,2,0.6810058089907335,,
U01500,0,4,1,0.4769613613821955,,
U01501,1,3,2,0.6576004759874291,0.4376666864837372,
U01502,1,4,1,0.7733091368875042,0.5188669661170886,
U01503,2,0,0,0.7704178642805437,,
U01504,2,4,1,0.574003318635807,0.4419215443358163,0.4418441017761167
U01505,2,3,1,0.5484785983884573,0.3227676432340832,0.3878485478612629
U01506,2,2,0,0.6879964146476356,0.5185765349364997,0.5553250251446314
U01507,1,1,0,0.5919887154399504,0.4130272319249434,
U01508,1,2,1,0.634773561382063,0.3939980886492134,
U01509,1,4,1,0.5780254915498928,0.3879948518028399,0.4682306091411455
U01510,3,2,1,0.5572822023753946,0.30135777524485474,
U01511,3,2,2,0.5426011302619717,0.32865140190057474,
U01512,1,1,0,0.7401898040908799,0.4489652612850347,0.6177179383432937
U01513,4,2,1,0.43234727204096046,0.25966354430130206,
U01514,2,1,0,0.6833432293815116,,
U01515,2,1,2,0.5400308229799478,0.3695284742868644,
U01516,2,1,1,0.6299076607990557,,
U01517,1,2,0,0.7717235921477695,0.6229347553812833,0.5109601077878043
U01518,0,1,1,0.46115206925570573,,
U01519,2,1,0,0.5835403813943191,0.35939539944631393,
U01520,0,2,1,0.434445460452891,0.31577500709218825,
U01521,2,1,1,0.47142012491864727,,
U01522,0,1,1,0.5565544068439479,0.3152277856490798,
U01523,2,1,1,0.44214823696454275,,
U01524,2,4,0,0.44870470615377467,,
U01525,1,4,1,0.5951613796856209,,
U01526,2,1,1,0.674395932947554,,
U01527,2,3,0,0.755048087935454,0.5111068409812278,
U01528,2,2,1,0.6863712104570833,,
U01529,3,4,1,0.40170343002076114,,
U01530,1,4,2,0.5082452723319352,0.37291679912696113,
U01531,2,4,0,0.6754133938883865,0.3933505090739487,
U01532,1,0,1,0.5614601902530909,,
U01533,1,1,1,0.5291489436419493,0.37949586749534026,0.39677907412907615
U01534,2,1,2,0.51159128067836,,
U01535,1,2,1,0.4817630487747469,0.3681223717595978,
U01536,2,1,1,0.4422097680313415,,
U01537,2,4,1,0.4389787954585859,,
U01538,1,2,1,0.6646330622953021,0.4271009447155755,0.5007124471386588
U01539,2,0,0,0.5048730361431731,0.39160644683640194,
U01540,1,4,0,0.7710846880368345,,
U01541,1,0,2,0.6919182854463884,0.42295260878990204,
U01542,2,1,0,0.615194738912288,0.384447521432527,0.5147719839616206
U01543,1,2,1,0.5094009625686465,0.39507636050665873,
U01544,2,4,1,0.50341612601936,0.3362408442613744,
U01545,4,2,2,0.4824554509588266,0.246404172352835,
U01546,1,3,1,0.7044590573936759,,
U01547,3,3,1,0.44577359124131377,0.3271063830006827,
U01548,1,3,2,0.5177046569641023,0.37544905263510653,0.47854744345782213
U01549,2,4,0,0.5565343798339059,,
U01550,1,4,1,0.5879785212403066,,0.42453853075412523
U01551,4,4,0,0.4940195461159422,,
U01552,1,0,2,0.8041916915248305,0.4876741673930192,
U01553,3,2,1,0.6342819227979476,0.4347602709358997,
U01554,0,1,0,0.49714270015990847,,
U01555,2,3,1,0.6260118769851565,,
U01556,2,2,1,0.6751693001413491,0.47087058545342797,0.4928843913142955
U01557,1,3,2,0.7686274467633032,,
U01558,1,2,2,0.8170666703050272,0.511348399551963,0.602006779730774
U01559,3,1,1,0.4798188243438234,,
U01560,0,1,1,0.6629344476845012,,
U01561,2,1,1,0.5818554711568714,0.4638547378262479,0.4624517528849255
U01562,2,1,0,0.5172367609455393,,
U01563,3,0,1,0.5190422379142792,0.24742292415813774,0.5985609070357453
U01564,2,2,1,0.503791950454103,,
U01565,3,2,1,0.6277863644955922,0.4719186649109933,0.49730692607307814
U01566,1,0,1,0.6889661349656839,,
U01567,1,1,1,0.6225284175602569,0.44138521054612334,
U01568,2,1,0,0.859543780242858,,
U01569,1,1,1,0.5041478719063868,0.3162449446488835,
U01570,1,4,1,0.6259602216191742,,
U01571,1,4,0,0.8383525174584979,0.6029709823894955,
U01572,2,1,0,0.6648486277104292,,0.5620023639229148
U01573,1,4,1,0.41506129771719963,0.35924587311707035,
U01574,0,1,1,0.4513637626408879,,
U01575,2,0,0,0.5582940123759861,,
U01576,2,4,1,0.5731681203895662,,
U01577,2,4,0,0.5172610593691057,0.3144390318463635,
U01578,1,4,1,0.5776372471420667,0.41017214368530813,
U01579,1,3,1,0.43884552032345486,,
U01580,1,1,1,0.7342674421863531,0.43656144420009085,
U01581,2,4,0,0.6818346106190166,,
U01582,2,2,2,0.678241464154155,0.3819006761818999,
U01583,1,0,1,0.6604711842563553,0.3570813006384307,
U01584,1,3,1,0.7371074763619149,,
U01585,4,4,1,0.5774619093553581,,
U01586,2,4,1,0.4602908069115339,0.3049989094404675,
U01587,1,1,0,0.6264326228419783,0.38944134375828554,
U01588,1,0,1,0.787972390109315,,
U01589,1,1,2,0.8311217613757117,0.5137569748993255,0.646104895412254
U01590,1,1,0,0.5388368858083499,0.3326879872587613,
U01591,1,4,2,0.6992238564086906,0.4911635546843467,0.5830832394761649
U01592,4,4,0,0.599878093107157,0.3022347488149387,
U01593,2,1,1,0.6620674001181774,0.41754608378862096,
U01594,2,0,1,0.6753058133883335,0.4924804245326906,0.5011680418946232
U01595,1,0,1,0.48834343095920707,,
U01596,1,1,1,0.6402190407959264,,
U01597,2,4,1,0.4166634219526049,0.32578260310769946,
U01598,2,2,1,0.703944145391432,0.44154887721683783,0.4478261458884432
U01599,2,4,2,0.839316708647925,0.6280480614204268,0.71682358191851
U01600,0,4,1,0.6559057806881237,0.3990272395671268,
U01601,2,4,0,0.6924394127555116,,
U01602,2,0,2,0.526808007883042,0.3468167804506515,0.4420473433346847
U01603,2,3,0,0.8700651285147462,0.6324770681616294,0.6750470952838936
U01604,2,0,1,0.7527817091518438,0.4769480114653275,
U01605,2,1,1,0.7182338013377393,0.4454179903033773,
U01606,1,4,1,0.6329360040515492,0.366901556034561,0.42431545402365906
U01607,2,2,1,0.6720766941542644,0.3902668853134843,
U01608,3,1,1,0.43809323557087126,0.32669324401345473,
U01609,2,3,0,0.6486415452646814,,
U01610,1,3,1,0.8023254348412295,0.5152431622871833,
U01611,0,1,1,0.4751476365233909,0.3261708657644481,
U01612,1,3,2,0.654078379962393,0.40808081670407914,0.4875020264398527
U01613,1,4,1,0.5267217127077493,0.45118026732112865,0.4444275963898985
U01614,2,2,1,0.6164911720703531,,
U01615,2,4,0,0.5311878601267451,,
U01616,1,4,1,0.6725544052628217,,
U01617,4,0,0,0.724557595548169,0.3400092177123525,
U01618,1,2,1,0.47339777519289417,,
U01619,1,1,0,0.6624667722207963,,
U01620,1,0,1,0.591518608206853,,0.44363567969192896
U01621,1,1,1,0.4730789173950578,0.33556947462026326,
U01622,2,4,0,0.6931614157080869,0.45786067237484374,
U01623,1,4,1,0.6019341992886912,0.4994422384420806,
U01624,4,4,1,0.5294996052214308,0.2973170225343083,0.5733480612547895
U01625,2,4,1,0.4503753956589291,0.310568663108401,
U01626,1,1,1,0.6497288465381635,,
U01627,2,1,1,0.5760190463420668,,
U01628,1,1,0,0.6998431673040059,0.44409045361747096,0.47538198823857014
U01629,2,4,0,0.6505199796038502,,
U01630,1,3,0,0.69351102110476,0.4364683883537083,
U01631,3,1,1,0.5177569439253069,,
U01632,2,3,1,0.6463544478641937,0.3902364588734238,
U01633,1,2,0,0.5880257325552543,,
U01634,3,0,0,0.7395756967657032,0.3604280500312324,
U01635,0,0,1,0.5078905575796937,0.232177045852879,
U01636,2,2,1,0.6823874132987575,0.4860607203564065,0.49705639012832215
U01637,2,1,1,0.6574101194623211,0.42974459178951424,0.5005417146759716
U01638,2,4,1,0.6408880140812636,0.43549670114356465,
U01639,4,0,0,0.8951037675730871,0.49142299955891267,
U01640,0,0,1,0.45291411798634484,,
U01641,1,2,0,0.5094210854322887,,0.4538508557434097
U01642,3,1,1,0.6491677496679913,0.39438623262643263,
U01643,1,0,1,0.6466906006363556,,
U01644,1,4,0,0.8105110823910916,,0.6474236406060507
U01645,2,4,1,0.729686177099908,,
U01646,3,4,1,0.4726544310267919,0.3219918948138131,
U01647,2,0,2,0.4755637713084433,0.33750655282103803,
U01648,3,2,0,0.6917368410585742,0.38590023580965,0.5321270531358865
U01649,3,4,0,0.8255140613019648,0.32781308740707565,
U01650,1,2,1,0.5838049171813038,,
U01651,2,4,1,0.46002237463990076,,
U01652,2,1,2,0.7210055136269222,,
U01653,2,1,1,0.5452429834950525,0.38925664240669194,0.40695701005593266
U01654,2,1,0,0.5900265493373216,0.4446856879894349,
U01655,2,4,1,0.4859973565529168,0.34150157924245733,
U01656,0,4,1,0.5802447561036619,,
U01657,1,2,2,0.7131936037410094,0.3311543169892738,0.7013223592066408
U01658,2,2,1,0.670704312385037,0.4365646494016301,
U01659,2,1,1,0.4941592591423728,0.41533718353968846,
U01660,1,1,1,0.4728450951863214,0.3566931518298269,
U01661,1,1,1,0.6865789592622922,0.39864431498863045,0.6389506229152981
U01662,1,4,1,0.5053421071319717,,
U01663,0,1,1,0.5328093009982804,0.30638658465867946,0.41446516619485446
U01664,1,1,1,0.6335346542939055,,
U01665,4,3,0,0.8265202272767733,,
U01666,0,2,1,0.7809719152964734,0.44569354496070573,0.567295419139979
U01667,2,1,2,0.5147788752372106,,
U01668,0,4,1,0.466055182917465,0.3302208016409612,0.3885016146731173
U01669,2,4,0,0.5028020304191165,,
U01670,3,2,1,0.7605697194028673,,
U01671,2,4,0,0.5407540316538761,,
U01672,0,1,2,0.6558399452686162,0.4134041002660196,
U01673,0,2,0,0.7024302186928841,,
U01674,3,4,0,0.8005629940028595,,0.6725324293629178
U01675,3,1,1,0.663841947241033,,
U01676,2,4,0,0.7052292011436387,0.5153150255840111,
U01677,2,4,2,0.5854933780753114,0.3949880529147396,0.5308555402993423
U01678,1,4,2,0.7089590436833116,0.4148661139758815,0.6070246001483951
U01679,2,1,1,0.6595396417354168,,
U01680,1,4,2,0.5485028053987029,0.3107662126834801,
U01681,2,1,1,0.4983811859376938,,
U01682,4,2,1,0.4838933978903376,0.20867824909214186,
U01683,1,1,1,0.5615643937837231,0.3567566543337686,0.40120496588196103
U01684,3,1,1,0.678595744431608,0.3491242494316907,0.46829154639968423
U01685,2,0,0,0.820692537893543,0.40189003422141917,
U01686,0,2,0,0.7224896046030932,0.4321161104909407,0.5702933645073606
U01687,0,2,0,0.512749278695048,0.2959226514376764,
U01688,1,4,0,0.6623139872394325,0.5492313302400419,
U01689,1,1,1,0.5871624334019475,,
U01690,3,2,0,0.7983969643482929,0.48345699845226286,
U01691,2,0,1,0.47810735910073376,0.33917685234346157,
U01692,1,1,0,0.5887729718887608,0.3160160430355675,
U01693,2,3,0,0.574406536133013,0.41983183173171335,
U01694,2,1,0,0.6555498566200293,0.4816755195105899,
U01695,2,3,1,0.463205145598733,,
U01696,2,2,0,0.5039470089170294,0.37846974322155036,0.464857522460716
U01697,2,0,1,0.470127506951811,0.3528710198024403,
U01698,2,3,1,0.4058260821599333,0.37136209044246965,
U01699,4,2,0,0.5486238945920282,0.3018204463549549,0.5518778982542923
U01700,1,1,1,0.4870958756514809,,
U01701,4,4,0,0.6448120505791077,0.06377641483365139,
U01702,1,1,1,0.7845410642871554,0.5155937915379583,
U01703,2,4,1,0.3977106096727606,0.37504759475451704,
U01704,1,2,0,0.7867975022349876,0.4653334986591683,0.5767111855848163
U01705,1,4,1,0.45831924603113666,,
U01706,2,4,1,0.44391468967797043,0.4268630742388457,
U01707,1,0,1,0.5090199077646176,,
U01708,2,2,1,0.6670626937426382,,
U01709,1,1,0,0.7345785777112719,0.4263404182979687,0.503284076542089
U01710,1,4,1,0.5963589519995921,0.43930674825018434,
U01711,2,1,0,0.6541127625951912,0.4819422845566396,
U01712,2,0,0,0.6385132322172515,,
U01713,3,1,1,0.6786073764863608,,
U01714,1,0,0,0.5777031153440325,,
U01715,2,1,0,0.6007841641740826,,
U01716,4,1,1,0.6237200366774801,,0.6398287859583757
U01717,2,3,1,0.4560371345055826,,
U01718,1,1,1,0.4631153915075069,,
U01719,4,4,0,0.6643134971912633,0.2770587496411772,
U01720,2,1,0,0.6615661621140703,0.47964646586799164,0.5272912075659256
U01721,2,4,1,0.42504330278524294,,
U01722,2,4,0,0.6705968925290987,0.4537735912158596,
U01723,2,4,0,0.5380531631986429,,
U01724,2,1,0,0.7122161877283669,0.45635898202208214,
U01725,1,4,0,0.48640197234121524,0.3679066584568214,0.48009246437576436
U01726,2,0,1,0.6374256482095932,,
U01727,1,2,0,0.7094825606609199,0.47391011213131345,
U01728,4,4,0,0.48178619712509196,,
U01729,3,0,0,0.45826535391242473,0.1255709150284499,
U01730,1,1,1,0.5975991949156295,,
U01731,2,1,1,0.47007440150817703,0.37008277777607,
U01732,1,1,1,0.5851654409866108,0.39501302034614083,0.43444460085306635
U01733,1,1,1,0.5156470180832816,,
U01734,1,1,0,0.5411466312131935,0.4433197529110044,0.4630922525704109
U01735,2,4,1,0.4905472462602454,,
U01736,0,0,0,0.5456974020507204,0.28392626043416325,0.5014877760989251
U01737,1,3,0,0.8342575571226264,0.5468535975856347,0.5996823194772102
U01738,2,1,0,0.6909038949189759,,
U01739,2,0,1,0.4774439386630312,0.3358464368723569,
U01740,1,2,2,0.5036837337888965,0.3471865445881675,
U01741,3,0,0,0.683288922065629,,
U01742,1,1,0,0.814971264230778,0.5338106986140811,0.5983189879855086
U01743,3,1,1,0.6404251601793328,0.4111042918088304,
U01744,2,1,1,0.8002574657286716,0.5888392780278782,0.5570540605537565
U01745,1,4,1,0.5181065823984794,0.36395984289397115,0.3992331943950966
U01746,1,2,1,0.6086171420592956,,
U01747,2,1,1,0.45426968670762785,,
U01748,2,1,0,0.9174370047259728,0.7890258715400243,0.7040749185083593
U01749,3,2,0,0.7971883700757599,,
U01750,2,2,1,0.6698756077899298,0.45849257189102693,
U01751,1,4,1,0.5895109400144831,,
U01752,2,0,0,0.6892213350064906,,
U01753,2,4,1,0.47949991190186037,0.30217485135654315,
U01754,2,1,0,0.7536725903624862,0.45539591432486853,0.5712156747479784
U01755,4,4,1,0.3823354448962602,0.2787496920124732,
U01756,3,0,1,0.46618764657857326,0.25964948227964735,
U01757,4,3,1,0.4471578608665038,0.19289269719956598,
U01758,1,1,0,0.786234362644568,0.433767108568241,
U01759,2,4,1,0.7819703829671333,0.5148850362705265,0.5715091225163424
U01760,1,4,0,0.8933228534469599,0.7169676981158687,0.5914958445105408
U01761,1,4,1,0.41196307772256513,0.36359807313497106,
U01762,3,1,1,0.6190666207535281,0.3752243152385026,0.4911188483643728
U01763,2,4,0,0.7344988396054898,0.3086465559431673,0.6481944470106906
U01764,1,2,1,0.538105269742184,0.4049992731380428,
U01765,2,0,0,0.599803187735249,0.351544902349069,0.45877562849348236
U01766,2,4,1,0.4718196386446423,0.3598674169342303,0.407237489849733
U01767,1,1,1,0.6611078206760239,,0.5158336364251715
U01768,1,1,0,0.7973769767614757,0.5586146189104273,0.6094935536540754
U01769,2,4,2,0.6663933926637376,0.40026012704824915,
U01770,2,2,1,0.7549624355670611,,
U01771,1,3,0,0.6816396404955518,,
U01772,3,4,1,0.49030843535935426,0.31592529543566933,
U01773,0,4,0,0.49292114047630314,0.3197604705316242,
U01774,4,2,0,0.6352638830279331,,0.7108817282534626
U01775,3,4,1,0.6479437237170277,0.4020870899878907,0.4780485435034114
U01776,2,0,1,0.48796628185720975,0.3780525974901672,
U01777,1,1,1,0.8063227153706211,0.5392650442872791,
U01778,1,2,1,0.5014116794284458,0.3058248957555538,
U01779,2,4,1,0.7229715374133814,0.5452853587996002,
U01780,3,2,0,0.5858573780863324,0.3136191068418657,
U01781,2,2,2,0.7031109913445512,0.38012599077688075,
U01782,0,1,1,0.6990844183340312,,
U01783,1,2,1,0.6893494339417857,,
U01784,1,2,0,0.8176366216488405,,
U01785,1,4,2,0.6735108669826654,0.44609105731282084,
U01786,0,1,1,0.6631006797455071,0.4774188080742614,0.5230081772799723
U01787,1,1,1,0.6746076370520155,0.4273010080237786,
U01788,1,4,1,0.5647621608873398,0.406891458294996,0.42890427349581584
U01789,2,4,1,0.6348732295049588,0.39907353368899506,
U01790,1,0,1,0.6912887146472364,0.42148495897009636,
U01791,2,1,1,0.667583127555234,0.5086190379335296,0.5657196580292451
U01792,1,2,1,0.452983436520727,0.39150693510383533,
U01793,1,1,0,0.6472995094798323,,
U01794,1,1,1,0.532543071773017,0.31994209663818224,
U01795,2,4,1,0.5813992230768054,,
U01796,2,4,1,0.5392089251592167,,
U01797,1,1,2,0.8552793397192562,0.7166707028608552,0.5810052436646734
U01798,2,1,0,0.6992073463623757,,
U01799,2,1,1,0.5160172917951669,,
U01800,2,2,1,0.46049818208323656,0.3149155612245853,0.42338456051874507
U01801,4,2,0,0.5447833729539155,,
U01802,1,4,1,0.4495505665297906,,
U01803,2,2,1,0.4654875442541546,0.35391552986750235,
U01804,2,2,1,0.44902707317391216,,
U01805,2,1,2,0.773785548135443,0.5591144523396712,0.6755760423273001
U01806,3,3,0,0.8065206394044009,,
U01807,1,2,0,0.8792613942810706,0.6656240946104047,0.6417298642118662
U01808,2,1,1,0.6284208011390912,0.3753775778545786,0.463992464913243
U01809,2,1,2,0.6836553113643967,0.39442457473376386,
U01810,2,1,2,0.5175687919933925,,
U01811,1,1,2,0.7427614816892768,,
U01812,3,2,1,0.4838717077875544,,
U01813,2,4,1,0.5507725160055547,,
U01814,2,2,0,0.5649753084399699,,
U01815,2,2,1,0.6373002193132484,,0.4510214344800756
U01816,4,0,1,0.46407850011273877,,
U01817,2,0,1,0.47812848070514175,0.3299916806548012,
U01818,3,1,0,0.5190412898972984,0.28781385207031096,
U01819,1,4,0,0.7138158885215324,0.4142814999292276,0.5204530753731661
U01820,2,0,1,0.6709596050064789,0.4353860959691182,
U01821,2,1,0,0.5346682009539775,,
U01822,2,1,0,0.7155706255736468,0.5590356024349592,0.5951442969935687
U01823,1,2,0,0.5397417162015745,0.35413330395762355,0.4492859715180754
U01824,3,0,1,0.6900404452881836,0.40940025096218674,
U01825,1,1,1,0.783570696384849,,
U01826,1,0,1,0.6838218547977258,0.48730607542495885,
U01827,2,2,1,0.5117861569672592,0.3088409427490813,
U01828,4,4,0,0.6722301062395887,0.29094789459003423,0.6320822291447473
U01829,3,1,1,0.6357994632272974,0.43822197891349796,
U01830,2,3,2,0.6471586241303523,0.4140132845640921,
U01831,4,4,1,0.5574655699615353,,
U01832,1,1,1,0.5126226138049546,0.35768012319734777,0.4540740676593256
U01833,1,4,1,0.5736985512815724,,
U01834,1,2,1,0.5160636448554965,0.3385034431454988,0.39212019443739016
U01835,3,1,1,0.7586118871070786,0.4884118257633815,0.5956702165387279
U01836,1,1,0,0.6922952531693883,,
U01837,2,1,1,0.6169159403603248,0.5038456691977091,0.5249059822036669
U01838,2,3,0,0.5661547707875352,0.3272707746916121,
U01839,0,1,0,0.5911699728701466,0.3183521901923134,
U01840,2,0,1,0.5940617968541154,,
U01841,2,3,0,0.7222122285390644,0.3773810250659696,0.6025167532860483
U01842,1,1,0,0.5466173747268681,,0.4538414201614405
U01843,1,3,1,0.48115411358023163,,
U01844,1,3,1,0.41704578742778814,,
U01845,0,2,2,0.7682310925243544,,
U01846,2,1,1,0.6980291751525205,,
U01847,2,0,1,0.4634706606650077,,
U01848,2,2,2,0.7906160872950744,,
U01849,0,3,1,0.6293327959854391,0.3707695140738932,
U01850,1,1,1,0.6549069539203304,,
U01851,2,2,0,0.510105420614828,0.37486738930890445,0.42137773354161945
U01852,3,4,0,0.5007144099653625,0.21608169696622004,
U01853,0,1,1,0.4937626805745343,0.2754276896031558,
U01854,3,4,1,0.4511411308792334,,
U01855,0,2,0,0.5417705169463929,,
U01856,2,4,0,0.8026329762504946,0.5457138094048662,
U01857,3,4,1,0.5565850772492698,0.4022972336995801,0.45548188551826096
U01858,1,3,1,0.6254768616779496,0.43503728738601566,
U01859,3,4,1,0.5441057490138861,0.4046060644209763,
U01860,1,0,0,0.6648505594315378,0.4060367311990916,0.5644760993839597
U01861,3,4,0,0.487430683150024,0.30117540880097676,
U01862,1,4,2,0.6704807790204366,0.45946989821619955,0.6457534622101799
U01863,2,0,0,0.6992676698107789,,
U01864,1,3,0,0.5495845406675371,0.32626217016904263,
U01865,4,4,1,0.39697521384287565,,
U01866,0,2,0,0.5656128917077555,0.2800629730325324,
U01867,2,1,0,0.5546881438959584,0.35886820930704755,
U01868,2,1,1,0.8213644702233406,0.4903156535191304,0.5818087987099752
U01869,2,4,1,0.5757201630745014,0.4799911642482601,
U01870,1,1,2,0.5389806077269654,,
U01871,3,1,1,0.6653158479575033,0.3508471298433011,
U01872,2,4,1,0.42896101094868055,,
U01873,1,1,0,0.8332183785394397,0.544368922045528,0.6373116318395484
U01874,3,1,0,0.6226976532395165,0.30282963077010117,
U01875,1,4,1,0.7777319960491393,0.46831095107310283,0.5881084036357153
U01876,1,0,0,0.6981167708987901,0.43214202104391874,0.5413738731714529
U01877,1,3,1,0.7730835566976576,0.4891092891825483,
U01878,1,0,1,0.6257890733280298,,
U01879,2,4,1,0.6540695672785676,0.451807706428134,
U01880,1,3,0,0.780317886557921,,0.6436949202657096
U01881,1,2,2,0.656012042204427,0.48430365015078347,
U01882,0,1,0,0.6917543930147724,0.39561168605700153,0.5020154955389401
U01883,1,1,2,0.9209397834045919,0.7115401998189634,0.6030685800493558
U01884,3,0,1,0.6980901631137831,,
U01885,2,0,1,0.43224879168529795,0.42410918864296354,0.45419825255323715
U01886,1,2,0,0.8304454487318146,0.5446479872937003,
U01887,2,2,1,0.6597153248190615,0.4978971017542922,0.503601389150999
U01888,2,0,0,0.53096426792477,0.33250358021233223,
U01889,1,3,0,0.7480788698891633,0.39451133979578856,0.7033017591058821
U01890,4,4,2,0.6619610737346986,,
U01891,2,1,1,0.5419325407216073,0.34964978645210054,
U01892,1,2,1,0.5355690947971159,,
U01893,3,1,1,0.6891221831497142,,
U01894,2,2,1,0.598120771598842,0.490706492054333,
U01895,1,3,0,0.7543800677747192,0.4793084846411602,0.5543256445914415
U01896,1,0,1,0.6883382856122232,,
U01897,1,0,1,0.5095998641302227,0.3562610009027485,
U01898,2,4,1,0.5079013219761249,0.31521798879457175,
U01899,2,4,1,0.45409909639017254,0.3261170349232563,
U01900,3,4,1,0.42257835558374174,0.27817545761869866,
U01901,1,0,1,0.6491742096459799,0.4165857293876583,0.6085760922931611
U01902,2,2,1,0.4838242216287067,0.3250611431984565,0.37902474053527413
U01903,3,0,1,0.4936631229213584,,
U01904,2,1,1,0.5412453957626313,0.3534845191650009,
U01905,1,4,1,0.6057058166099886,0.3918211181113354,0.4368856563163557
U01906,2,2,1,0.5064210779190698,0.3967631738717827,
U01907,4,4,1,0.4365166063338819,,
U01908,2,4,0,0.5219618177688399,0.40200182911854254,0.4798267021299015
U01909,2,2,0,0.9908950209655888,0.9627971394691038,0.8112930395234036
U01910,2,0,0,0.5356155013799478,,
U01911,2,4,1,0.4438791777313451,0.3544415171400861,0.4052239028385302
U01912,0,2,1,0.5971394177865077,,
U01913,4,1,0,0.7306102952701623,,
U01914,2,3,1,0.6925003661296206,0.38930118595271945,
U01915,1,1,0,0.6714498176440664,,0.49135403207066997
U01916,1,1,1,0.44413575316558,0.36827051519280346,
U01917,0,2,1,0.6536139335697138,,
U01918,1,1,0,0.7254125515041328,0.4111888678230088,
U01919,2,2,1,0.6147736735179113,0.49542988660112497,0.5182163846579753
U01920,1,2,1,0.7980379989049998,,
U01921,1,2,1,0.46683454141997105,,
U01922,2,3,1,0.47251564410114927,0.3250868786023155,
U01923,1,1,1,0.7024307631507244,0.39874504379973014,0.4749254875414206
U01924,2,2,0,0.5196908863372124,,
U01925,3,1,0,0.5646327528532856,0.2478899584209984,0.5954614753135107
U01926,2,4,0,0.7100724797403934,,
U01927,1,2,1,0.6108319047059033,,
U01928,1,4,2,0.5725083817664574,0.33126950839594493,0.4599110286524187
U01929,1,0,0,0.6340802689094754,,
U01930,2,4,1,0.39324053503180767,,0.45024737725659797
U01931,1,0,0,0.7294492327519286,0.4090550925171089,0.49944859509233225
U01932,1,3,0,0.6748898053429374,0.38328577992644214,
U01933,1,1,0,0.6688294107193833,0.4167063412269313,
U01934,1,0,1,0.4925535970764037,0.31602081366189794,
U01935,1,2,1,0.41340537973666475,,
U01936,3,4,0,0.46531111106247014,0.2625243576742294,0.5626223877797109
U01937,2,1,1,0.644564704715661,0.3875674259966562,
U01938,3,0,0,0.5231219846595444,0.29572582547144716,
U01939,1,4,0,0.7146500166849237,0.4160485471950198,
U01940,2,1,0,0.5439187094780101,0.3116617203730286,0.46407289193865553
U01941,2,2,1,0.5071551095788155,,
U01942,2,4,0,0.5155718469345753,0.33825356157198183,
U01943,3,3,1,0.4714654075211146,0.3458996092265999,0.4375461005585486
U01944,1,2,0,0.6932487262781867,,
U01945,3,0,0,0.7455061637662601,,
U01946,1,1,1,0.6243140909526663,0.4415090275305025,
U01947,1,4,0,0.5652569224259892,0.42398696952724957,0.4438447945630612
U01948,2,1,1,0.6841549680468698,0.30957722560573026,0.5119622115503324
U01949,2,3,1,0.4954093711199455,0.3681972233465488,
U01950,1,1,1,0.6932474281569903,,
U01951,2,1,1,0.8115017202349832,,
U01952,2,4,1,0.6228144251564264,0.3418710335017553,
U01953,1,1,1,0.5262478363115916,0.34843067354393636,
U01954,1,1,0,0.6392112755164476,0.44983458999639786,
U01955,4,0,0,0.520446548953212,0.3343935464310747,0.6644786953622912
U01956,0,1,0,0.81381447263213,,
U01957,1,1,1,0.7579427577131828,0.523705618079662,
U01958,1,4,2,0.6668547505875322,0.4081563144697104,
U01959,1,2,0,0.6023136327372826,0.38224148904702426,
U01960,3,0,1,0.5378386722562375,,
U01961,2,4,0,0.8239075336809951,0.5757064561308776,0.6628936834047003
U01962,1,0,1,0.6591576613657888,,
U01963,3,4,0,0.48002663170685805,0.3277491663701194,
U01964,2,3,1,0.6371490156081564,0.5186671083319856,
U01965,1,1,1,0.6574900167643216,0.3995183129920322,
U01966,1,0,0,0.5368920594876556,0.3748634438813215,0.4459933797767963
U01967,2,2,1,0.4657241226358132,0.35948474657214297,
U01968,2,2,1,0.4654097532511106,0.3358368649099771,
U01969,2,1,2,0.8001572515914898,0.5161768463554327,0.6263991037558313
U01970,2,1,2,0.49802767620472543,,
U01971,2,2,0,0.866349261362485,0.6451741111423782,
U01972,3,1,1,0.6775235980524116,0.39992745724019474,
U01973,2,2,1,0.48325147733547924,0.3654629412677056,
U01974,1,2,0,0.7736457652354052,,
U01975,2,2,1,0.45919453072044325,0.3581319233787022,0.41325698423775564
U01976,0,1,1,0.624751058713444,0.2035509092596454,
U01977,2,2,1,0.4720930780770825,0.3985801804904616,0.4385302761890207
U01978,1,0,1,0.4959889837095552,0.3069119621070725,
U01979,0,2,1,0.5029997020449356,0.2538237548820415,
U01980,3,1,1,0.6697346566515893,0.47120738812821217,0.5881157082398388
U01981,2,1,1,0.738950964297697,,
U01982,3,4,1,0.5519470657906643,0.3841732094597101,
U01983,1,1,1,0.6282305375343796,0.4542929620655852,
U01984,1,0,1,0.5552177671622762,0.4040830804146284,
U01985,2,3,0,0.7965391710067138,,
U01986,2,4,0,0.6515951035290569,,
U01987,1,2,1,0.6812825324990173,,
U01988,1,1,1,0.5414550100699809,,
U01989,1,1,1,0.537395897024632,0.3729666981854531,
U01990,1,1,1,0.48937730959794357,0.32717674570444744,
U01991,3,4,1,0.42900924512763416,,
U01992,2,3,1,0.48702346845510097,,
U01993,1,1,0,0.547824075539686,0.32454627743387304,
U01994,2,0,0,0.48724744275439286,0.36298614929469447,0.4626983199952658
U01995,3,4,1,0.5837500630918296,,
U01996,1,3,1,0.45255742380825753,,
U01997,4,1,0,0.735892325368709,0.46602245573547246,0.717961485703141
U01998,2,1,1,0.6149910098656506,0.3957450130870458,0.44704375008467295
U01999,2,1,0,0.6786128260636689,,
U02000,2,4,1,0.48804241013898275,0.3622369152766963,
U02001,2,1,0,0.7205637663543836,,
U02002,2,2,2,0.5374983241045557,0.303845871637806,
U02003,0,0,2,0.7017098652186372,,
U02004,2,0,1,0.8043826962402592,0.5289934525440484,0.5504354904676584
U02005,2,4,1,0.5944897018101291,,
U02006,3,1,1,0.5181119523401824,0.3786477180438356,
U02007,1,4,2,0.5215243305744895,0.36182867491863674,
U02008,3,3,1,0.6125759649355178,0.4644201085597635,
U02009,2,2,1,0.4406948891729222,,
U02010,1,2,1,0.6790913668836578,0.3827646125446575,0.5596343633075482
U02011,2,2,1,0.48979701955440114,,
U02012,2,1,1,0.8569907698420828,0.6174804541708558,0.6381092618817592
U02013,0,1,0,0.7290305172583254,,0.6311371903154074
U02014,2,1,1,0.47453468770044843,0.35589967512332726,
U02015,1,4,1,0.5420014681376699,,
U02016,1,1,2,0.6992745915606364,,
U02017,2,4,0,0.8515889260144266,0.5815967578638045,
U02018,0,0,0,0.8152684294595924,0.5069674668192661,0.6819280550250258
U02019,2,2,1,0.43516554590429896,,
U02020,1,2,0,0.6422636205185938,0.4480056789598882,0.48346393915136104
U02021,4,3,1,0.6656643217083944,,
U02022,1,1,1,0.5644607308917338,0.3282677521543304,
U02023,0,1,1,0.6526641260388888,,
U02024,2,0,1,0.7725079673821511,,
U02025,1,1,1,0.6389431186651024,,
U02026,2,1,2,0.6811636390072067,,0.5026521814818768
U02027,1,4,1,0.4349518342069892,,
U02028,4,1,1,0.6276456927651891,0.359035983662593,
U02029,2,4,1,0.7410060956014031,0.5636648564638705,0.5757529135651115
U02030,1,4,1,0.639356954072724,0.4202490220799692,
U02031,2,4,0,0.4898350156203672,0.3601821287674373,0.4293152072179022
U02032,1,0,1,0.6689224599720283,0.43476205750272773,
U02033,1,4,0,0.586159647892844,,
U02034,4,1,1,0.6981684746647533,0.3710890368070918,
U02035,1,1,0,0.6990602979619254,0.5339191661388666,
U02036,2,4,0,0.479686968086103,0.32017005453638225,
U02037,2,2,0,0.724594542150489,,
U02038,2,2,0,0.8161947189972604,0.48591666229472674,0.5880488107954682
U02039,2,0,0,0.5135352572589694,0.3153654509431993,
U02040,2,1,1,0.7182036068771301,0.42588829779774295,
U02041,0,0,1,0.4909163382170387,0.2975119215614911,
U02042,1,0,0,0.5293550703505739,,
U02043,1,4,0,0.565336640613971,,
U02044,2,4,1,0.6138052941864388,,
U02045,0,4,1,0.47319331401973064,,
U02046,1,0,0,0.7465940785530515,,0.5739234817394518
U02047,2,2,1,0.47582451963915107,0.340037154623038,
U02048,1,1,1,0.611049783829274,0.5030451973080546,
U02049,1,2,1,0.5168533813293644,0.4051800071400653,
U02050,2,1,0,0.5718128208375698,,
U02051,1,1,2,0.6265832976884546,,
U02052,1,3,1,0.6306632125737545,0.4236842665906186,0.5537485735352602
U02053,2,3,1,0.6279118904322836,,
U02054,0,1,1,0.6977344801671183,0.40443571818642193,
U02055,3,4,1,0.6511386859390776,0.4007612009789708,0.47265499088365576
U02056,1,1,0,0.5435235945464849,,
U02057,1,4,1,0.46460859739300475,,
U02058,1,2,1,0.490479574260144,0.4187371564435444,
U02059,1,3,0,0.7898418252002325,0.6440643462853121,
U02060,1,0,0,0.5970306984732525,0.2734546632301829,
U02061,2,4,1,0.40545599270548044,0.3422542507708634,
U02062,1,0,1,0.5080573394120917,0.26216071945462144,
U02063,3,4,2,0.7825858385271157,0.4232476047718359,0.6808337375430099
U02064,1,3,1,0.631666705821759,0.5283346802731949,
U02065,2,2,0,0.47145395338746127,0.3688192059671094,0.4981013035175056
U02066,3,0,1,0.6684889046072825,0.38304944393510754,
U02067,2,4,0,0.6908528964674552,0.438008922273251,0.5021810834178007
U02068,2,1,0,0.625695551046169,,
U02069,2,1,0,0.8435248619441885,0.6468953493328332,0.6199492507618807
U02070,2,2,0,0.9492408442919209,0.8297183958986996,
U02071,3,4,2,0.4874866822590348,0.2845395209867421,
U02072,1,4,0,0.6474906244281917,0.47443518787356626,0.57066255826244
U02073,2,4,1,0.6595192047673698,0.37400631746669655,0.43418006656199964
U02074,0,2,1,0.46788177570130507,0.3160169578392297,
U02075,0,1,0,0.6467161714572143,0.3959237096199038,
U02076,0,2,0,0.7264041318028616,,
U02077,2,2,1,0.8333648763883673,,
U02078,1,3,1,0.6105046078649884,,
U02079,4,4,0,0.47119544518041084,,
U02080,3,1,1,0.6400799088409815,,
U02081,2,4,1,0.4135975120539521,,
U02082,2,4,0,0.5162344950084289,,
U02083,1,1,0,0.6740456583547558,0.4983667054734912,0.5953500417996073
U02084,0,0,1,0.6782807277960642,,0.48326634967272114
U02085,1,4,1,0.46904131172124586,0.3474037810937908,0.40258241595567107
U02086,1,2,1,0.6768090456530242,0.40408665911119307,
U02087,2,1,1,0.6071037167937816,0.46421282662207947,0.5056085826016766
U02088,1,0,0,0.5421065750090991,0.36350804904933187,0.5025909491629873
U02089,3,2,1,0.5289183648658021,,
U02090,2,2,1,0.45279929678444136,,
U02091,3,2,1,0.6828393519566108,,
U02092,4,2,1,0.612311177900577,0.34554538185766065,
U02093,2,3,2,0.8352315298729304,,
U02094,1,4,1,0.6077605758676363,,0.5704348011491975
U02095,2,4,0,0.4588430491351123,0.37388396434131377,0.4627110699535303
U02096,3,1,0,0.7051056320966609,0.47372552472684715,
U02097,1,1,1,0.6350106361220766,0.39565732002611215,0.4164841573874637
U02098,1,1,0,0.5965909714935912,0.3816610382456126,
U02099,3,1,1,0.6908399479330563,0.3149311467379192,
U02100,2,1,0,0.7782073700035849,0.4488383087866112,
U02101,0,1,1,0.6577291360811626,0.4643608387733126,0.5698946299429394
U02102,1,1,0,0.968361862685865,,
U02103,2,3,1,0.6561198714684183,0.4394741687239621,
U02104,1,1,0,0.524712413116183,0.33648292090083415,
U02105,3,2,1,0.6834660238286878,,
U02106,2,1,0,0.5413161737471345,0.3604632270750077,
U02107,0,3,1,0.4769080041118596,0.3805754471791309,
U02108,0,2,0,0.8014835301218296,,
U02109,2,0,1,0.5359029072834278,0.26809878242816326,0.5430792116175519
U02110,4,0,1,0.4395067732535479,0.253585264230034,
U02111,2,1,0,0.5988232655839026,,
U02112,2,3,2,0.690940414459211,0.4216238481944701,
U02113,2,2,1,0.6348769211530338,0.44842550735865827,
U02114,0,2,2,0.6747904739267085,,
U02115,1,0,0,0.8504944055084313,,0.6323353564252232
U02116,2,4,0,0.45579845111464934,,
U02117,1,2,1,0.6448338975044012,,
U02118,1,1,1,0.5300212383111695,0.4660152682621646,0.43284428147680787
U02119,2,0,0,0.7009734655826467,0.33961021632474264,
U02120,0,1,1,0.6395431299517988,0.38016147446129805,
U02121,3,3,1,0.626046871929123,,
U02122,1,1,1,0.4748606123749004,,
U02123,4,1,1,0.45060104953912333,,
U02124,1,0,0,0.5563189699365505,0.3375090647689418,0.5597728136083477
U02125,4,2,0,0.5644852138629645,,
U02126,1,0,0,0.774935623615155,,
U02127,1,1,1,0.42769661839038864,0.38992495498130003,
U02128,2,1,1,0.6492281379787177,,
U02129,0,2,1,0.5356993678188737,,
U02130,1,3,1,0.5984159652325203,,
U02131,2,2,0,0.5881226932738003,0.380465946979489,
U02132,2,4,0,0.7042344686921447,0.4923058378415624,
U02133,1,3,1,0.6058331860007978,,
U02134,1,4,0,0.71055748211501,,
U02135,1,4,1,0.6391384454294758,0.4120880354464788,
U02136,0,4,0,0.6710904282451736,0.21798989154525628,
U02137,2,4,1,0.7333851432380264,,
U02138,1,2,0,0.5266108252454368,0.3297199214686888,
U02139,2,4,1,0.3479031160664344,,
U02140,0,4,1,0.6264504509305165,0.3684999437062518,
U02141,3,1,1,0.47888519422606957,0.27945333379632514,0.4257104193688156
U02142,1,1,1,0.519112988874099,0.3409101718845135,
U02143,1,0,1,0.6776065938626266,0.44283916501488907,
U02144,2,1,1,0.4621274865500074,,
U02145,1,1,1,0.6195911061047039,0.4395396429900448,
U02146,3,0,0,0.6043007052301683,0.34304748450313904,
U02147,1,0,1,0.49332240912505654,,0.41771561945107644
U02148,2,2,0,0.7030707682576456,0.4500732948364539,0.48197534360670713
U02149,1,4,1,0.5822201983102192,0.38128314354897924,
U02150,3,2,2,0.7625879538150271,0.4696063227181528,0.6758560767758883
U02151,2,3,2,0.547647033807279,0.38525465290313443,
U02152,2,2,1,0.4770872809972126,0.3783472122858686,0.4098292582588822
U02153,1,0,0,0.8187444422371573,0.570882679113774,0.5581741691572862
U02154,3,4,1,0.6361967117914542,,
U02155,2,3,2,0.7047098587396865,0.4698004025024849,
U02156,2,1,1,0.5101573930056765,0.2705970518619286,0.44157263824381
U02157,2,1,1,0.6127956732689598,0.4108581231499336,0.449736008427487
U02158,2,4,1,0.4926730412503751,,
U02159,1,1,1,0.5533894339934121,0.3500347689976747,
U02160,1,3,1,0.49336226561704843,,
U02161,1,0,0,0.84596820033749,0.5777099371650539,
U02162,1,0,1,0.7629277210201612,0.5257297494736018,
U02163,2,0,1,0.74491778624518,,0.6076788748091817
U02164,3,4,1,0.6377661584966694,0.37307390651741534,
U02165,1,1,1,0.55491879722897,,
U02166,4,0,1,0.6314366170443336,0.32704103410186075,
U02167,1,2,0,0.8244867189147709,0.5493711260433743,0.6506680869188671
U02168,2,4,1,0.4424890016574359,0.3213924131774786,0.3923338015491737
U02169,1,2,0,0.6839090206841177,0.5119609694989973,
U02170,2,1,1,0.5196361672572068,0.29209319623477914,
U02171,1,1,1,0.6724521077608033,,
U02172,2,1,0,0.6592431503406894,,
U02173,2,4,1,0.4397681010282644,0.3401533373990736,
U02174,0,2,1,0.4305945269925127,0.3106996392379065,
U02175,2,2,0,0.7340165127398763,0.4657395637653662,0.6009078194569515
U02176,3,4,1,0.6540872719961729,0.32371802651171017,0.6522772417194145
U02177,2,0,1,0.6204711341474655,,
U02178,1,2,0,0.739305486836943,,
U02179,1,1,0,0.8076309443604738,,0.582599293896822
U02180,1,1,1,0.6087162615190669,0.4389606050757594,
U02181,2,3,1,0.5097070179869178,0.3816944420445934,0.4426312056158622
U02182,2,0,1,0.6783050572355878,,
U02183,2,3,1,0.4247647453670128,0.35871933549939244,0.4158233125216942
U02184,2,4,0,0.4551268003307685,,
U02185,1,2,0,0.7321192443275347,0.5242040296141259,0.6361011377393279
U02186,0,1,0,0.6961895074545875,0.4262907080633294,0.5070375889144754
U02187,0,1,1,0.46628457583179245,,
U02188,3,4,1,0.48388225603394563,0.3496862802723737,0.4360573878074574
U02189,3,4,0,0.7299136025798766,0.41406629480549206,
U02190,1,1,1,0.5634441735555219,,
U02191,2,1,0,0.522253119140474,0.23971286055729235,0.5751892688291259
U02192,0,1,0,0.5720554150001363,0.26085787960423906,
U02193,1,2,2,0.5488489370929124,0.31542003171447863,
U02194,1,4,1,0.47107909854020513,,
U02195,2,1,1,0.5154987328934983,0.2933792551647895,
U02196,1,1,0,0.7593177825040981,0.48745670140822994,0.48593559075173565
U02197,1,1,0,0.7185984819949163,0.5096572595493472,
U02198,0,0,0,0.6960328975614687,,
U02199,1,1,1,0.5190904426559786,,
U02200,2,2,0,0.7813589621169891,,
U02201,4,1,0,0.5429770516104265,,
U02202,2,1,1,0.6139710317372505,,
U02203,1,2,1,0.777497849405691,,0.5562904177735823
U02204,2,2,0,0.7671860388155349,0.34839441712003993,
U02205,1,1,1,0.7030910752676424,0.5030398594514396,0.544836211612663
U02206,0,2,1,0.799258270157056,0.5503875469239501,
U02207,2,4,0,0.8014978818420229,,0.6419803845616378
U02208,0,2,1,0.48552150919669096,,
U02209,2,0,0,0.8679973021627398,0.7434034547822105,
U02210,0,0,1,0.5048374237528991,,
U02211,3,3,1,0.4730661046013112,,
U02212,3,1,2,0.6842985201676617,,
U02213,2,0,2,0.7687740359139192,,0.6374851657244631
U02214,4,4,1,0.6338998063810509,,
U02215,1,1,0,0.8952850849331216,0.7509031390471612,
U02216,2,1,1,0.5336232616170402,0.32508079584812355,0.4007286333683177
U02217,3,1,1,0.6686515266674635,,0.6614395779295735
U02218,2,0,1,0.7603569953992007,0.5066257599900974,
U02219,0,0,1,0.6593876113662821,,
U02220,2,0,0,0.690531284362089,0.43102109934649785,
U02221,1,1,0,0.6983175804144222,,
U02222,1,4,2,0.7581368413252559,0.6412147225316428,0.7034667000972488
U02223,2,3,0,0.7793839352742054,,
U02224,2,4,1,0.6820825176975917,0.40108689631122535,
U02225,2,0,0,0.6970667685421504,0.4164259033752585,
U02226,1,2,2,0.5159502751221549,,
U02227,2,2,0,0.7954695944879739,0.6167651550949796,0.6311621397106733
U02228,1,4,0,0.6687865330890008,,
U02229,2,2,2,0.7471754263916844,0.47066398739080284,0.5179709905343053
U02230,2,4,1,0.4165311659741054,,
U02231,1,2,0,0.6067505113042496,0.3493789484367676,
U02232,2,1,0,0.531919389415303,0.3767609753005371,0.4599315387040814
U02233,0,1,2,0.7729626539175914,0.5331625944120686,
U02234,0,1,1,0.6175897850873753,0.3761131250625218,
U02235,1,2,1,0.6608385454605503,,0.5537527213199746
U02236,1,4,0,0.8371975547333386,0.5592075347601274,0.6915943908623611
U02237,0,1,1,0.6222481125455392,0.3888278701614838,0.4634296226993706
U02238,2,1,0,0.6048644785467522,0.3979973958145772,0.4578810875483225
U02239,2,3,1,0.554622044816576,0.4489676969819856,
U02240,2,2,1,0.6239907415640126,,
U02241,3,0,1,0.47750102267541766,0.31229300789364717,
U02242,2,0,1,0.6788801051897287,0.4018961469123532,
U02243,1,4,1,0.6176570747499595,0.4422120570083993,0.5520875143932166
U02244,4,4,1,0.4593390319920257,,
U02245,0,3,1,0.6029021161709089,,
U02246,1,1,1,0.9448061577950211,0.8672860755103732,0.7516469137864564
U02247,2,4,1,0.7669437195131398,0.5112089771371092,
U02248,3,4,1,0.5874749840969672,,
U02249,1,4,0,0.806861958020177,0.5453920684175793,
U02250,2,4,0,0.5231302631983351,0.3438300504487893,0.5052740870255543
U02251,2,4,1,0.5879268840905583,0.4399295561403994,
U02252,0,1,1,0.6438228207370617,0.409232837685195,
U02253,1,4,0,0.501835213508432,,
U02254,3,1,1,0.4303449209084229,,
U02255,0,1,2,0.5081159146621004,0.31741468797648237,
U02256,1,1,0,0.7151485096350952,0.5052956343077211,0.5333561019894395
U02257,1,2,1,0.6574067118048588,0.4100717266771501,0.504418170373614
U02258,1,4,1,0.6337557675659828,,
U02259,2,0,1,0.45895325751945004,0.36229787199445884,0.46333691596999177
U02260,1,2,1,0.64472797070154,,
U02261,3,0,1,0.6521397574563073,0.29274201788256315,
U02262,1,4,1,0.6323352577259396,,
U02263,0,4,0,0.6349336917916415,0.3560222093520935,
U02264,1,4,1,0.44110937551712526,0.3282542659634926,
U02265,1,0,1,0.4884234147287209,,
U02266,1,4,0,0.8050322763618364,0.6524342688369672,0.5763445377617988
U02267,1,2,1,0.6694927936288017,,
U02268,1,2,1,0.5842899557838265,0.29506410018194995,
U02269,2,1,1,0.6242663719781689,0.4386052793427552,
U02270,1,1,0,0.5914040198990883,0.3937420668414987,
U02271,2,0,2,0.6767224978360634,0.39548660558297477,
U02272,2,4,1,0.6161762775514976,,
U02273,1,1,1,0.48237959136580577,,
U02274,1,2,1,0.6559185455668999,0.4236311479325708,0.4938155614462361
U02275,4,1,1,0.7522222254748061,,
U02276,1,3,1,0.6325518606038338,0.4099655073817568,0.49284598357390286
U02277,1,2,0,0.5494411474543163,0.3390266793379129,0.45219614377826695
U02278,1,2,2,0.6557158270471974,0.4477498107536302,0.5878944823818093
U02279,1,1,1,0.7819595012107791,0.5036491410516702,
U02280,2,1,1,0.7682019758433566,0.4930941646278895,0.5466757726424954
U02281,2,4,0,0.7381976040273082,0.5166367144534159,0.5822313097381381
U02282,2,1,1,0.4904627827996786,0.3399675941643825,
U02283,1,4,1,0.6547545674660488,0.48867437550198206,0.528190559079694
U02284,2,4,1,0.40973968824898227,,
U02285,2,1,1,0.6167356445668926,0.42139476126130887,
U02286,2,1,1,0.4784726142193009,,
U02287,4,2,0,0.5237793762803183,,
U02288,2,1,0,0.7794746587446293,0.5487504847939488,0.5972477029845594
U02289,1,1,1,0.796434075366564,,
U02290,2,0,1,0.4646578377443572,,
U02291,1,3,2,0.7168941165435757,0.5047606959220153,0.6175388723788595
U02292,2,4,1,0.5102495298056335,0.21769982468748472,
U02293,2,1,0,0.7483689430376327,,
U02294,1,0,1,0.43863603399723283,,
U02295,2,3,1,0.48639176858793437,,
U02296,2,2,1,0.5046024574006595,0.4063757070427154,
U02297,2,0,0,0.5129327319008453,,
U02298,2,4,1,0.6213559795062685,,
U02299,2,4,1,0.43200040569346176,,
U02300,2,1,1,0.4614114043084942,0.30060462389014914,0.39998740272151867
U02301,3,0,0,0.7785377199349677,0.5303661175401733,
U02302,1,2,2,0.7183670089020706,0.4461853357168068,0.5375295408631408
U02303,1,3,2,0.6962438695376764,0.44717913631144557,
U02304,2,1,2,0.7551548488177274,0.48678127458558723,
U02305,0,1,1,0.4987211793345248,0.32192764469575974,
U02306,2,4,1,0.5763614472461279,,
U02307,2,2,1,0.598460856457263,0.4819676780465572,0.6265838655816002
U02308,1,2,1,0.773404551652878,0.4943356440535855,
U02309,2,1,0,0.8629003657918889,0.5061565373998724,0.6467735929725777
U02310,2,1,0,0.5229541521944345,,
U02311,1,4,1,0.7391668132144292,0.4993028706642712,
U02312,0,4,0,0.4440910559833566,,
U02313,1,2,2,0.6972911113688698,,
U02314,1,4,1,0.5815936121674725,0.3698142284685338,
U02315,4,2,1,0.7553626512623561,0.45006682635776585,
U02316,2,0,1,0.4702515608664912,,
U02317,2,2,1,0.46149823912217725,0.3870397025145478,
U02318,2,4,0,0.658976247433138,,
U02319,1,2,1,0.4724782952516856,,
U02320,1,1,1,0.48692867366434844,,
U02321,0,4,2,0.723113284217859,0.5108616878104113,0.6769152916353866
U02322,1,1,1,0.6663141152990333,0.367493784902061,
U02323,1,4,1,0.6377718185009067,0.4967549866296561,
U02324,2,4,2,0.6900624098565171,0.49890558066953933,0.6185615279788446
U02325,3,1,1,0.6513235398228566,,
U02326,4,3,1,0.5314841060009732,,
U02327,3,1,0,0.6929228865206561,0.4123410094373193,0.6127510874030913
U02328,2,2,1,0.45586408158179836,,
U02329,1,3,0,0.5982129150114857,0.4288860286402616,
U02330,2,1,1,0.47179177124966976,0.3343453573458203,0.3904082463442421
U02331,2,0,1,0.6385826515477894,0.4031769110688475,0.4807609605772287
U02332,2,1,1,0.6109215402939713,0.3838063818995641,
U02333,1,1,1,0.461032180852068,0.35459037664450127,
U02334,1,4,0,0.6467636350659789,0.42854363557799025,
U02335,2,3,0,0.6905835351971631,,
U02336,2,1,2,0.6827394104457077,0.4477356224151729,0.5181152386207615
U02337,1,0,0,0.755624421174002,0.3584079497644156,0.5448885120203116
U02338,2,4,1,0.5750268089007046,,
U02339,2,2,0,0.5526406140902168,0.2931558480422616,0.559098655406096
U02340,1,1,0,0.7156265061704391,,
U02341,3,0,0,0.5114400192759169,0.35542371487968094,0.528178419725544
U02342,2,0,0,0.631395964612111,0.3555695457314602,0.4754008554297454
U02343,2,0,0,0.5925045022842749,0.3487082825276002,
U02344,2,3,1,0.4210738012642892,,
U02345,0,2,0,0.7214854444166166,,
U02346,1,1,1,0.4728602724621989,0.3405960951279943,
U02347,1,4,1,0.5014479360059805,0.3442778090721419,
U02348,2,4,0,0.5996195617429739,0.3170656311451441,
U02349,1,4,1,0.624847361440957,0.4703941911280644,
U02350,2,4,1,0.42354305961254696,0.3099656030747138,
U02351,1,4,1,0.4134944335223478,0.32703241010573036,
U02352,0,4,0,0.5141633377735252,0.27157772027199006,0.477325199347866
U02353,1,3,1,0.4670777975027437,0.32959127156963797,
U02354,0,1,0,0.7145390246590635,0.39327476093719116,
U02355,1,3,1,0.5235737347359277,0.3411174635269124,0.3729985086642436
U02356,2,4,1,0.7128758885906481,0.5226614733128004,
U02357,0,0,1,0.4202399911216792,,
U02358,2,2,0,0.7930018776535586,,
U02359,1,4,1,0.5063613523912707,0.4041582860886938,
U02360,2,4,2,0.5428524644460345,,
U02361,2,4,2,0.4688930465459509,,
U02362,1,4,0,0.48864053159025683,,
U02363,2,3,2,0.4168303545684548,,
U02364,1,2,1,0.5186758304583687,,
U02365,1,1,1,0.6731261818922553,0.5173224692118921,
U02366,2,1,0,0.5924180160260836,0.3755012249885406,
U02367,2,4,0,0.7290788652214185,0.47637587552712896,0.515862053463432
U02368,1,1,0,0.813262436537202,0.5413940864600538,0.6225410483454135
U02369,2,0,0,0.5362976632967179,0.3357807043060533,
U02370,1,1,2,0.8111150040256813,0.587362449421444,
U02371,1,4,1,0.5089664737724016,,
U02372,3,1,0,0.6352763400800614,,
U02373,1,4,0,0.7021518480950877,0.39494943888815687,
U02374,1,0,0,0.6924352228855504,,
U02375,1,4,1,0.5598618410649443,,
U02376,2,3,0,0.6841383882118665,0.5260930598621363,
U02377,2,2,2,0.6872230978765008,0.4050952788035129,0.5700974700301469
U02378,3,4,1,0.6410027706002739,,
U02379,1,1,0,0.5672631422024842,0.40547710624704086,
U02380,3,2,1,0.6520839112185062,,
U02381,3,3,2,0.6425974901056606,0.4152766726945051,
U02382,0,2,1,0.42778126386297644,,
U02383,0,1,1,0.6745615154609153,0.32540016768921776,
U02384,1,3,1,0.5359325405466566,0.3690697134579557,0.4485620384955423
U02385,2,1,0,0.8500763398214143,,
U02386,1,2,1,0.5024866397818338,0.3680131964315891,0.395346799293482
U02387,2,3,0,0.49666119001159525,,
U02388,1,1,2,0.7828983805767358,,
U02389,1,3,0,0.7786922589605534,,
U02390,1,4,1,0.6919968706539814,,
U02391,2,3,2,0.6451244390600712,0.41067597339528783,0.5306408414943635
U02392,2,1,0,0.8010546982612828,,
U02393,1,3,1,0.5812056211327692,0.4278860703895656,0.4808807986957274
U02394,2,1,1,0.6358816342198665,0.3724463520134834,
U02395,0,2,1,0.49138132542364477,0.2968468141486276,
U02396,2,4,0,0.5485820815820669,0.33677753042797315,
U02397,2,4,1,0.44584448036602303,0.2891258180229156,
U02398,2,1,1,0.44549663072410217,,
U02399,1,2,0,0.6030183868525517,0.44265117807142684,0.4584996606901896
U02400,1,1,0,0.7417051027511066,0.4738715294582184,0.5488810613221378
U02401,2,0,0,0.6804683447354902,0.45830089562398874,0.5528492392160855
U02402,2,1,0,0.7021402748032186,0.424990196787726,0.5850437280923745
U02403,1,3,1,0.5098566087436083,,
U02404,2,1,0,0.6512752214391802,0.37509722142463664,0.5322694513726415
U02405,1,1,1,0.45198726625991026,,
U02406,1,1,0,0.8381862134131832,0.5260082558444005,0.6971414187129928
U02407,2,4,0,0.5089567606560039,0.3857927457041002,
U02408,2,1,1,0.6681415263759122,,
U02409,4,4,2,0.46547247072879255,0.2511158726614412,
U02410,1,2,1,0.5295732954729444,,
U02411,1,2,1,0.46718499768165617,,
U02412,2,0,2,0.8202605621553314,,
U02413,1,1,0,0.893351691318757,0.7652618839078843,0.5932865081220247
U02414,2,0,0,0.7355176543238926,,
U02415,1,1,1,0.5072026383904622,0.3617657582595617,
U02416,4,2,0,0.4843132237055076,,
U02417,2,1,1,0.6243826955257632,,
U02418,2,4,1,0.7970318081576196,0.5004785747291068,
U02419,2,4,1,0.41538734120289184,0.3331798920004763,
U02420,2,2,1,0.6800462049511711,0.35083783298613413,0.5570279029978858
U02421,2,1,0,0.9421507338472607,,
U02422,2,0,1,0.794742383650414,0.586864590528511,
U02423,3,1,1,0.4765388939967111,,
U02424,1,2,1,0.818167485753051,0.5505321514826844,0.5491102917891262
U02425,2,3,0,0.5151480324933361,,
U02426,0,4,0,0.492379810362152,,
U02427,2,4,1,0.8211628530331772,0.5922195908013053,
U02428,4,3,0,0.5173664724155217,0.28399657993072047,
U02429,2,4,1,0.4137493070662472,,
U02430,0,4,0,0.5473426328654127,0.2939337706280101,
U02431,1,0,1,0.5959449956278975,0.4337193824134509,0.46020239282864767
U02432,3,0,1,0.6706344633118413,,
U02433,4,1,0,0.7921001543074497,,
U02434,2,2,2,0.746147048722951,0.44480635794756657,
U02435,4,4,1,0.4577221226859692,0.22245573134918956,
U02436,2,1,0,0.6797424442207703,,
U02437,2,2,0,0.7003029610134639,0.5150455214581268,
U02438,2,4,2,0.5265674049195865,0.3094183251401069,
U02439,1,1,1,0.7162876731937918,,
U02440,2,0,1,0.41591114607322494,0.37336157342020776,0.41440065631271256
U02441,1,2,0,0.6861749474704255,0.44887394785235263,
U02442,1,2,1,0.6337369163942226,0.392823484250127,
U02443,3,3,1,0.4689847517996451,0.3501059985938539,
U02444,3,2,1,0.6583382844052342,0.4009440673028646,
U02445,1,1,0,0.8657579992474785,,
U02446,2,4,1,0.5627167268989173,0.3527007866655171,
U02447,2,2,0,0.6994145240231897,0.2740475036467542,
U02448,2,4,1,0.6038217836952123,0.42495331597332375,0.5191744641164128
U02449,2,0,1,0.6833468288622354,0.45254358591881305,0.5137135550115574
U02450,2,0,1,0.8040429276662265,,0.6325614805792267
U02451,2,4,1,0.6181104021321613,0.40064127685769546,0.5768851841718051
U02452,4,3,0,0.6654477083184763,,
U02453,1,4,0,0.6617599843940533,0.41833660742017786,
U02454,2,4,1,0.45679646152357933,0.3606821766777467,
U02455,1,3,1,0.43643446395016566,0.33893475735164597,
U02456,2,4,0,0.7796516818019605,0.34939719551921933,0.8408950527352361
U02457,1,1,0,0.765663377205799,0.2954317601449872,
U02458,1,4,0,0.7998531482191575,0.5117826413117859,
U02459,1,2,0,0.7011888355721482,0.5406212705338237,
U02460,1,2,1,0.5640130614173142,,
U02461,4,2,0,0.5569339286263837,,
U02462,0,2,1,0.6101795537926882,0.45701856404600394,
U02463,1,1,1,0.6118945522968696,0.4617185385483827,0.5285378197117618
U02464,1,2,0,0.7431522377964485,0.5388757302706594,0.5546679720827561
U02465,1,2,2,0.5484913166423647,,
U02466,2,1,0,0.6115636205435853,,
U02467,2,1,1,0.6808681171708287,0.43747528997770185,
U02468,2,3,1,0.6327746528790242,,
U02469,1,2,1,0.6632675237378121,0.4442673465016246,
U02470,1,2,0,0.7956218274686088,0.5546914412197068,
U02471,2,2,1,0.44412362004913336,,
U02472,4,4,0,0.6968374757202862,0.3919116571314819,0.7344456605921096
U02473,0,0,1,0.48117391362473416,,
U02474,1,4,0,0.7390803795287113,0.3878033789940378,0.5328884848958036
U02475,1,1,2,0.6199438260685863,0.3444249611435911,
U02476,0,2,1,0.6535624091947324,0.457555758562455,
U02477,2,4,1,0.7144218778255053,,
U02478,3,0,0,0.5805310820532552,0.3108767840257531,
U02479,2,4,1,0.5688403358463391,0.3731284819757207,
U02480,3,4,0,0.8101820855523851,0.45152800965303064,
U02481,2,1,0,0.7906088617336149,0.6043206744242114,
U02482,0,1,1,0.4755491801351552,,
U02483,0,1,0,0.7899442244796325,0.5981440817829081,
U02484,2,1,1,0.7038840269225742,0.38635446990183375,
U02485,1,3,2,0.7797649612241049,0.5444740601995154,0.6320624144620787
U02486,4,1,1,0.48716339235541317,,
U02487,1,1,0,0.6098402390297039,0.41387915792151747,
U02488,0,0,1,0.7514796821938973,0.5021810051570528,
U02489,1,0,1,0.5605163770255694,0.33203371698000056,0.4186085767623618
U02490,2,1,1,0.6560833720685949,,
U02491,2,2,0,0.5676062783801051,0.4102659948784686,
U02492,2,2,0,0.5302756777648595,,
U02493,3,1,0,0.8967589757922012,,
U02494,2,1,1,0.7246554760585637,,
U02495,1,3,0,0.5103325885517794,,
U02496,1,2,0,0.5340047485263585,0.378775505069439,0.5081664627193707
U02497,1,0,1,0.48355285925021635,0.3629098486447647,
U02498,0,1,1,0.781849743824814,0.4601893728772996,
U02499,4,4,1,0.5441514191707316,,
U02500,1,0,1,0.7403195143646457,0.5407853281637015,0.5840976227873443
U02501,3,1,1,0.7346945174718535,,
U02502,3,4,0,0.700614614410392,0.3554769208670397,0.5402747070689927
U02503,1,0,1,0.6524885610254488,,
U02504,4,4,0,0.4675218968881685,,
U02505,2,2,2,0.7973179039509687,0.5346710222413416,0.7043948328161808
U02506,2,2,0,0.5515402478183149,,0.472743975594848
U02507,0,4,0,0.6847435867285993,0.4483737000348108,0.5986782774822803
U02508,1,2,1,0.6537013650461957,,
U02509,3,1,0,0.7482322624251934,,0.5936420708371964
U02510,0,2,1,0.46542236463337433,,
U02511,2,1,0,0.5382062446970778,0.3666495144440833,
U02512,0,1,2,0.7058169891458507,0.42033135363265317,0.6063933523605733
U02513,1,0,0,0.6400596348866038,,
U02514,1,4,0,0.4875501714933016,,
U02515,1,3,1,0.7678551172313426,0.5105125676283003,
U02516,0,4,1,0.6067941781852565,,
U02517,2,1,0,0.5044456934825473,0.39996503317469223,0.43211129847558555
U02518,1,4,1,0.5904347604002882,,
U02519,1,4,0,0.9751484427959857,,
U02520,1,4,1,0.48031640241603873,,
U02521,1,0,0,0.5736839266448992,0.36498165417550305,0.46713789694958197
U02522,2,2,1,0.5059651637264672,,
U02523,2,2,1,0.4406638741168573,0.3824315654604747,
U02524,2,3,0,0.5954056722674078,0.3367023526465911,
U02525,3,1,1,0.6716923834503797,0.40524039235160547,0.4915871490553043
U02526,2,2,1,0.6708384102294938,0.5171142261576669,0.5566445900956757
U02527,2,4,1,0.6604533805258175,0.39541158209825966,0.4548219156522456
U02528,4,0,1,0.5660683357955221,,
U02529,2,4,1,0.5024152453057724,,
U02530,4,3,1,0.5745504880082748,0.3220049138209302,
U02531,1,2,0,0.7142491428302002,,
U02532,3,3,1,0.7757253879560086,,
U02533,2,2,2,0.5416102140965005,0.32089166152389276,0.4556317248290472
U02534,2,3,1,0.6663667144657862,0.46005935109995905,0.5276962718662517
U02535,1,2,1,0.5036118718941841,,
U02536,3,4,1,0.49756831016067665,,
U02537,1,1,0,0.6721158967235678,0.45108872634722913,0.5447822059116288
U02538,2,4,1,0.6960654715254359,,
U02539,3,1,0,0.7076502770424624,,
U02540,3,4,1,0.7569333368038089,,
U02541,1,4,1,0.6425414907212371,0.36021514450840875,
U02542,3,4,0,0.44881659282090325,,
U02543,3,3,1,0.44048060458107485,,
U02544,1,3,1,0.45901798258861626,0.35331767882165294,
U02545,2,1,0,0.9178823975798248,0.6682005249904719,
U02546,1,4,0,0.7944820446063677,0.5300744169563729,
U02547,2,4,0,0.5261693003877793,0.3813764505038646,0.4685976203924917
U02548,1,4,0,0.48862828902194777,,
U02549,1,2,0,0.7502341439591281,0.41364013276756556,
U02550,2,4,0,0.8064120012796296,0.5636176626207877,
U02551,2,0,1,0.5291624320264269,0.27547172975387996,
U02552,2,2,0,0.6665205269910799,0.5119226266843673,0.5009615802673612
U02553,3,2,0,0.6579748108909027,0.4424538014228136,0.5194776239074617
U02554,0,1,1,0.5674761827787026,0.3218412031808546,0.38594927241917726
U02555,2,2,1,0.5419832333206176,0.35678105324007914,
U02556,4,4,1,0.7602544882088861,0.3763224400184969,
U02557,1,1,0,0.8056975470651537,0.5636117279184614,0.5995178865507175
U02558,2,1,1,0.736384891500307,,
U02559,2,4,2,0.5167556465835349,,
U02560,1,4,1,0.3719557898977042,,
U02561,3,1,0,0.675348193118338,0.4282699817084092,
U02562,1,0,1,0.5602425232954948,,
U02563,2,2,0,0.6626741575599593,0.4237014070208918,
U02564,2,1,0,0.9463722182377441,,0.6891096182009121
U02565,1,1,0,0.6827739929666198,,
U02566,2,2,0,0.7402096777428474,0.5532435482743454,
U02567,2,1,0,0.6997910158574078,0.536527149956984,
U02568,2,3,1,0.4636438517423386,,
U02569,3,0,1,0.48342739146350555,0.31633654268359934,0.47885575524813034
U02570,0,4,0,0.6558385379271158,0.48599261095439267,0.5188856758947685
U02571,1,1,1,0.47298392880511275,,
U02572,0,1,1,0.6680631588720134,0.3901925366319798,
U02573,2,1,0,0.6986022658373157,,
U02574,1,1,1,0.5191092914100439,,
U02575,2,0,1,0.6352646760919637,0.4171294367843056,0.5165237413938862
U02576,1,1,0,0.7751056786209385,0.6382718118090532,0.5535306012057988
U02577,4,4,1,0.608928454238088,,
U02578,1,0,1,0.681425214929331,0.3494021335072583,
U02579,2,1,1,0.6952168062908537,0.4503621759041009,0.426597639669882
U02580,1,1,0,0.6843435233255001,,
U02581,2,1,2,0.8995580623511285,0.6210232652809482,0.6714322830958233
U02582,0,1,0,0.709182165416337,0.4756967480464859,
U02583,1,2,1,0.673829927019435,0.3861508271377608,
U02584,1,4,2,0.7047270215258218,,
U02585,1,2,0,0.7289443034139775,,
U02586,1,4,0,0.653087505765203,0.46208946349003605,
U02587,2,4,0,0.6291922963929346,0.4465000127258583,
U02588,1,4,1,0.47922659542462104,0.3689610628417592,0.4028090931292675
U02589,2,2,1,0.47112499967660104,,
U02590,1,1,1,0.6525435478637391,,
U02591,3,1,1,0.43471899906254124,0.3272790600439955,
U02592,3,0,0,0.515162907827578,,
U02593,1,4,0,0.5295344529477496,,
U02594,1,4,0,0.70890740428,0.31141019618365634,
U02595,2,0,1,0.4686274262527098,,
U02596,3,4,1,0.46225966967631116,0.3223251278212776,0.43176731027728865
U02597,2,0,1,0.6732804981334962,,
U02598,1,4,1,0.6853355703436479,0.43754269444618765,0.6190954818614165
U02599,2,2,1,0.46152219254513466,,
U02600,2,2,0,0.7044954275741641,,0.5233280972918755
U02601,1,4,1,0.4118968004247416,,
U02602,2,0,2,0.5664975026030429,,
U02603,1,2,1,0.6163395712141848,0.4779748088221669,0.528862565698461
U02604,2,4,0,0.5308461633142395,,
U02605,2,4,1,0.6040928868047584,0.3611176048098476,
U02606,1,2,1,0.6445383148470203,0.3722447594299096,
U02607,2,0,0,0.578783457209596,,
U02608,2,1,0,0.718261320448116,0.4393361315154504,
U02609,1,2,1,0.5494971071381426,0.3445635496847656,0.415801369987464
U02610,2,1,1,0.508564543986914,0.2842306192991796,
U02611,3,2,1,0.6308795102010243,,
U02612,2,2,0,0.5628952239560181,,
U02613,2,3,2,0.5595480339165007,0.3731687317838667,0.4760600348386378
U02614,1,1,1,0.5020133042512466,,
U02615,2,0,1,0.6292670754283909,,
U02616,2,4,2,0.674493208662628,0.4598038047025389,0.4949293355653792
U02617,2,4,1,0.6195076807301475,,
U02618,2,1,0,0.5280436471394956,0.36952833969501064,0.4507805143071052
U02619,3,0,1,0.4644294395875285,,
U02620,2,4,0,0.46801514472106526,,
U02621,3,1,1,0.6114329696925792,,
U02622,0,0,1,0.6946639930922721,0.35210278589995475,
U02623,1,2,1,0.7911849099872953,0.4797289079302863,
U02624,0,2,0,0.6023657095998791,,
U02625,2,3,0,0.7057797249761172,0.3806573755458939,0.6306963337327955
U02626,4,4,0,0.5087934009652697,0.14537702342753386,
U02627,2,3,0,0.5728461870614646,,
U02628,1,2,1,0.8281464413277947,0.5976012526162886,
U02629,1,1,1,0.7781099267458211,0.5331571186510196,
U02630,2,1,0,0.6627594301501565,,
U02631,1,4,1,0.4935175101299615,,
U02632,1,4,1,0.6555043456562034,0.45667929255596046,
U02633,2,0,1,0.6253490100636365,0.3915553853369463,
U02634,2,0,1,0.7729050296120085,0.4791497911070952,0.5821353153448544
U02635,1,2,1,0.49444488620605176,,
U02636,1,4,0,0.6790369467863998,,
U02637,4,1,2,0.6991725314156828,0.36207385444718915,
U02638,3,2,0,0.677960097088388,0.40204329921797344,0.6077551259428341
U02639,4,4,2,0.6413983754652393,0.3435183212492267,
U02640,1,3,2,0.48134225216005,,
U02641,2,1,1,0.6276197527561033,0.41352747789748795,
U02642,2,3,1,0.5272412900270532,0.3432109666673033,
U02643,3,1,0,0.5583850727707517,0.2787604875393497,
U02644,1,1,1,0.7059687934797703,,
U02645,2,1,1,0.531925685768182,,
U02646,2,2,1,0.52752577456769,0.28591356773433546,0.5831169034833072
U02647,4,2,1,0.6089730632727566,0.35879640617482456,0.6053076809429305
U02648,1,4,1,0.4673745070749691,0.45293124947723734,
U02649,1,3,1,0.4976438172743369,0.38708050736557736,0.3944770968852928
U02650,1,0,1,0.7589597465395455,0.6114302102346282,
U02651,2,0,0,0.7237959003215305,,
U02652,2,2,0,0.7942904396283031,0.5177496849840874,
U02653,2,1,0,0.7204195333042895,,
U02654,2,4,1,0.44754601040618985,,
U02655,3,3,1,0.4284061722376856,,
U02656,1,3,0,0.7102083059958237,0.44058412317165135,
U02657,3,3,1,0.5000422956803584,,
U02658,0,3,0,0.6492919018219953,0.35213279893900196,
U02659,2,1,0,0.7256255309834314,0.36552091666325975,
U02660,1,2,0,0.8255002772473184,0.4612842556039086,0.6150459717323868
U02661,1,4,2,0.521471880396737,0.2785344306634845,
U02662,0,3,1,0.7200924659575109,0.50926936894112,0.5937659905392756
U02663,2,4,1,0.5483765612779005,0.4662291806819327,
U02664,1,0,0,0.8127198854554228,0.550097244264088,
U02665,1,4,1,0.6226051180863587,0.5143847273132632,0.5173401245886674
U02666,2,4,1,0.6490813853221042,,
U02667,2,1,1,0.6153683557872185,0.4768485575766035,
U02668,1,2,1,0.5440813692978756,0.34456578762887224,0.3916526040494492
U02669,1,2,1,0.6291779582215357,0.4070766494880214,0.5958908731021886
U02670,2,1,1,0.7190113970075633,0.458103729005535,
U02671,1,2,0,0.7562050625802789,0.4492067152499479,0.5081709811593278
U02672,2,0,0,0.6886503078824611,,0.4988396301899454
U02673,1,4,0,0.6989043526612825,0.46262584735359397,
U02674,2,1,0,0.6938465751159939,0.45626857551097,
U02675,0,2,1,0.8162055118426104,0.48458293184358436,0.5701840937540291
U02676,2,2,1,0.4723977896278321,0.3282688599107959,
U02677,2,4,1,0.4271011208125422,0.2918924658733786,
U02678,2,0,0,0.8428517092529739,0.5513633704349931,0.6191096379952934
U02679,2,1,0,0.5665107271607789,0.3639912051091045,0.4696591071638887
U02680,1,4,1,0.44593356323658906,,
U02681,2,1,1,0.503965268982655,,
U02682,3,1,2,0.6486372008848864,0.4606592833794456,0.6517222389878073
U02683,2,0,0,0.6823676090216759,,
U02684,2,3,0,0.5751764335584059,0.279613139808461,
U02685,2,4,1,0.63335276725085,0.41009917497091714,0.44232507789996234
U02686,2,1,1,0.65627607991893,0.3756353298675761,0.48053551132539024
U02687,2,0,0,0.8465019835844786,0.5136043039685833,0.6128187860647397
U02688,1,2,0,0.50902932558539,,
U02689,1,2,0,0.6979762012823982,0.37377875527288124,
U02690,1,2,0,0.7421925448893322,0.4658106842194566,0.5065581135765406
U02691,1,4,0,0.6758450987877878,,
U02692,1,2,0,0.6093594799295532,0.37059823460449204,0.4401569594095307
U02693,2,1,1,0.45617353261280363,,
U02694,1,4,1,0.6409703297971754,0.46167601884073867,
U02695,4,4,0,0.629130021718007,0.3939319871961768,
U02696,1,4,1,0.4947882696886861,,
U02697,1,3,1,0.4693184469584812,0.4009520237391369,
U02698,2,2,0,0.5491223042845725,0.34904221871940505,
U02699,3,1,2,0.5530248440413567,,
U02700,3,1,1,0.6116762988498603,0.373836250646193,0.4575452612186427
U02701,1,4,1,0.6527809096664291,0.46168841507166336,0.4456517304893195
U02702,4,1,0,0.5304189987215208,0.24276527796000363,
U02703,2,0,0,0.7322284771274266,0.49991420121413593,0.5622839509668511
U02704,2,3,0,0.6020488840983075,0.3089324035080156,0.4877538504316883
U02705,3,3,1,0.4185262126600378,0.31635717020105475,
U02706,3,0,1,0.5499958455947863,0.28787637502848135,0.4931702074083579
U02707,2,2,0,0.7555056696318043,0.4026560819123533,0.47530049120621737
U02708,2,4,0,0.7258336030586746,,
U02709,2,1,0,0.862777906375761,0.5500791794110111,
U02710,2,4,1,0.5913260384203596,,
U02711,3,0,1,0.6473132500489774,0.3685407430893448,0.5500165744915446
U02712,1,2,1,0.4947086641468971,0.319328742117518,
U02713,2,1,2,0.5216840711390202,0.299865773993836,0.45858503718969595
U02714,2,4,0,0.4858558975965754,,
U02715,2,4,1,0.4325549932731274,0.3003824125497716,0.4141753369269615
U02716,2,3,1,0.7944140069917511,0.5436261398377423,
U02717,1,4,0,0.8480287135758309,0.5856632900185483,
U02718,4,2,1,0.6522083060192682,0.35088907212341247,
U02719,3,2,0,0.5494876613896148,,
U02720,2,1,0,0.5330501141894342,0.3423218288429242,0.46298153582879686
U02721,0,0,1,0.6814401050455111,0.39355296549420465,0.6675526508020534
U02722,3,2,1,0.5365814968809717,0.31588897075561373,0.43910790993241744
U02723,3,4,0,0.4836127283485858,,
U02724,1,3,1,0.49324224745091605,,
U02725,2,1,1,0.48483387119924004,0.3358355691292463,
U02726,2,1,2,0.7115080151352308,0.43343290670538964,0.5028810409643802
U02727,2,2,0,0.7442446911719658,0.27297545156039377,
U02728,2,2,0,0.6976607419320642,0.5408240394987553,
U02729,2,3,1,0.6612120629545001,0.388311384707353,
U02730,1,0,1,0.48816683823195367,,
U02731,1,3,1,0.5264912796657663,,
U02732,1,2,1,0.6727670526590767,0.35563380503933395,0.4331576466899793
U02733,2,2,0,0.5190349378602716,0.3519577401315385,
U02734,4,0,1,0.5846154238480326,,
U02735,0,4,0,0.7253030373922887,0.35294243721934654,0.513978280626726
U02736,3,3,1,0.6372309956254766,,
U02737,4,4,1,0.5707130150392867,0.2617450273662218,0.5878354334333137
U02738,1,4,2,0.5975710778445,0.3733802471761618,
U02739,4,4,1,0.39481616479820525,,
U02740,2,0,1,0.42688593993969215,,
U02741,2,4,1,0.6516245274814879,,0.5724682457511563
U02742,2,1,1,0.494460810495519,0.3676138167781107,0.3830028480614217
U02743,2,2,1,0.7396384994778982,0.5143667970556691,
U02744,2,4,1,0.5558705827550182,0.4829138832497641,
U02745,1,0,0,0.6586048944670482,0.24664694413575924,
U02746,3,1,0,0.8727408938318479,0.5373462982730078,
U02747,1,1,1,0.48630073721367106,0.30467772370507523,
U02748,2,1,1,0.4565313993710423,0.35370708791460237,0.36620020015718746
U02749,3,2,0,0.5317966665261352,0.3223150473604953,0.4863486912475716
U02750,1,1,1,0.44184297578060716,,
U02751,2,3,0,0.5173314403292093,0.3410974759831928,
U02752,1,1,0,0.5365796277971693,,
U02753,2,1,1,0.7115165539762772,,
U02754,2,1,0,0.6106874463926089,0.4147560057027486,0.5935534727674203
U02755,0,1,2,0.711715094640948,0.3921143356157168,
U02756,2,2,0,0.7678237606385333,0.5977206891433108,0.5163230429832182
U02757,1,2,1,0.6606059384736258,,
U02758,0,0,0,0.5878035184860707,,
U02759,1,1,2,0.7294497313163298,0.423509385311742,0.4949486183551173
U02760,2,1,1,0.7087922398066794,0.39700085937407786,
U02761,2,4,0,0.9786952008054044,0.959875924127372,0.7833214633341625
U02762,2,3,1,0.4310312146464544,0.34123490568450243,
U02763,1,1,1,0.6430465365621455,0.42860129004089126,
U02764,1,2,0,0.5613651824701533,0.34637032107603083,0.4749359735531508
U02765,2,4,0,0.4428583869448539,,
U02766,4,1,0,0.7120117197895874,0.29121944051984683,0.7104593636371089
U02767,1,4,2,0.8054887424992504,0.5299137825249912,0.6793334715362107
U02768,2,1,1,0.6627330543443173,,
U02769,1,2,1,0.5122811314078386,,
U02770,1,1,2,0.7635782858782019,0.4665909401175187,0.5865595571202578
U02771,2,2,1,0.6476072485947284,,
U02772,2,1,0,0.5371060175807552,0.32715792461056914,0.4282005898550565
U02773,3,3,1,0.5986792152953019,0.37019259052050657,
U02774,1,1,1,0.4811490647582491,0.34084631240815594,
U02775,1,2,1,0.6832274134555373,,
U02776,1,2,1,0.44463587252732223,,
U02777,2,3,0,0.7787771387078477,0.5413096915355841,0.6484940576496193
U02778,2,4,0,0.6867188735873614,0.4876629349033665,
U02779,1,2,0,0.5471370369355091,,
U02780,2,4,1,0.658211736366784,0.3754008584450426,
U02781,2,1,1,0.8137386630329757,,0.5478088488851816
U02782,3,4,1,0.612826743794215,0.4591495009650947,0.5626080303417809
U02783,4,1,1,0.7690319641237213,0.3811873969406793,0.6914050555978751
U02784,3,3,1,0.4487932945808462,,
U02785,0,1,1,0.6470632112755077,0.37188762725333274,
U02786,2,0,1,0.6619545697113668,0.46847580140651457,
U02787,4,0,1,0.5031058618451754,0.240992154040237,
U02788,2,4,1,0.5709804011000511,,
U02789,4,0,0,0.5525763536900642,0.26717484827459337,0.608907738755489
U02790,4,1,1,0.43405272750983837,0.2529829256677038,
U02791,1,0,1,0.7077802329266418,0.4563348213320576,0.5090726397853096
U02792,4,1,2,0.4455700307090074,0.27545989417944866,
U02793,1,3,1,0.48290409108797167,,
U02794,2,2,0,0.6050087355829622,,
U02795,1,3,1,0.45432007144893355,,
U02796,1,1,0,0.813877292621853,0.5384527600958403,
U02797,2,1,1,0.44994652360737664,,
U02798,1,1,0,0.5797222955784476,0.2544550362459325,
U02799,4,1,1,0.6668919531641768,0.3893005776185308,
U02800,2,1,0,0.804957721776245,,
U02801,3,0,1,0.45243499175924295,,
U02802,0,1,1,0.4533885711669995,0.3481986791382089,0.5218502044294016
U02803,0,4,0,0.48182257560780933,,
U02804,4,2,1,0.796723211721132,,
U02805,1,0,2,0.8428487757101492,,
U02806,4,4,1,0.43827230066380163,,
U02807,3,4,1,0.4373600349080492,,
U02808,2,4,0,0.43061552948381754,,0.4625306761450335
U02809,1,1,1,0.49906789373871013,,
U02810,1,0,1,0.688988412073719,0.37303363397972195,
U02811,2,4,0,0.5306468654030481,0.3399913338202949,0.470595618813035
U02812,1,2,0,0.5564452756784681,,
U02813,1,2,2,0.6426656966097254,,
U02814,2,0,1,0.4754147751076472,,
U02815,1,4,1,0.5336576985323158,0.5105421701841429,0.55793172202502
U02816,3,1,1,0.49637094960814493,0.2854097657119981,
U02817,1,2,1,0.7850277089816753,0.4914362542364184,
U02818,2,4,0,0.5707674615145704,,
U02819,2,1,1,0.4805159126697643,,
U02820,2,1,1,0.7190731386316757,0.41644208838330066,0.5032926791714826
U02821,0,1,1,0.4558912982019952,,
U02822,2,2,0,0.8396944399716254,0.5234390547598293,
U02823,1,1,2,0.601302139059404,,
U02824,2,4,0,0.5105510323077865,0.30001297955353384,
U02825,2,4,1,0.5145250450498792,0.32561680174793206,0.4146480439438129
U02826,3,0,0,0.9458789120981642,,
U02827,1,2,0,0.9499534928466064,0.8916114524089923,
U02828,2,2,1,0.6185045582115394,0.39661059257320547,0.4555768614884308
U02829,1,4,1,0.7651798164362358,0.5626035287079839,
U02830,2,1,1,0.4830440473061475,0.3300042177018501,
U02831,1,4,1,0.6408832658905129,0.4532582044707103,
U02832,1,0,0,0.5713218468598068,0.3043749236851041,
U02833,2,0,1,0.6045186464067669,0.4234713671394381,0.45643574966115386
U02834,2,0,1,0.4993383520392752,0.31587426588921563,0.39234888167763526
U02835,2,1,2,0.748622305303164,0.462121656062452,
U02836,0,0,0,0.6815591651852239,0.41579199869563616,0.6502656384905275
U02837,4,1,0,0.9411812791975918,0.7230564937077509,
U02838,2,2,1,0.7469106601935408,0.522580276645032,
U02839,3,4,1,0.4520599211227942,,
U02840,2,2,1,0.5422500200763175,,
U02841,2,1,1,0.777585813047728,,
U02842,3,4,1,0.4963431711498751,0.310615259871097,
U02843,0,2,0,0.782449392878878,0.5604988238683769,
U02844,4,1,1,0.4512781502676885,0.23191950450792265,
U02845,1,2,1,0.7343860104792777,0.5270131247905497,0.554043913303
U02846,2,0,1,0.6374166778574503,0.44292887837677625,
U02847,3,0,0,0.526526482186373,,
U02848,2,4,0,0.6960715541560769,0.44974185254903615,0.5154694031493467
U02849,1,4,0,0.5428377850811025,,
U02850,2,0,1,0.469340888112209,,
U02851,1,4,1,0.44752588784553327,,
U02852,2,0,1,0.6283698052802483,0.4728118970731621,0.5037368611099393
U02853,2,4,1,0.4823238625416464,,
U02854,0,1,0,0.49127276318046237,,
U02855,2,1,2,0.7328966499408139,0.4023832761482874,0.5959128733818366
U02856,1,1,0,0.6280029405954026,0.3787627591463696,
U02857,2,4,2,0.6719720780457096,0.4357619744520761,0.5389109647629883
U02858,2,2,0,0.7204771435038981,0.4760281181559597,0.5814971326356257
U02859,2,2,1,0.7685574035295003,0.43286161707005527,
U02860,2,1,2,0.5403185292518593,0.31404759836431373,0.4470959085990867
U02861,0,3,1,0.6173954617452491,0.4009613667443587,
U02862,2,4,0,0.715273711700853,0.4446969132225442,
U02863,4,3,1,0.4943080558707503,0.3158399458599525,
U02864,1,2,1,0.6782779304097986,0.43768685253119655,
U02865,1,2,0,0.5628469372073638,0.33708177092574,0.43783169816635736
U02866,1,1,1,0.596085482798913,0.43149594847605527,
U02867,1,1,1,0.5826068080445362,0.38656915172015266,0.47543307773025834
U02868,3,1,1,0.660010550172964,,
U02869,2,2,1,0.630917720038825,0.28929218104681725,
U02870,2,4,2,0.6314286521645827,0.4164691548093759,0.5692766893973893
U02871,0,2,0,0.6590547603092672,0.32337775992716733,
U02872,0,4,1,0.5925392227173788,0.3611011851912527,0.5196234879630605
U02873,0,2,1,0.5109051954845755,0.32680639133855527,0.41322449714249454
U02874,1,1,0,0.6482529777812468,,
U02875,3,1,1,0.6458946371797596,0.3746832846571821,
U02876,1,4,1,0.6418817226065534,0.46522995804796324,
U02877,1,4,1,0.6350488602070241,0.4286043238663603,0.469998036693545
U02878,2,4,0,0.7449451575644979,,
U02879,1,2,1,0.49713234253710437,,
U02880,2,1,1,0.8126285030182459,0.5255467045601773,0.5794548748002966
U02881,2,4,1,0.7762160019095513,0.4467290574965673,
U02882,0,2,1,0.47665965176486963,,
U02883,2,1,0,0.5278012936154904,,
U02884,2,3,1,0.5908788002882702,0.41577056903063286,0.4933776017702209
U02885,2,3,1,0.6695060536231086,0.4165257328954136,
U02886,0,1,1,0.4354916999196045,0.3330912939397809,
U02887,1,1,1,0.6777036819674037,0.36869846577197646,0.5087206539454312
U02888,1,4,0,0.5167005178269526,0.2856209023178249,
U02889,3,2,0,0.6924494120591917,0.45754485325653954,0.616483132518979
U02890,3,0,1,0.6247646191792882,0.36030402443186704,
U02891,2,0,1,0.7528398823197175,0.46723946337251754,0.56887453196199
U02892,1,2,1,0.7771849117138802,0.4964767865272075,
U02893,3,1,0,0.563896424115068,0.29166596654658533,
U02894,1,2,0,0.5295394641444908,,0.4991065608632666
U02895,2,2,1,0.75630933729407,,
U02896,0,0,0,0.5588916915124462,0.2903494965594781,
U02897,1,2,0,0.8502405435906898,0.5322709507888462,0.6237902574500159
U02898,2,2,2,0.672263424670189,0.5083946090714945,0.6626226792405578
U02899,1,1,1,0.6631177969970523,,
U02900,2,4,1,0.46571159656935135,0.3772568314076039,0.4742880116541192
U02901,2,4,1,0.39971234042861364,,
U02902,3,1,0,0.5758384653048316,,
U02903,2,3,0,0.735566729727015,,
U02904,1,1,0,0.5634930398121637,0.2910189272106704,
U02905,1,0,1,0.4970727484859568,,
U02906,2,4,1,0.43073493012505626,0.3722134899639543,0.48362374580961787
U02907,4,1,1,0.47732403966447035,0.28207421479638684,
U02908,2,3,0,0.7712355377744101,,
U02909,2,2,1,0.5304122735667168,0.3831979332486442,
U02910,2,4,1,0.43168589811052915,0.32817067054311627,0.36293740802858926
U02911,2,1,0,0.7353939734742878,0.4452184139441894,0.6384380334212086
U02912,2,1,1,0.6682285673745397,0.4003774138912972,0.44064819373173897
U02913,1,4,1,0.8656368429162768,0.6660829911929729,0.634278408540282
U02914,4,1,1,0.456996562126665,,
U02915,2,4,0,0.6106071387617839,,
U02916,1,3,0,0.6215259090785227,,
U02917,1,0,2,0.7690763521779085,0.5714385730224613,
U02918,3,2,1,0.6125013714182973,0.4129214394181622,
U02919,1,0,2,0.6753461879609581,0.40723992754028243,
U02920,2,4,0,0.488219954029565,0.2805418743772541,
U02921,2,2,0,0.8310145864699624,0.37977441466503037,0.742847600172881
U02922,1,4,2,0.47067313192262156,,
U02923,3,2,1,0.7494944644569905,0.5647258805860893,
U02924,2,1,1,0.4619592637737693,,
U02925,2,1,1,0.6599658910543186,,
U02926,0,2,0,0.7058723465543727,0.3420276056008134,0.5312696649444313
U02927,3,0,0,0.628724588955991,0.3160818442234173,
U02928,4,2,0,0.4681036504865094,,
U02929,3,3,1,0.6518941138839921,0.2885212038423264,
U02930,2,1,1,0.49466091997711353,,
U02931,1,4,1,0.44896655302090116,0.39476971661337956,0.40626767291845906
U02932,1,4,0,0.5725162938809085,0.3626872387787894,
U02933,2,0,1,0.7128482828926755,0.4718485472136642,
U02934,1,2,2,0.6741113299129643,0.36329552419214217,
U02935,1,1,1,0.6836536387882239,,
U02936,2,0,1,0.5420291874140658,,
U02937,3,2,0,0.5760091240630331,,
U02938,1,1,1,0.45657958625145323,,
U02939,4,2,1,0.6057751288641046,0.3076543717551049,
U02940,2,0,1,0.650350237645591,0.41076220711512756,
U02941,2,3,1,0.41330324602813795,,
U02942,1,4,2,0.4363842245978445,,
U02943,2,1,0,0.7436266828634347,0.4195573642195671,
U02944,1,4,1,0.41124019534787193,,
U02945,3,1,0,0.5544640483244737,0.3518551615566431,
U02946,2,3,1,0.563727380232094,0.383701293500506,0.3908099665431136
U02947,1,1,0,0.5279920140406619,0.30684985918337065,
U02948,1,2,2,0.7196922213275772,0.39619092947126794,
U02949,2,4,0,0.5022069517913653,0.31833337877321016,
U02950,0,4,1,0.6439309141277877,0.33901803119110163,0.49478762622703437
U02951,3,1,1,0.5283779584215688,0.2683318680896477,
U02952,1,0,1,0.46610640829221417,,
U02953,1,0,0,0.8264243895088813,0.5422800929124579,
U02954,1,1,1,0.7895342837500199,0.5009191724120312,0.5650031921900425
U02955,0,3,1,0.683891517829016,0.3802413681774823,0.4704404527660334
U02956,1,4,2,0.41850718891174177,,
U02957,1,4,1,0.6617151109492756,0.3716764579349781,0.4623675997792109
U02958,0,4,1,0.4625034297820064,,
U02959,2,1,1,0.6561731947825152,0.4015546198085084,0.5212771589455096
U02960,3,3,1,0.636637939880922,,
U02961,2,4,1,0.5379025577133605,,
U02962,2,1,1,0.768083587413672,0.48300375524581746,
U02963,2,4,1,0.6054420706083347,0.3732999062042704,0.43431109394791056
U02964,4,0,1,0.5266091417091819,,
U02965,0,4,0,0.4905823866542936,0.35220053448006444,0.49942631793201214
U02966,1,0,1,0.7176331703175539,0.41853898345687196,
U02967,1,1,0,0.7079866838392235,0.4179086812165143,
U02968,1,1,1,0.616124952132347,0.4756562160590871,0.5230185408272536
U02969,0,2,1,0.5347639906291631,,
U02970,1,1,2,0.5051154260996535,0.3518093952962554,0.44314656122572316
U02971,2,2,1,0.6186177625162427,0.4099939340369136,
U02972,2,1,1,0.7017696777988089,0.46616098725944366,0.5374437445871565
U02973,3,2,0,0.5123363007792684,,
U02974,1,4,0,0.6400133507358765,0.39149308981942915,0.4911692610424368
U02975,2,0,1,0.48473775303751954,,
U02976,2,1,1,0.7619509464780131,0.5079955877419621,
U02977,3,1,0,0.8593541726620705,,
U02978,2,1,0,0.8962610486270721,0.6769244451535773,0.6037322139549274
U02979,1,1,1,0.47818588314092986,0.16749042767632474,0.7298902440203751
U02980,4,4,1,0.597716249174654,,0.6648738795069992
U02981,1,4,1,0.5903190356427821,0.41433395266200673,0.5306712220287871
U02982,2,0,1,0.5016591232466451,,
U02983,1,2,1,0.6428896949464259,,0.46697496882751655
U02984,3,0,1,0.6349679206742289,0.404528565078585,
U02985,1,0,1,0.6678886410074348,,
U02986,4,4,1,0.6242478252015846,0.3644057261890864,
U02987,2,4,2,0.6626823885716852,0.3585712645408085,
U02988,1,4,1,0.7795595904486159,0.5138170583694925,0.5902232052226778
U02989,1,2,1,0.48319897601958645,,
U02990,0,1,1,0.7091888531358123,0.4393572227016594,0.6084356729770736
U02991,2,1,2,0.5120805940828222,,
U02992,3,0,0,0.623100991036747,0.34716342829633634,0.5072203629349258
U02993,1,1,0,0.5342805136646279,,
U02994,2,2,1,0.7100663912922831,,
U02995,2,2,0,0.6875939616470672,0.3347487182316835,0.5704486543082109
U02996,0,1,1,0.687614032779695,,
U02997,2,1,1,0.6511048521815269,0.4231054613049908,
U02998,2,4,0,0.48451092782393457,0.34349352243710213,
U02999,2,0,0,0.8098088324519368,,0.7761924079515367
U03000,0,1,0,0.6375177740536365,,
U03001,1,2,0,0.5112423446952107,0.38629398548707794,
U03002,3,0,2,0.8396239583664019,0.44384796763396145,
U03003,2,4,1,0.38884114224460453,0.3581704558487068,
U03004,1,1,1,0.5984412298379128,,0.5238495565906287
U03005,1,2,1,0.6678768071203413,,0.5238397353169191
U03006,3,1,0,0.5470405662222224,0.33579715591746573,
U03007,0,2,1,0.6474186473748477,0.4299164780987502,0.5369533920590441
U03008,2,4,0,0.4997157951625235,,
U03009,1,0,1,0.7411583171293078,0.46568418962074654,
U03010,2,2,1,0.729010816541386,0.5652051659542293,0.5581717828277654
U03011,1,2,1,0.48548129444526666,0.35557837712845997,
U03012,2,4,1,0.4335339839769742,,
U03013,2,1,0,0.7863521186373073,0.49023781509823816,
U03014,2,2,1,0.538328402300974,,
U03015,1,4,1,0.5850058827150063,,
U03016,2,1,1,0.5787877602412898,0.4200086245478319,0.43494137162961166
U03017,1,3,1,0.4446172568600512,,
U03018,1,1,1,0.5942006766686223,,
U03019,2,1,1,0.5039431394720761,0.31813657610460544,
U03020,3,1,0,0.5601088348640154,,
U03021,2,0,1,0.672002196086951,0.47490573600960734,0.5145793862014015
U03022,1,0,1,0.49632700458182516,0.30243820420843304,
U03023,1,4,0,0.6856519184044979,,0.5115464444577452
U03024,2,4,1,0.7960996076405731,0.48502699427132917,0.5674758098857441
U03025,2,4,1,0.746213578855686,0.46347107066898613,0.5717861436778264
U03026,2,0,1,0.7730870501251292,0.5377719093599519,0.6156661013293862
U03027,0,1,1,0.6761282609431264,,
U03028,1,3,0,0.6868702981146342,0.49258326155154214,
U03029,1,1,1,0.46688993100232384,0.34887090482657473,
U03030,1,3,0,0.5069362080984922,,
U03031,2,1,2,0.7301117955669841,0.4292188050024465,0.4813068716664541
U03032,1,2,1,0.781571019416674,,
U03033,3,1,1,0.4919955228875469,,
U03034,2,1,1,0.4916981243477422,0.32939233159113784,
U03035,2,2,1,0.652759141938333,,
U03036,2,2,0,0.5640017228124616,0.393085502433766,
U03037,1,4,0,0.5002733989147022,,
U03038,4,2,1,0.39065324820206637,,
U03039,2,0,1,0.6238725459402695,0.44264688609344677,
U03040,1,2,1,0.7800790609055233,0.6022209113788648,
U03041,2,4,0,0.7652106830570288,0.48641607545207477,
U03042,4,4,0,0.7354700962480601,,
U03043,2,4,0,0.5773205166189737,0.39641401131302106,
U03044,1,4,1,0.5158374500625054,0.33525038978205474,
U03045,1,2,0,0.5520800588501722,0.2964654320602664,
U03046,1,1,1,0.7756044266094413,,
U03047,1,1,1,0.5655290194685757,0.342918190145595,
U03048,2,0,1,0.683677748979589,0.36263490584157565,0.5118257093521915
U03049,2,0,1,0.5759507138462487,0.3282867911369522,
U03050,2,1,0,0.7269389071668323,,
U03051,2,4,0,0.6128192278228213,0.2922555705598202,0.713076138600605
U03052,1,3,1,0.6371493543775777,,
U03053,2,1,2,0.46015039821473686,0.3844261964083419,
U03054,2,0,1,0.4993699115301037,0.341655575091054,0.4493497848197247
U03055,1,2,0,0.6458862043095851,0.49819376617782,
U03056,4,4,0,0.813154029619527,0.37509368390958286,0.7672091569983076
U03057,1,3,1,0.4579213904227225,,
U03058,2,2,0,0.7834394732363246,,
U03059,2,4,1,0.6102134314257541,,0.5373229380243901
U03060,4,0,1,0.5881080110824126,,
U03061,2,0,0,0.6728714636088957,0.45038946924151757,
U03062,2,0,0,0.7613852170428619,,
U03063,1,2,0,0.5094242426534176,0.38146002061095274,
U03064,1,4,0,0.7078186223343569,,
U03065,1,1,1,0.6655855914617969,0.3859212216447559,0.44331295185995645
U03066,2,1,1,0.6946216402486913,0.4318769042890279,
U03067,2,1,2,0.50945999865228,0.29749304460803294,
U03068,4,1,1,0.4672652602389462,,
U03069,2,2,0,0.6718497723453571,0.416582064248176,
U03070,1,0,1,0.6572401133464576,0.36158437554770806,0.6683529467397086
U03071,1,0,0,0.7043027743430698,,0.704168839917711
U03072,1,0,1,0.6865317944511881,,
U03073,2,2,2,0.8514446159061504,0.6224368290586868,
U03074,2,4,0,0.784532527514274,,
U03075,1,2,2,0.9088671533377246,0.7792786812473762,0.6903313622504043
U03076,0,4,1,0.5424664492122105,,
U03077,0,3,0,0.8352300539461331,0.4837570728202817,
U03078,2,0,0,0.6882696635246374,0.4613994272669034,
U03079,2,1,0,0.6092049307809434,,0.875482507412109
U03080,0,0,2,0.7914866403954809,0.42671877583080836,
U03081,1,4,1,0.5148199847177591,,
U03082,0,1,1,0.5019238602500812,,
U03083,2,0,1,0.6950239720859972,,0.5032812998571979
U03084,1,4,1,0.43177211797103193,,
U03085,1,1,2,0.7051767971368859,0.4711363462385494,0.6090936864229226
U03086,1,3,1,0.683591652089486,0.3922462889795833,
U03087,1,0,1,0.45900142665109994,0.33979110881301944,0.39892399644583826
U03088,2,2,1,0.6395755772805648,,
U03089,1,0,1,0.7028250340429948,,0.5598835995094005
U03090,2,4,1,0.42651078733348996,0.3299750956951939,
U03091,1,4,1,0.5871806397117848,,
U03092,4,0,1,0.6061750375744271,0.29895599415519314,0.5819070260042937
U03093,2,3,1,0.4604386036473296,0.31171032364584256,
U03094,3,1,2,0.8084139647584778,0.5977570152711608,0.5927761632394529
U03095,2,2,1,0.6885435946677759,0.4644068116746497,0.513377490186744
U03096,1,3,1,0.4684346014510968,0.37756953959052475,
U03097,4,0,2,0.6018109273111925,,
U03098,2,3,0,0.6650344399180521,,0.5295314258344578
U03099,2,4,2,0.4386808335482135,,
U03100,1,3,2,0.6566001331810596,0.2998723107835826,0.7155324477970813
U03101,2,2,1,0.46303091520803086,,
U03102,1,1,0,0.7186969310484415,0.5067815364187948,0.5048654107138681
U03103,0,3,1,0.46953237464551806,,
U03104,1,4,1,0.5388519506525247,,0.5388543470685192
U03105,2,4,0,0.8942688058010182,0.7162742767090824,0.7352407974633259
U03106,1,0,1,0.7007320221904308,0.42623902478742326,
U03107,1,1,0,0.5568162238388167,0.35860960458485086,
U03108,2,4,0,0.7217465791932535,,
U03109,1,2,1,0.7448128722328972,,
U03110,1,1,0,0.8238877429633484,,
U03111,1,1,1,0.49218086084627466,,
U03112,2,1,1,0.7556647560304195,0.5262587984258642,0.5569733792534572
U03113,1,4,0,0.4754132814500659,0.34800209305961993,
U03114,2,2,1,0.5884635622576114,0.35273020043108155,
U03115,2,2,0,0.5689501115214358,0.3549627288490418,
U03116,0,3,1,0.6171039299474231,,
U03117,1,0,1,0.49005074724983966,,
U03118,2,1,0,0.6194371702320127,0.36622012864468195,
U03119,2,3,0,0.7275048224242184,,
U03120,2,2,1,0.4798645887336604,,
U03121,2,0,1,0.48226158106878375,0.3601767636776978,
U03122,2,0,0,0.8247571677387413,,
U03123,2,3,1,0.6586902344398122,,
U03124,1,2,0,0.6680964741527491,0.4046694344203195,0.5154361019934866
U03125,1,4,1,0.4795373144048119,0.37147681551504735,
U03126,1,2,0,0.7588714939940417,0.3958583965096584,0.643226782377305
U03127,1,1,2,0.5220750535066856,0.3741814288408695,0.4410632536929523
U03128,2,4,1,0.44799922306049694,,
U03129,4,4,0,0.7348153553614637,0.373093972148908,0.7342741123805715
U03130,3,1,0,0.7547888606152127,,
U03131,3,1,0,0.6596164476345215,,
U03132,3,1,1,0.4915105261584868,,
U03133,0,0,0,0.9435651237191067,0.7616016650251528,0.7461411666968111
U03134,1,2,0,0.5284854458310431,,
U03135,2,3,0,0.5109821934499159,,
U03136,1,4,0,0.6948016385542135,0.44918314529388925,
U03137,1,0,1,0.5423297801700109,,
U03138,1,3,2,0.5760131947558721,,
U03139,1,1,1,0.6711725354400799,0.40494755610614314,
U03140,2,2,1,0.48660475702473016,,
U03141,2,2,1,0.48785687514463777,0.37700751423166917,
U03142,0,1,1,0.7728969712561323,0.47031073994044553,
U03143,1,2,1,0.5335268224068946,0.4514639187086023,
U03144,1,2,1,0.6900732402022616,,
U03145,2,1,1,0.8054500572918234,0.5661190248921447,
U03146,2,1,0,0.8198727575479382,0.5061528555156566,0.6963765795449877
U03147,0,1,1,0.6294921261558123,0.35378009468843336,
U03148,1,4,1,0.56269671839806,,
U03149,3,4,1,0.3988179051078783,0.3315967284588308,
U03150,1,4,1,0.7222402020856944,,
U03151,1,1,1,0.6926687421513419,,
U03152,2,3,0,0.6520436721111494,0.4176179904665683,
U03153,1,4,2,0.506938537531274,0.2188724393368192,
U03154,1,1,0,0.584886025683195,0.40597760050631965,0.4212152021928805
U03155,1,4,0,0.6547087474950415,0.41208664714575965,0.5414063876428583
U03156,1,4,1,0.4320502290484201,,
U03157,0,4,1,0.5503783533809368,0.443409042568144,
U03158,2,1,1,0.692071963992571,,
U03159,3,1,0,0.8456884629388368,,
U03160,2,2,1,0.6317796294172454,0.37848167679495337,0.4695723099100834
U03161,1,3,0,0.6821469119697581,0.4153399960560268,
U03162,2,4,1,0.4417107544011968,,
U03163,2,4,1,0.4606579714595662,,
U03164,1,0,2,0.6927449721652459,0.389488770174759,
U03165,2,2,0,0.6924796632516103,0.5170633158920335,
U03166,1,4,0,0.7067808622698248,,
U03167,0,3,0,0.66995185144165,0.3950789138905583,0.5674070613339373
U03168,2,0,0,0.7116293318085599,0.3856380859969983,0.47673237369901084
U03169,3,4,0,0.627274901628883,,
U03170,1,0,2,0.5520730469192274,0.3311664787850306,0.49919763635267045
U03171,1,3,1,0.5201159500484788,0.37265238323551575,
U03172,2,2,0,0.8669424290305446,0.512706276574404,
U03173,2,1,0,0.43369645158176806,0.09507105719779736,0.8447156540937739
U03174,2,4,1,0.5647900492211847,0.38217291148161137,
U03175,2,4,0,0.729572284164066,0.49632495230096346,0.5847344949368374
U03176,2,4,2,0.7744342187453098,0.5249387223820304,
U03177,1,2,1,0.623888789485162,0.36860755811303636,
U03178,0,2,1,0.6611203982079803,0.3221076395546341,0.47024945594986983
U03179,3,2,1,0.4629833150690481,0.2828755333606944,0.4095539848593678
U03180,1,3,0,0.5287257599223214,0.36589616344741677,
U03181,2,1,0,0.596550716423072,,
U03182,2,2,1,0.793408423809209,0.49862384374196267,
U03183,2,2,1,0.5008849670379076,0.4072846565747395,0.4426348164682521
U03184,2,4,1,0.5893064669018271,,
U03185,1,2,0,0.5278884557965844,0.36585237071602383,0.4210706075975902
U03186,1,1,1,0.6711268982822819,0.4752752047041302,0.527903181366245
U03187,2,2,1,0.6770951052811441,0.5097824486730202,
U03188,2,4,0,0.4738273609632884,0.34675043253375715,
U03189,3,1,1,0.47127552610123036,0.3754541134915074,
U03190,3,0,1,0.8098797049433341,0.5167063028087499,0.6328598626088533
U03191,2,0,1,0.6492048927754621,0.3667329331688099,0.43913193414197804
U03192,0,1,1,0.8242375252752805,0.5277477365337353,0.6291135018792311
U03193,4,1,1,0.4422909536776276,0.2484835907510857,0.5084882736169486
U03194,2,4,2,0.8030401172413905,0.5287620116785576,0.6433515285166032
U03195,2,0,0,0.5785624588892584,,
U03196,1,2,0,0.7170157379345192,0.5256436671030056,
U03197,0,3,2,0.5128568988435702,0.29419482124686275,0.4805152915146653
U03198,0,4,1,0.6542855186465203,0.39577121004414745,
U03199,2,2,1,0.4840663438644887,0.4365033781439523,
U03200,2,4,1,0.4812366719964822,0.3578730575091782,0.45968306513429996
U03201,1,2,0,0.6614842015030625,,
U03202,1,1,0,0.6720302044147832,,
U03203,2,4,1,0.6130138894471363,0.4724437632048104,
U03204,0,0,1,0.498387401623292,0.2980348011413057,
U03205,1,1,1,0.5605440873288474,,
U03206,3,2,1,0.5500929038160979,,
U03207,0,2,0,0.5947561262718564,0.3024431953459233,
U03208,1,4,1,0.4767557045095299,,
U03209,1,4,2,0.45765019497873616,,
U03210,1,2,1,0.7994142155685446,0.5336102152406256,0.5869305554640144
U03211,2,2,0,0.9183434619918296,,
U03212,1,1,2,0.7060756347845862,,
U03213,2,4,2,0.6026619809372398,,
U03214,1,0,1,0.6978173674640992,0.48874812770741954,
U03215,2,0,1,0.551177986076562,,
U03216,2,1,1,0.629928837305076,0.4446982384172715,0.530487006002098
U03217,2,4,1,0.4259084610987522,,
U03218,2,2,0,0.7826232535553487,0.4852100122746093,0.6441989943472862
U03219,1,0,2,0.674847020452226,0.35306864484365824,0.6197372568188576
U03220,1,3,1,0.5216756619815174,,
U03221,1,2,1,0.4720389572202081,0.3704718106628404,
U03222,2,3,1,0.5084027134505297,,
U03223,2,1,0,0.8049663663220534,0.54838214901822,0.6219280289257799
U03224,2,2,2,0.7378002748012633,0.40616836865995043,0.49834967251703555
U03225,2,1,1,0.6488209749319498,0.4364436886585329,0.5212736692216712
U03226,0,0,1,0.4841656990953394,,
U03227,2,4,0,0.6258000846296939,,
U03228,2,4,0,0.7778162544278637,,
U03229,2,2,1,0.490781448346639,,
U03230,2,2,0,0.5624304204541533,0.389298521247396,
U03231,1,1,2,0.6855785038055489,0.39005245785568043,0.5366316755810943
U03232,1,0,0,0.5451143985480313,,
U03233,2,4,0,0.5415750284969112,,
U03234,2,4,1,0.45578695252088375,,
U03235,2,2,0,0.532304202727048,,
U03236,2,4,1,0.4422359312412855,,
U03237,2,3,1,0.6433248224670993,,
U03238,4,1,1,0.5147656083194099,,
U03239,1,0,1,0.652782271962804,,
U03240,1,0,1,0.47209496980569465,0.32172190929884437,0.401914905210905
U03241,1,1,1,0.5781915110272569,,
U03242,1,4,0,0.5954668069089017,,
U03243,1,2,0,0.847787909236836,0.32669949520947456,0.8315949282413343
U03244,1,2,1,0.5058795866014762,0.3782456607563868,
U03245,1,4,1,0.6484783913954529,0.49424260719955826,
U03246,2,4,0,0.46165499310908065,0.3528720595884052,0.510230973243325
U03247,1,1,1,0.640317179787377,,
U03248,1,1,2,0.5645988252325302,0.38331793353824145,
U03249,0,4,1,0.46746249711128185,,
U03250,1,1,0,0.7196028821473913,,
U03251,1,2,1,0.4507694433072444,,
U03252,2,2,0,0.6652973905245985,0.47898526498024085,
U03253,1,3,0,0.5154125840088398,0.3962219713514181,0.5027981724573072
U03254,2,0,2,0.7245258364905265,0.4390780509921481,0.5293822700062251
U03255,2,3,2,0.558211697385018,0.3400031212388117,
U03256,2,0,1,0.8586794568154805,0.6113524411328793,
U03257,1,0,0,0.7070882663444314,0.3585491605864951,0.5015560707893387
U03258,2,3,1,0.5454570916761705,0.3137172875257781,0.4287854938436631
U03259,2,0,0,0.7113912533322903,0.4499617097382335,
U03260,0,1,1,0.762741207093067,0.4481154860899253,
U03261,2,2,0,0.5191372428540197,,
U03262,1,3,2,0.5811417463868522,,
U03263,1,2,1,0.6553160858681935,0.37702891152056417,
U03264,2,0,1,0.5131248985499821,,
U03265,3,0,1,0.7428826493695512,0.5349232844737202,
U03266,2,3,0,0.49428568262063227,,
U03267,1,1,1,0.7150185667560827,0.49946057665207166,0.5609836626540373
U03268,1,0,2,0.7282972402907856,0.48144173491569253,
U03269,1,1,0,0.6865070975753235,0.46390652907278823,
U03270,1,0,0,0.5857104387309748,0.33903726397887635,
U03271,2,0,0,0.5233928455767625,0.43727908286105815,0.45509653509164855
U03272,2,1,1,0.6917758910549855,,
U03273,1,1,2,0.7315560107474539,0.37019444428734793,
U03274,1,0,0,0.9981044903093648,0.9912004791395765,0.8447120483420033
U03275,3,1,2,0.5184038667783076,,
U03276,3,1,1,0.7441940472420022,,
U03277,3,2,0,0.6775035593890967,0.4166363284550093,0.581582575884686
U03278,1,4,1,0.6837152420622938,,
U03279,2,4,0,0.656617391441779,,
U03280,3,3,0,0.6686987919976054,0.3928660085819937,
U03281,1,1,0,0.6171758450780174,,0.4456835857056458
U03282,2,4,0,0.508801591455433,,
U03283,0,0,1,0.7515815886174116,0.44849501605758835,
U03284,0,2,2,0.6828395640776185,,
U03285,1,3,2,0.5821657115204386,0.41853040178654344,0.4835637278672961
U03286,2,3,1,0.669715950231707,,
U03287,2,2,2,0.5850130939701125,0.343632285957792,
U03288,3,1,1,0.6019856603946806,0.3649300252966829,0.4641574859098551
U03289,0,1,0,0.49973162226326584,,
U03290,2,4,1,0.6441908192758098,,
U03291,2,1,2,0.8534757779238314,0.5995969451383872,
U03292,0,2,1,0.5306293202218844,,
U03293,2,0,1,0.5452352225756332,0.3022736387413923,
U03294,1,1,1,0.5131214116126714,0.3372895045481648,0.44098337419749106
U03295,4,2,1,0.5857670237947992,0.3113285640021905,
U03296,2,1,0,0.5839747278827765,,
U03297,1,4,1,0.4989314709629166,,
U03298,2,0,0,0.5539252834758691,0.30391407834830153,
U03299,2,4,2,0.4817357214003198,,
U03300,3,4,0,0.8796560465953883,0.6340176493984432,0.6199396685407415
U03301,1,1,0,0.706891591220407,,
U03302,4,4,1,0.4804538999240675,0.2795207045481045,
U03303,1,2,1,0.7650628071498307,0.505370225900912,0.5758864442791809
U03304,2,3,1,0.6677638840681077,,
U03305,2,4,1,0.40291027086607106,,
U03306,2,4,2,0.5051006009914728,,
U03307,2,2,1,0.6169974424487954,0.43489304200018275,0.44433354605895775
U03308,2,3,2,0.6477363192477139,0.4432478537784833,
U03309,2,1,1,0.6141014782839637,,
U03310,1,4,0,0.503823530581836,0.3063513368929196,
U03311,1,2,1,0.6451187031407074,0.4324316154741478,
U03312,1,0,1,0.5554692597459249,,
U03313,1,1,0,0.7792044959384471,,
U03314,2,0,1,0.8004137454587341,,0.5353138060512859
U03315,2,1,0,0.6828143788983977,0.37526700222396536,
U03316,1,4,0,0.6467190061894685,,0.5206103369315059
U03317,1,4,1,0.44922138010155266,,
U03318,2,2,2,0.7037546420010614,0.33608015738480734,
U03319,3,4,1,0.3907154457713028,0.31778751724021065,0.4717271365197215
U03320,3,1,0,0.7127858341314323,,
U03321,1,1,1,0.47993513688367406,,
U03322,2,2,0,0.5893680222462035,0.42043270328939786,0.4476101827521963
U03323,3,1,1,0.5583997723445222,0.36679013737080857,
U03324,1,4,1,0.8405743005186094,0.5795161288682896,0.612545570079318
U03325,3,1,1,0.4868957999418503,0.32190956612982224,0.45760275712880877
U03326,3,2,1,0.4926546191802714,0.29601776779065925,
U03327,3,4,1,0.7285317771513423,0.4420350049120042,
U03328,1,4,0,0.6091228852196486,,0.4781777031059629
U03329,2,4,0,0.9521031635358962,,
U03330,1,2,1,0.4407425584409601,,
U03331,1,0,1,0.5175339043262619,,
U03332,1,2,1,0.7092737845739951,0.4207947500424514,
U03333,2,2,1,0.6010499626436109,,
U03334,2,3,1,0.6398548420795934,0.42505476702394335,0.5380536178876473
U03335,0,4,1,0.43860762574405443,0.315063946238925,
U03336,1,3,2,0.5726339212825493,0.37480356053620784,0.5372385223774608
U03337,0,1,0,0.8019535012096287,0.50623578011532,
U03338,3,4,1,0.4558491753331762,,
U03339,1,2,1,0.5416224613716172,0.36138091806748385,
U03340,1,1,0,0.6096048900573542,,
U03341,0,1,1,0.6419826575153611,,
U03342,1,4,0,0.6824308766028323,0.44718797628146373,0.5474303206085042
U03343,1,0,2,0.5196370658439425,0.32118678044679844,0.4773473767960651
U03344,2,4,0,0.6179587593242694,,
U03345,1,2,1,0.5025939357557621,0.3929627057934721,
U03346,1,2,0,0.678553478233578,0.47030533452063106,
U03347,2,0,2,0.5815332684918642,0.3405654309518528,0.4516892417621415
U03348,2,1,0,0.5865024945867277,,
U03349,2,3,0,0.5521854383316184,,
U03350,2,1,1,0.6758298477620511,0.3759638126678918,0.4682423226303138
U03351,2,1,1,0.4756796913158493,0.3573721005016261,0.4042315046214082
U03352,1,1,0,0.5262771961633899,0.4129076508527107,0.494350808748356
U03353,0,0,2,0.5299864775365626,0.27518457528172363,0.4673861018641885
U03354,1,1,0,0.6391155123424561,0.3349142375062947,0.494069991572469
U03355,2,1,0,0.8409499661708619,0.66589770473433,0.6312439185736792
U03356,2,4,1,0.6319506621994785,0.42661038393398465,
U03357,1,1,1,0.6595610857190383,0.32858945466270023,
U03358,2,0,1,0.8159417254615563,0.47898140961291324,0.5965834938768706
U03359,3,2,1,0.7834927665846524,,0.618725800583192
U03360,1,2,0,0.7295288332790205,0.4942361886377111,0.6555745323682988
U03361,3,1,1,0.6657158086592284,0.4558417436345763,0.5190394134991408
U03362,2,1,0,0.692316400174175,,
U03363,1,3,0,0.6019269598257653,0.39231511820574594,
U03364,2,1,1,0.5079443901966415,0.3901255226530594,
U03365,0,2,1,0.650850523672378,0.5142255534419266,
U03366,1,1,0,0.8100832429260979,0.5172073174891646,
U03367,2,3,2,0.5261534455843562,0.3750185293947393,0.44985822542211124
U03368,2,4,0,0.6270543013276518,0.461884177077621,0.5829189743619579
U03369,2,4,1,0.5021297628940214,0.2961578430864335,0.38510749732911576
U03370,1,2,1,0.6435433348631978,,
U03371,2,0,1,0.6750156563110948,0.4311233730813884,
U03372,1,4,1,0.5714978324946461,,
U03373,2,0,0,0.7910342288029906,,0.6152170807090601
U03374,1,2,0,0.8194257908687994,,
U03375,3,1,1,0.46025343215999004,0.29444581888543875,0.43269305914868406
U03376,3,1,1,0.5254032141129319,,
U03377,3,4,1,0.3704211915153542,,
U03378,2,1,2,0.5616789779194173,,
U03379,2,0,1,0.6642084819815868,,
U03380,1,1,0,0.5549553933864412,0.357237151507641,
U03381,2,4,1,0.4314270594637103,0.33630160409433574,0.3910122739983433
U03382,1,1,0,0.8569665638889747,0.5638602522845815,0.7014955073569382
U03383,2,4,1,0.528075332397958,0.30913758970098454,0.42161616585836487
U03384,2,1,1,0.6478077294967161,,
U03385,2,1,0,0.5127256441569588,0.40405178380126294,0.48028142604231217
U03386,0,1,0,0.5845034884662957,,
U03387,2,3,1,0.49220387450722836,0.38343743390665525,0.3944193456912933
U03388,1,1,1,0.651094297015083,0.47862938255183496,
U03389,2,2,1,0.5084159348883528,,
U03390,1,1,1,0.6616805055532039,0.373901929373262,
U03391,2,1,0,0.7077535516546435,,
U03392,0,4,2,0.610506915551699,,
U03393,0,4,1,0.6248405473218557,0.33842774718787194,0.4512255432629951
U03394,2,3,1,0.5015743253545802,0.35359895385227136,0.44571307221217943
U03395,0,3,1,0.7669827382873241,0.4540777674475941,
U03396,4,2,1,0.7449917327938297,,
U03397,3,0,1,0.4705570303278576,,
U03398,3,4,0,0.6605600834010275,0.42187610016514643,0.6454081252032542
U03399,2,4,1,0.5893384789871088,0.394081855490183,0.41737119985633037
U03400,1,3,0,0.6188675430758278,0.3971686439026085,
U03401,2,0,0,0.5014831085587156,0.28328265369042227,
U03402,2,0,2,0.48107685900311975,,
U03403,4,1,2,0.9869355334556972,0.9481265320972457,
U03404,2,1,0,0.6053619432626095,0.1695407069563659,0.6922541099788683
U03405,1,3,2,0.8325772814408137,,
U03406,3,4,1,0.46758080653744416,,
U03407,0,4,1,0.4406862373083759,,
U03408,4,1,1,0.5277485955387107,0.26656672386595665,
U03409,2,2,0,0.6120367954754977,,
U03410,2,1,2,0.5451452912590274,,
U03411,1,2,1,0.6427378509588861,0.42215897440885836,
U03412,2,1,0,0.711861085800599,0.4901682104205023,0.6257926791195786
U03413,2,2,0,0.5561038004765072,,
U03414,2,2,2,0.6331069445683242,0.43207977269128367,
U03415,3,1,0,0.9117810462120252,0.6978383591354874,0.71371246689206
U03416,1,0,2,0.6718138803080304,,0.4699652016049527
U03417,2,4,1,0.6335909071179713,0.3620112096434033,
U03418,1,1,1,0.49504321593113154,,
U03419,2,2,1,0.6288468094688255,0.36930453846244987,0.5593775043645012
U03420,2,4,1,0.6377190436385161,,
U03421,3,4,1,0.5645644957598209,0.47763267887051647,0.5619273683821806
U03422,1,1,0,0.7393897293164835,0.30020036505879943,
U03423,3,4,0,0.6871002979263738,,
U03424,2,2,0,0.6016659753234243,0.35435706473042133,0.44157004830174484
U03425,3,4,1,0.3712167957205936,,
U03426,1,3,1,0.4930704662770056,,
U03427,1,3,1,0.46895742339228985,0.3737982245980882,
U03428,1,1,1,0.6277919732221053,,
U03429,0,1,0,0.7293028701329372,0.36659947276865457,0.4922985395416773
U03430,1,2,1,0.6432214541327063,0.4362256704582778,
U03431,1,4,1,0.6829938511044206,0.5031694292878054,0.5512930450835838
U03432,4,1,0,0.6698404156436036,0.34840199037847946,
U03433,3,1,1,0.6995118192024603,,
U03434,1,0,2,0.5020805320648847,0.3942111237650482,
U03435,1,2,1,0.5849635786042254,,
U03436,2,1,2,0.9481133654040057,,
U03437,2,1,1,0.454447041838713,0.32737647271488945,
U03438,1,3,0,0.4908243188021453,0.38006990394022383,0.46768707658262776
U03439,0,2,1,0.6688155058661236,0.4535482078896828,
U03440,0,0,0,0.6102615412399754,,
U03441,2,2,1,0.6752345514906182,0.4309061091178765,0.5207077512069016
U03442,1,4,1,0.49277958821755663,0.39604363516911467,0.5103753172018465
U03443,2,2,0,0.6453946049246589,0.4749638816638241,
U03444,4,4,1,0.546760654844045,,
U03445,4,1,1,0.49854813009221827,0.22957777460598056,
U03446,1,2,1,0.73959742723946,0.6134737322769013,0.6266923727787397
U03447,3,4,0,0.7913381069777384,0.4309240283307567,
U03448,1,3,1,0.4567949336045423,0.33371656765753965,
U03449,1,4,1,0.4291849474012689,0.3416089821665152,
U03450,2,3,1,0.5593116654005587,,
U03451,1,3,0,0.5233372746131407,,
U03452,1,1,0,0.7642732000931952,0.4866506016498124,
U03453,1,2,1,0.5005129427909444,,
U03454,2,4,1,0.4988244798919592,0.3148522050874784,0.4634416007261694
U03455,0,3,1,0.469624858064125,,
U03456,2,4,1,0.43477013926598257,,
U03457,1,2,1,0.7474144396996241,0.542809492027806,
U03458,1,4,1,0.6152853669474919,0.36753107781048205,0.4370519020791152
U03459,1,1,1,0.8043308305925075,,
U03460,1,1,2,0.5512057381101578,0.3180178237558745,
U03461,2,4,1,0.6021292579125237,,
U03462,2,2,0,0.8095927672443748,0.5256676425144404,
U03463,1,0,1,0.6626787324998912,0.37958876054469154,
U03464,1,0,1,0.48839946061402784,0.3511446633335414,
U03465,2,1,0,0.5577589650190379,,
U03466,1,4,1,0.653191002442536,0.48427791491708405,
U03467,1,1,1,0.6161600524260247,,
U03468,1,2,0,0.5264619741634361,0.3651081600239572,
U03469,3,3,1,0.7889837752835378,0.4423488608251258,0.619919309262521
U03470,2,4,1,0.5870412951327285,,
U03471,2,1,1,0.6753577927560508,,
U03472,3,1,1,0.6687569518886827,,
U03473,1,0,0,0.6237620171302735,,
U03474,1,0,1,0.7959535477495151,0.5272597643123147,0.579173357915151
U03475,3,2,1,0.6438127686204551,0.38205325864317974,
U03476,3,1,1,0.6302624390444935,,
U03477,4,2,1,0.4597261225993774,,
U03478,1,0,2,0.5255087163703475,,
U03479,1,4,1,0.4196569491557601,,
U03480,1,4,2,0.6801923172942772,0.4726588101005145,
U03481,2,1,0,0.6658873407825797,,
U03482,1,4,0,0.5799478245559949,0.32178545025544997,0.5144714130155976
U03483,2,2,1,0.6069377603171358,,
U03484,0,4,1,0.4428531137991988,,
U03485,1,2,0,0.6954543573909443,0.4635449538580027,
U03486,1,0,0,0.9965141264617099,0.9822617722082849,0.8237005916030299
U03487,2,1,1,0.4708910560938255,,
U03488,2,0,1,0.6806306246018854,0.2436900827122013,
U03489,2,4,1,0.6117612400546293,,
U03490,1,4,2,0.556712123823477,,0.5686618767788265
U03491,2,1,1,0.6349691744819882,0.42420930435434945,0.5203290340764232
U03492,1,4,0,0.4328428490793265,0.4248238127047951,0.4534087139954379
U03493,0,1,0,0.7480183542795663,0.3450861713471227,0.5290438621183001
U03494,0,1,0,0.5488985882871313,0.30193761803139657,
U03495,1,4,0,0.673952939069488,,
U03496,2,4,1,0.4144450593595809,,
U03497,0,3,2,0.6093405463990096,0.2920005189274765,
U03498,0,4,0,0.8010178431687975,0.4619954222800351,0.7193490300336414
U03499,2,2,0,0.49837735087585794,0.32675864952145456,0.4926248382286953
U03500,1,4,1,0.6901012273135212,,
U03501,2,2,0,0.5727640983765278,0.36516145448879234,0.5022320916632135
U03502,3,1,1,0.5355634273835518,0.30450487841357654,
U03503,4,3,1,0.45923188313122343,,
U03504,2,4,0,0.8388394020300868,,
U03505,0,2,1,0.6154685381437326,,
U03506,1,4,0,0.5753959505914623,0.30706501813142945,0.4721719386845559
U03507,4,1,1,0.5652219633540851,,
U03508,1,0,0,0.7171819789018992,,
U03509,3,1,1,0.6363854636844875,0.43708649937286304,0.5516899291681512
U03510,2,4,0,0.5081779759286763,,
U03511,2,1,1,0.5182048179116164,,
U03512,2,0,0,0.5520493677928406,0.2682817393132165,0.47295515167796565
U03513,4,3,0,0.5702975201145423,0.2378061316353255,0.6146525655874067
U03514,3,4,1,0.5091053527084995,0.33457225123493434,
U03515,0,2,1,0.6245803034667724,,
U03516,0,4,0,0.4991296682817568,0.3028596269564586,
U03517,2,4,0,0.69504026677469,0.3535504640163221,0.5942818178228015
U03518,2,3,0,0.5415724662883271,0.3913659860630728,0.42235092163460314
U03519,2,2,0,0.5562152933528923,0.4002582813768128,0.4395418432486068
U03520,2,2,1,0.609412164820908,,
U03521,2,1,1,0.6728930840799906,0.43691861506440877,0.429472637316268
U03522,1,4,1,0.41791689671423166,,
U03523,2,1,1,0.6700300842420782,,
U03524,2,4,0,0.6630177956215602,,0.4791938781449917
U03525,2,4,1,0.6218830979918596,,
U03526,2,2,2,0.6394431224810996,0.48797400543994157,0.5393542954688002
U03527,4,2,0,0.5542617632223688,,
U03528,3,4,0,0.7301869459499299,0.4338597676947615,0.6374438599431723
U03529,4,1,2,0.5307368719047243,,
U03530,1,2,1,0.6272025433916554,,
U03531,2,1,0,0.5368869112947576,,
U03532,3,0,1,0.6282389332015655,0.3975686780863538,
U03533,2,1,1,0.759792833780542,0.49577077573175027,0.5614546206348805
U03534,2,4,0,0.7849315070832122,,0.5559072662680353
U03535,2,3,1,0.7293012834690736,0.4807606903980361,
U03536,2,1,2,0.7775774653756927,0.5337948097914226,
U03537,2,4,0,0.505404598419037,,
U03538,2,4,0,0.4824649741268007,,
U03539,1,3,1,0.643404730919405,0.4142212139645399,
U03540,2,2,0,0.573344461929801,0.296453663447945,
U03541,2,1,1,0.4571834369075716,0.31584763971763696,0.4018982644276975
U03542,3,1,0,0.5763636002549053,,
U03543,2,0,1,0.8105003538416337,0.5435900189287067,0.5589464659250126
U03544,2,4,0,0.5171943172252728,,
U03545,0,0,1,0.5766440041640288,0.46271084935559226,
U03546,2,1,1,0.48070308090568853,0.32024540490505704,
U03547,2,1,1,0.6635417939303216,,
U03548,1,0,1,0.7575278151144327,0.5265805150603782,
U03549,2,1,0,0.6406964893108245,0.3202323368247812,0.48523895054058425
U03550,1,2,1,0.5081395445409234,0.40943649027712115,
U03551,3,1,1,0.636372895377584,0.36079786025458266,
U03552,2,1,0,0.550363068258933,0.3077020918774266,
U03553,1,3,1,0.444831355579116,0.35524500163419864,
U03554,1,4,1,0.7291349099765566,0.49993077118479107,
U03555,2,2,0,0.8017661317992799,0.4828550283095715,
U03556,1,1,1,0.4877872036811882,0.34652556840245713,0.3964264858694361
U03557,2,0,1,0.4417865384795874,0.3617516549420556,0.41191400894785934
U03558,1,2,1,0.5756913256111537,0.4786250884657426,0.461019100290097
U03559,2,4,1,0.44733832430451437,,
U03560,1,2,1,0.7879382587918128,0.576372108327246,0.5836148102352182
U03561,2,0,1,0.6779607285014532,,
U03562,3,4,0,0.7968495622362848,0.47161557831067574,0.7181508270891463
U03563,2,0,1,0.6583214732639312,,
U03564,1,0,1,0.6684409363909393,0.36235574450093894,0.6972144352482273
U03565,1,1,1,0.5187513812091591,,
U03566,1,4,0,0.6165020789083417,,
U03567,1,4,2,0.7054276348265587,0.4314984520166318,0.5508668465494192
U03568,1,4,1,0.3995775792785715,0.16372536986737163,
U03569,3,2,2,0.651396986462217,0.42022916380929753,0.6125201368839522
U03570,0,4,1,0.6092168272349899,0.34083251879039683,0.4629256619507453
U03571,2,3,1,0.4796421819997933,,
U03572,1,1,1,0.4603553987908601,0.3203687057649759,
U03573,3,4,1,0.45804960505206127,,
U03574,4,2,1,0.42291569787840855,0.23749193096751722,
U03575,0,4,1,0.6419595484117194,0.3676660426403716,
U03576,2,4,1,0.7332777379735098,0.5299288937998484,0.5427238680627937
U03577,2,1,1,0.45758676663787656,0.38299763979486573,
U03578,1,4,1,0.4167772695763553,0.3472271937407386,
U03579,1,1,1,0.6366910327202727,,
U03580,1,3,0,0.7321600957890099,,
U03581,1,4,1,0.4358399998234842,0.4233946149670281,0.4277285967948756
U03582,3,2,0,0.8276766653861174,0.5058115740334223,
U03583,2,0,0,0.5631856039431279,0.26087859207158454,
U03584,0,4,1,0.39734150828294434,,
U03585,1,4,1,0.7415459569342626,0.4688633443699327,0.5695604034262004
U03586,2,2,1,0.5951928831202291,,
U03587,1,2,0,0.5700084753111858,0.32470077438491757,0.438971185550644
U03588,3,1,1,0.48536077767163327,0.29640374926345164,
U03589,2,4,1,0.6163653520729862,0.4067290031295536,0.4966726319230795
U03590,2,4,1,0.47044228847223774,,
U03591,4,1,0,0.5171734332440282,,
U03592,2,0,1,0.48632174516161136,0.2973366642101337,
U03593,1,2,0,0.54786178129228,0.2808410292597749,0.5684082565187296
U03594,1,4,1,0.6338908643098927,0.3994574346074921,0.4380740428394591
U03595,1,2,0,0.5549728713138979,,
U03596,1,0,1,0.7045098035824543,0.41093175799421644,
U03597,2,4,1,0.6165055514127982,0.5378516865287681,
U03598,1,1,2,0.6577034388082631,,0.49706376932644114
U03599,2,2,0,0.6431158821748747,0.4350091742062487,
U03600,1,2,1,0.5435338626764362,,
U03601,2,0,1,0.6884688716624182,0.4506878345690017,
U03602,1,1,0,0.7565269082614464,0.4607093857668269,0.5232909648427434
U03603,2,1,0,0.7309232918270209,0.5171097621351468,
U03604,2,1,1,0.5353859327263942,,
U03605,2,0,0,0.6580032809324328,0.44277072037555043,
U03606,2,2,0,0.7818229238085139,0.5008415644790101,
U03607,3,1,1,0.7611366726254375,0.511847168655486,
U03608,2,2,0,0.7084472138139207,0.4425047456776625,0.48969286009101687
U03609,0,0,1,0.5078487730996915,,
U03610,4,0,2,0.5119916352747647,,
U03611,1,3,0,0.4824932831986998,,
U03612,2,1,0,0.5288455327995921,,
U03613,2,3,1,0.6122320796580273,0.386518639231706,0.4567090583872787
U03614,3,1,1,0.7861772638610719,0.4616338154057693,0.6427707863634622
U03615,2,4,1,0.6476009990291209,0.44059449042506826,
U03616,2,2,0,0.5523781387859711,,
U03617,1,3,0,0.5836637908378456,0.38481781576975743,
U03618,3,4,1,0.7369404666971928,0.4283250663219985,
U03619,3,0,0,0.5221846398533484,,
U03620,2,2,0,0.6629792747338137,0.4515098624932056,0.4545488461982522
U03621,1,2,1,0.6536694421676991,0.36620463122439834,
U03622,2,1,1,0.6346887626812283,0.40415027046890567,
U03623,2,2,0,0.7641782830262471,0.455841594314189,
U03624,0,4,1,0.6412258372669151,0.4216291310216478,
U03625,2,4,0,0.5412089635441737,0.3513768755384912,
U03626,2,4,1,0.4574209640748705,0.30874836941697176,0.4918623497658701
U03627,2,4,2,0.6596608424675474,,
U03628,0,3,1,0.7497035675965155,,
U03629,3,4,1,0.7674237627336884,,
U03630,1,3,1,0.47753161632165325,0.3155647625934498,
U03631,3,1,1,0.7723571672407353,0.47135596102138827,
U03632,2,2,1,0.5028610438722947,0.3161979882767453,0.4118884917803187
U03633,1,2,1,0.5673647607958517,,
U03634,2,0,2,0.5368460524510139,0.38734881904031776,0.47117948690252337
U03635,2,0,2,0.6671359334409865,0.39735705726145587,0.5153567546142471
U03636,1,0,1,0.4582481658204687,0.41926342923449056,0.48054310553555113
U03637,0,2,0,0.7422411788400435,0.43243571771095746,
U03638,2,2,1,0.5883431384036767,0.30319541485661416,
U03639,2,1,0,0.5699727050721636,,
U03640,2,2,0,0.6944035047000767,0.38849315704688225,
U03641,2,4,1,0.45499066785761344,0.31613006368241864,0.35947851942938963
U03642,0,1,0,0.6467976465961258,0.35236614652651166,0.49909911462934603
U03643,1,2,0,0.5131596216520801,0.36428797152891634,0.41648678701564035
U03644,1,4,1,0.7133462145918774,0.5546933646098128,
U03645,3,2,2,0.6579403722198376,0.3972382368270025,
U03646,2,1,2,0.7475579411840266,,0.5357395992731903
U03647,1,1,1,0.7057197239232822,,
U03648,1,4,0,0.5468620507711818,0.4552058997188397,
U03649,1,1,2,0.7521862230510508,0.5899573556874732,0.6477468561920946
U03650,4,2,1,0.6522105378007196,,
U03651,3,1,1,0.5993264866272029,,
U03652,2,4,1,0.6026477015367188,,0.44370319325821356
U03653,3,1,0,0.8576479154741113,0.4656073569833117,0.664170054458806
U03654,2,1,0,0.5590715923188927,0.381011710360374,0.48620274048106954
U03655,2,2,1,0.7721927497413594,0.4879617767213859,0.5223721239786568
U03656,2,1,2,0.5191573383343016,,
U03657,2,0,0,0.8520785854622868,0.5354345443569716,
U03658,1,3,0,0.4839660759050509,,
U03659,1,0,1,0.6383099218239565,0.4079954948284023,
U03660,0,2,1,0.6976044516993798,0.476664655116867,
U03661,1,1,0,0.8311155751309189,0.5544541253325806,
U03662,1,1,1,0.49427097924791796,0.3407596593900419,0.388733332370257
U03663,2,2,0,0.6936134978174328,0.5511988505943715,0.5435949500474299
U03664,2,2,0,0.7219182237789075,0.45293420520680727,
U03665,1,0,1,0.7673862713562187,0.5495882357986812,0.6170441022742341
U03666,1,0,0,0.5392965237061783,,
U03667,3,4,1,0.6189404353156355,,
U03668,2,1,1,0.7534724475251892,,
U03669,2,2,1,0.6979472462473342,0.46352034177388457,
U03670,1,0,1,0.6222590094164309,0.4730340255949851,
U03671,2,4,1,0.746123417663173,0.5106050954650726,
U03672,2,2,0,0.7265411570979178,0.48445123839066717,0.5485768060069399
U03673,1,4,0,0.8179662458028869,0.5779465601275067,
U03674,2,1,1,0.8109658445378317,0.545933713844343,
U03675,1,2,0,0.7841317838609396,0.5192438558258228,
U03676,2,2,1,0.6496921679649561,,
U03677,2,4,1,0.42748600911811235,,
U03678,2,1,0,0.9571590513059406,0.8359223571198012,
U03679,3,1,0,0.7404691422490018,,
U03680,2,0,0,0.7437113579909987,0.3695115186606918,
U03681,3,4,1,0.6157986311563544,,
U03682,2,2,0,0.5565181778085402,0.34584731032002364,
U03683,3,3,0,0.684038957428024,,
U03684,2,2,2,0.9532241450880531,0.8163441234780332,
U03685,1,4,1,0.7566537013216975,,0.569805292589496
U03686,1,2,0,0.7389447475812264,0.4801520570567354,0.5599397338176048
U03687,0,4,0,0.5078591697463057,0.3123064353891394,0.5032665530138138
U03688,2,1,2,0.5198058807358262,0.33334890367176573,
U03689,2,1,1,0.4297008154079772,,
U03690,2,4,1,0.4317577943732033,0.35098616893558954,0.4774233562620916
U03691,3,3,1,0.6781943115403272,0.3725413783945729,
U03692,1,1,1,0.47478328241228124,0.34296161610006815,0.36457613323983745
U03693,3,1,1,0.5544358413193716,,
U03694,2,3,1,0.4445185381197781,0.3591834311802311,
U03695,2,1,0,0.6076322895902869,,0.42922747658619687
U03696,2,2,1,0.4931348518785382,,
U03697,4,4,1,0.5922637554920833,,
U03698,1,1,1,0.602296300495379,0.35085797009404796,
U03699,0,3,1,0.621857267443384,0.3541741781526371,0.46242416437506567
U03700,2,1,2,0.4867738354221118,0.34819816085873156,
U03701,1,0,0,0.9918673259702991,,
U03702,1,1,0,0.6878783538996089,0.49203421436272754,
U03703,2,1,1,0.6570017833087308,0.391004930972226,
U03704,3,1,2,0.5417323939946658,0.3243015068105591,
U03705,0,1,1,0.6772169344532447,,
U03706,0,1,0,0.491147873265412,,
U03707,1,2,1,0.6269286513197677,,
U03708,2,4,0,0.6505965655422414,,
U03709,2,4,0,0.5249350507937448,,
U03710,4,4,1,0.39963013575446416,,
U03711,2,3,1,0.42383585693646597,,
U03712,1,3,0,0.6705282680767722,0.4212658766117189,
U03713,1,2,1,0.528979921688868,0.3407107013835612,0.4398018934396206
U03714,1,2,1,0.7656610686794201,0.5356843109363363,0.5520319738338979
U03715,4,4,1,0.717264585149532,0.4745525627673482,
U03716,2,4,1,0.7842765579637263,0.5365662571096774,
U03717,2,0,0,0.8466892299460833,,
U03718,2,0,1,0.44724375537223526,,
U03719,1,4,1,0.6674635464212034,,
U03720,2,4,0,0.462426534700067,0.36728710866827646,
U03721,2,3,0,0.6983017760863819,0.5225819614694609,0.5609280844552603
U03722,3,2,1,0.5552129454948648,0.3306318174817185,
U03723,0,4,0,0.6323950998400749,0.39344652103153704,
U03724,2,2,1,0.7914881978039829,0.425809038548556,0.6457462797661856
U03725,2,1,1,0.42729706870362943,0.3591271785033066,
U03726,0,1,2,0.5522415012550604,0.27525199896170577,
U03727,2,4,2,0.6059379134804761,0.2858410113292813,
U03728,2,4,1,0.7339141637678177,0.4916880162056501,0.5936954352057165
U03729,2,1,1,0.48942751244979393,,
U03730,1,2,1,0.6365936785865959,,
U03731,2,4,1,0.7805787112354999,0.5027349821588479,0.5620737098234071
U03732,4,0,1,0.4604346061220591,,
U03733,1,1,1,0.5322162558533726,0.38304238436282256,
U03734,1,1,2,0.8139616691661561,,0.7035770718429493
U03735,2,2,0,0.7089657459045666,0.44803364359618797,0.4698031475685505
U03736,1,0,1,0.5008164005468225,,
U03737,1,3,0,0.791036408676346,0.47159993577437354,0.5418353940256974
U03738,3,3,1,0.6365954169570757,,
U03739,3,4,1,0.6042352012760202,,
U03740,1,1,1,0.46707406753889796,0.35361891594590633,
U03741,0,2,0,0.7307658721851845,0.3730738222082447,
U03742,3,3,1,0.41746552447817936,0.34405657768220166,
U03743,3,0,0,0.5373809113936746,0.39342612829619417,0.48104683087975025
U03744,2,2,0,0.8592173428255503,0.4598824945220014,0.6540782501609653
U03745,2,2,1,0.658058345117706,0.48940496130188105,
U03746,2,4,1,0.4659095193302443,0.2543983950395225,
U03747,1,0,0,0.6705496824367578,0.42996045992316106,0.47118493001086054
U03748,1,2,2,0.7178256295798726,0.4758923190043806,
U03749,1,0,0,0.5742760508708364,0.4165299445713995,
U03750,0,1,1,0.6649419940918307,0.4421171510446651,0.5342876774652461
U03751,0,4,0,0.5249855416514194,0.34424265546939165,0.460538429336911
U03752,0,1,1,0.6369357580755809,0.4418057466373033,0.5354754196745973
U03753,2,1,2,0.7238864187241141,0.44261488829186474,
U03754,1,3,0,0.7811411607408549,0.44002529412311336,
U03755,2,1,0,0.7943323985067554,0.538135116742385,0.6662018557255202
U03756,2,1,1,0.6038404482339521,0.45787938209301304,0.5001341468182402
U03757,2,4,0,0.6915933132000631,,
U03758,2,0,1,0.63392826038862,,
U03759,1,4,1,0.5908712237699361,,
U03760,3,1,1,0.48558800731555285,0.2979140664867272,0.4215805187345621
U03761,2,1,2,0.5607794239776347,0.3585484305477893,
U03762,1,1,0,0.7707529578551993,,
U03763,1,4,1,0.6479100811229251,,
U03764,2,1,0,0.7126680252927393,0.3951413074585149,0.4936017304835229
U03765,1,3,1,0.5976068136238634,,
U03766,2,4,1,0.5809207014664288,,
U03767,1,1,1,0.6255222802991363,,
U03768,1,2,0,0.540810844844932,0.2732718220735506,0.5145545783312555
U03769,2,4,1,0.4508207403913532,0.32204873685600693,
U03770,2,0,1,0.7288817814521774,0.556688797964445,0.5816670745757031
U03771,1,1,0,0.5314509417190354,,
U03772,0,0,1,0.5323791521615625,,
U03773,2,2,0,0.7621982691945164,,
U03774,1,3,1,0.4721060259258052,,
U03775,1,1,0,0.8693245116089418,0.7133836299039353,0.5382867148835018
U03776,0,4,0,0.4925225062738286,0.27871118430270975,
U03777,3,4,0,0.5200884782610671,0.2507539939652866,
U03778,1,3,1,0.6991810190360862,,
U03779,1,3,0,0.4633899791708029,0.40106894894115447,
U03780,0,1,1,0.6124898526860472,,
U03781,2,1,0,0.5469104110277596,0.33212761709631633,0.4088615543019949
U03782,2,4,1,0.5513565402452609,,
U03783,2,1,1,0.6801014051333402,0.3670891562645153,0.4517342941667268
U03784,3,4,0,0.59971121848082,,
U03785,3,1,0,0.5514241597306887,,
U03786,2,0,1,0.666948955123646,0.47699240978292845,0.5257768421382012
U03787,1,3,2,0.5728511087102839,0.3699812200556595,
U03788,1,3,2,0.460203435775158,,
U03789,2,4,0,0.4872909891472943,0.32979352093751657,0.43389128298330504
U03790,4,0,1,0.6767206212596757,0.2911878838589683,
U03791,2,2,0,0.518772683455029,0.35563427834973177,
U03792,2,1,1,0.7810204483706931,,
U03793,1,0,1,0.5250429686093572,,
U03794,1,4,2,0.6952469817163692,0.4646048356724333,
U03795,2,1,2,0.5680982279957537,0.33678949773096534,
U03796,1,4,2,0.5958650100686848,,
U03797,1,1,1,0.44282778509155085,0.4219375315326238,
U03798,2,0,1,0.5441328080832851,0.3174625671130612,0.4547877140192152
U03799,2,1,1,0.5075120783365962,0.3634974262572553,
U03800,1,4,1,0.6544702515629938,0.4251739898831093,0.43584193800363014
U03801,2,1,1,0.6432441088985835,0.402795990333135,0.4653491195175095
U03802,0,2,1,0.7381017283510418,0.5545850068900314,0.5871494805954693
U03803,3,4,0,0.45452598133474537,,
U03804,4,0,0,0.6614591340554471,0.33094197193448804,
U03805,2,0,0,0.6819444347871791,0.4013530302206405,
U03806,4,4,0,0.7019276887450399,0.3469928377839365,
U03807,1,1,1,0.5275543180347617,0.36190792704319436,0.4031480836905735
U03808,2,2,1,0.6775512917885121,,
U03809,2,1,0,0.7811792789743158,0.5098807134188116,
U03810,2,1,1,0.636194466279171,0.39983160380389765,
U03811,1,2,0,0.8652903812614933,0.6889076469984348,0.6390382144597901
U03812,1,1,1,0.5285331907722285,0.3558047162094621,
U03813,2,4,1,0.4187100387941926,0.3258972082002938,
U03814,1,4,0,0.8210614383010798,0.5457061034729745,
U03815,2,4,0,0.7075722425021593,0.4191529511545847,
U03816,1,2,2,0.684806989303181,0.5256189320320306,0.5462781522030595
U03817,2,0,1,0.7340720541457713,,
U03818,3,0,1,0.4784338790205674,0.28241833281618683,
U03819,3,2,0,0.47866472668826615,,
U03820,1,1,1,0.8129527574389012,0.6084736772546344,
U03821,2,4,1,0.6644973813019586,0.41262177639347286,0.4695427204624324
U03822,2,4,2,0.49338958075225114,0.4322852419670821,0.5355181754415793
U03823,3,4,0,0.4743184802291326,0.31998261879562817,
U03824,2,3,2,0.7983980511214541,0.4866462168783137,
U03825,2,2,1,0.43626049225357527,0.3851964561654171,
U03826,2,1,1,0.7921567630834927,0.5466260537460393,0.5639605283836714
U03827,1,1,0,0.7520187463323693,,
U03828,1,1,1,0.6418773086672416,0.4085025779962825,0.5096084638578313
U03829,3,1,0,0.7245187987562789,0.43945398759088744,
U03830,2,1,1,0.6153607951564066,0.438509718620045,
U03831,2,4,0,0.5016445429459334,0.36085935176542067,0.4414401094818534
U03832,3,2,0,0.56441540651832,,
U03833,3,2,1,0.5421241909901663,0.3207284627677526,0.3988983549066029
U03834,2,1,1,0.6436800466549824,0.43588627173710787,0.6020713839130122
U03835,1,4,0,0.6891992692554006,0.416760342345489,
U03836,2,4,0,0.4715705160049954,,
U03837,0,2,1,0.6377691611393593,0.4529102649100708,
U03838,2,2,0,0.7314818657362134,0.382271452901844,0.5047905094610092
U03839,0,3,1,0.6381921104552869,,
U03840,1,4,1,0.5947290847089167,,
U03841,1,0,1,0.6135573426964218,,
U03842,2,1,2,0.6393174951477341,0.48867934960560494,0.5437557333217873
U03843,1,0,1,0.6503033024080697,0.4160954162173232,0.43647937048155827
U03844,1,1,1,0.7652457639610131,0.528729952606821,0.5342682484389959
U03845,2,4,0,0.7547382930671926,,
U03846,1,0,1,0.5433416736235539,0.33791841140162876,
U03847,4,1,1,0.4636992767398572,,
U03848,1,1,1,0.5180907106836556,0.2888138952005838,0.4303901073362905
U03849,1,1,0,0.8462875459296151,0.6982516109884283,0.6687541032785139
U03850,2,1,0,0.8508224156259118,,
U03851,1,1,0,0.7164142514206854,0.3901980418117331,0.6397262609166152
U03852,2,1,0,0.7411689275197935,,
U03853,1,1,0,0.6934940143077495,,
U03854,0,1,0,0.6532120148190169,,
U03855,1,3,1,0.689316275065791,0.4492137233391636,
U03856,2,4,1,0.452348065927788,,
U03857,2,1,0,0.744856698765125,0.5017209771249895,
U03858,1,4,2,0.6664185358458101,0.38499036606664166,0.5490396374326193
U03859,1,2,1,0.46168440815830164,0.32722552654404136,
U03860,3,0,1,0.5012353750932204,0.28079994445424156,
U03861,3,1,1,0.6188830074288407,0.4181023628444722,0.5306903284422207
U03862,1,0,1,0.6161688995923321,0.3738586847975797,0.3970700815453257
U03863,2,2,1,0.6918659769750222,,
U03864,2,2,1,0.5105070509895305,,
U03865,2,0,1,0.5276433101331884,,
U03866,2,2,0,0.6782586805876167,0.49113699764250174,0.5470293098184447
U03867,1,2,1,0.49128529983025915,0.35370617595996534,
U03868,1,0,0,0.7840706923242952,0.4535863904804888,
U03869,1,4,0,0.7106485925661342,,
U03870,2,0,2,0.4929719447030029,,
U03871,2,2,0,0.8301114165036442,,
U03872,2,1,1,0.6273425701863504,,
U03873,2,3,2,0.4446412117729435,0.3807702499833629,
U03874,3,1,0,0.6139431112490183,0.4335824592367544,
U03875,2,4,1,0.5481429232874135,0.3174871844996716,
U03876,1,2,1,0.7145452117084643,0.4969228126901995,0.6120030713535584
U03877,2,1,1,0.6922183707716515,,
U03878,0,4,1,0.40805481271578375,,
U03879,1,1,1,0.6406250250779174,0.4038690341217102,
U03880,2,4,2,0.6091926699098208,,0.5787784511458358
U03881,1,1,1,0.7167420909267297,0.38259743186306794,0.45325034696184485
U03882,1,4,0,0.6919925489454879,0.4826564730276667,
U03883,4,4,0,0.6495687822255017,0.2761444234226832,0.6167010325947425
U03884,2,3,0,0.5230914842033052,0.3142339668091921,
U03885,0,3,0,0.6368343978191636,,
U03886,0,1,2,0.6966669348072669,0.3074208810573327,
U03887,0,2,1,0.4625992507953441,0.31875611263841386,
U03888,1,1,2,0.6419627269132966,,
U03889,1,1,0,0.5228771274335634,0.40341097610314786,
U03890,1,1,1,0.45212537949472276,,
U03891,3,3,0,0.5355213174173981,,
U03892,1,3,0,0.6242464390291265,0.49411559379652176,
U03893,1,1,2,0.6842401950229895,0.4239193856764149,0.5476018794629194
U03894,1,1,1,0.5507194546791735,0.3837839654328832,0.436924249857791
U03895,1,1,0,0.8231665632425821,0.5599334876770529,0.6224399283670468
U03896,3,4,1,0.5016840629560624,0.28570135867315855,0.4444059154457953
U03897,2,0,1,0.6825080812497414,0.4634864670772418,
U03898,3,1,1,0.6197944221020574,,
U03899,1,2,1,0.46048584694624284,0.3573307122092404,0.3747948161156045
U03900,3,4,0,0.7063921758173372,0.3902707405379005,
U03901,1,3,1,0.5071339411444888,,
U03902,2,0,1,0.6870958472274072,,
U03903,0,4,1,0.5944478652582502,,
U03904,2,2,1,0.6649629495123784,,0.5339285361772755
U03905,3,2,1,0.7613244972614496,0.5585363878723475,
U03906,1,1,1,0.47889902239197074,,
U03907,1,4,0,0.6869718582393344,0.4742438692041429,0.6270224001385749
U03908,2,3,1,0.5256582917733298,,
U03909,1,1,1,0.6031049081330399,0.21804164539237408,
U03910,2,1,1,0.47365939699144777,0.3622760206201034,
U03911,2,4,0,0.7335073328017894,,
U03912,2,2,1,0.8878521377886116,0.8066590235696965,
U03913,2,2,0,0.6649423372396182,0.36612501358801125,
U03914,4,3,0,0.49086080987027586,,
U03915,4,4,0,0.6883962195514742,0.23461100265062199,0.7604522083011032
U03916,2,1,1,0.6155872534352157,0.4726827747004095,
U03917,1,0,0,0.6297632223040828,0.4232169573755192,0.5496256121838297
U03918,2,2,0,0.6626065706560564,,0.5477152833095995
U03919,1,1,1,0.7969732683012859,0.48026178158672217,
U03920,3,1,0,0.6972894052686494,0.38864994866227665,
U03921,0,1,2,0.5593744727418117,0.3687295469417355,
U03922,1,0,0,0.534022429683524,0.3339274183973903,0.43414002303533294
U03923,3,2,0,0.8141600459138104,0.49279693919355744,
U03924,2,0,0,0.49130112726992936,,
U03925,4,3,0,0.7835553053718954,0.343645146252048,0.6901556240277359
U03926,2,1,0,0.5848201612547136,0.29041425556096223,0.5230414255382118
U03927,1,3,0,0.6702783872431265,0.35930832211874475,
U03928,1,2,0,0.7844037729065954,,
U03929,1,4,1,0.5070373723847819,,
U03930,2,3,1,0.4709528465501332,0.34395524581830006,0.44080071807280347
U03931,0,1,0,0.7500035592700998,0.48217118500226086,0.6575053588823819
U03932,2,2,1,0.6664408718303666,0.45290959250669727,
U03933,1,2,0,0.598360945812257,,
U03934,2,2,2,0.818425778513573,0.6136500735910614,
U03935,2,0,0,0.8459838489437743,0.6084107174538291,
U03936,1,1,2,0.5250163702856151,,
U03937,1,4,0,0.7203566816491411,0.37935289154867047,
U03938,2,4,1,0.6151406745747916,0.39192106352963935,0.5251598028842424
U03939,2,2,0,0.5396943271160172,0.3211292255179233,
U03940,1,2,1,0.7167730750141,,
U03941,3,3,1,0.641770130346843,,
U03942,0,1,1,0.5160032870059746,0.2802159362905089,
U03943,2,2,1,0.5614817655630953,0.3964923749729729,
U03944,2,3,1,0.4448456351435708,,
U03945,2,2,1,0.6492611932684804,0.4072138106610857,
U03946,2,1,0,0.7472011675518492,0.41232290265822824,
U03947,1,1,0,0.7734671823751397,0.4547285220758131,
U03948,1,1,1,0.4307366864784587,0.3635280818580063,0.37915138380143704
U03949,2,0,1,0.5102808813688892,0.35168793720353286,
U03950,2,0,0,0.7902894754477273,0.5040263454164119,0.6365593703171266
U03951,2,3,0,0.6585175544502019,,0.5400345639865722
U03952,3,4,2,0.6546543167150315,0.3641296817338243,
U03953,4,4,1,0.5665169195826721,,
U03954,2,0,0,0.7636449513523319,0.41145853085702666,0.5155550826604745
U03955,2,2,1,0.47932443634400773,0.3345180073042676,0.36854424271638375
U03956,0,3,0,0.7412575069979618,0.4768858173126629,
U03957,0,2,1,0.6110517345432052,0.4278217101111816,
U03958,1,4,1,0.4344289924196384,,
U03959,2,0,1,0.7500812559523528,0.5475563896455194,0.5614511451263104
U03960,2,2,1,0.4599291250380625,0.3639303127966542,0.4412324674921188
U03961,1,4,1,0.48808840436276746,0.36900824138476346,0.4039711233975154
U03962,2,1,0,0.5927021262394507,0.39476340255363884,
U03963,2,1,0,0.5175997128098916,0.36743605932653617,
U03964,1,1,0,0.8055374514120179,0.5314093760364598,0.6716982821889933
U03965,2,2,1,0.6459344329138154,0.47126508388191063,
U03966,3,1,1,0.6258259111361862,0.3713247931423126,
U03967,2,1,2,0.5641562710701696,0.36873585231005784,
U03968,2,1,0,0.5194992151905163,,
U03969,1,0,1,0.4820470222546182,0.3403879917464257,
U03970,2,4,1,0.5280858737212323,,
U03971,4,0,0,0.5711168105263222,0.2511302891100226,
U03972,1,1,1,0.6439973212220268,0.3681938286541173,0.44111993761727597
U03973,2,1,1,0.4684795372357241,,
U03974,1,4,0,0.6524661131869967,,
U03975,2,4,0,0.7425676245858385,0.46099797944990245,
U03976,0,1,0,0.5783072955920873,,
U03977,2,1,1,0.5017290234668974,,
U03978,1,2,1,0.627528090105144,0.4223486758785507,
U03979,2,0,2,0.5619710513367078,0.3706684030762526,
U03980,1,1,0,0.7600441076657943,0.44592689767152677,0.5727924424949338
U03981,3,1,1,0.6618124952056345,0.40184389488685884,0.5406716895298707
U03982,3,3,1,0.505974911497659,0.277256948536178,
U03983,2,0,1,0.4943332869921315,,
U03984,2,4,1,0.6053381380274501,,
U03985,3,2,0,0.6086685311416188,,
U03986,0,2,2,0.5281061365409402,0.30398796557907026,
U03987,2,2,1,0.6294689671422099,0.4551075053934971,
U03988,1,4,1,0.40548440134844926,0.34544026680502476,0.40387566233104594
U03989,2,4,0,0.6210180059918907,0.44140872500381034,
U03990,0,1,1,0.7035016868986155,0.38948898147333644,0.45734501312566206
U03991,2,3,2,0.868160937844339,0.540482323574115,0.6819323849100424
U03992,2,0,0,0.8046675151939454,0.5809401180341028,
U03993,3,1,2,0.5484017899890905,,
U03994,2,3,1,0.4633194813715152,0.3150708835415585,
U03995,1,3,1,0.5046207310805374,0.38614508517519014,
U03996,1,3,1,0.6077841306719248,,
U03997,2,2,1,0.5288455348654407,0.39386044192695097,
U03998,2,3,1,0.5019165126298872,0.3618983757216087,0.38227964272890136
U03999,1,1,2,0.7149628474005114,0.4727396208700073,0.46376222006505813
U04000,2,2,0,0.827909850339095,0.5113281422207561,
U04001,1,2,0,0.7254959744073107,0.44696420107708684,
U04002,3,1,1,0.5464776997096313,0.35321489888836927,0.40988958699620615
U04003,3,1,0,0.5490902611276051,,
U04004,2,3,0,0.5381607105454401,,
U04005,2,1,1,0.5506104952336406,,
U04006,2,2,2,0.5814486525523214,0.42809910475687907,
U04007,2,1,1,0.6535792284187895,0.4781703560473168,0.5735139105509002
U04008,1,1,1,0.677789922724986,,
U04009,1,4,1,0.4983168579877574,,
U04010,2,1,0,0.7058242076017722,0.49674341663886645,0.5067163050676761
U04011,2,0,0,0.7074666116175984,,
U04012,2,0,1,0.6762260053002397,0.4360814102336032,
U04013,1,1,1,0.5153553078612882,0.3090405819195878,
U04014,2,1,1,0.4592063188667845,,
U04015,1,4,1,0.6330379030565618,0.44142041681851374,
U04016,2,1,1,0.8061410107263542,0.5164838490575588,
U04017,0,2,1,0.7820473170142812,,
U04018,0,4,1,0.73075755237942,0.3875730667725742,0.6564051374327783
U04019,2,1,0,0.5477909868065349,0.32369449762827873,
U04020,2,4,1,0.7328019596495098,,
U04021,1,1,0,0.5772070492808186,,
U04022,2,1,1,0.6992945027959686,0.49130326589041357,
U04023,1,1,1,0.46106434110283673,0.33709876244511044,0.41039384223607206
U04024,3,2,1,0.7043705586704304,,
U04025,1,3,1,0.5412043275148349,0.33017000194902973,
U04026,3,2,1,0.5470729794727395,0.193868142163632,
U04027,2,4,0,0.5923696970384363,0.33002167872472055,
U04028,2,1,2,0.5280601837280177,0.3205664491298311,
U04029,1,4,1,0.5056728107319339,0.3464208226980639,
U04030,2,2,1,0.5007731478399773,0.2658276764796424,
U04031,1,3,2,0.6179852410357515,0.3380297069477598,0.49135214039044245
U04032,2,1,1,0.6568602026632896,,
U04033,2,1,0,0.5370524200539707,0.38023451574423484,
U04034,4,0,2,0.6252535147313523,0.3271390025773308,0.6771062335940831
U04035,2,2,2,0.6085616082502783,,
U04036,4,2,1,0.6156080152076705,0.3728467768589643,
U04037,4,0,1,0.49392432992277996,,
U04038,3,3,1,0.7706035448213976,0.4308624039695953,
U04039,1,4,0,0.48904879680685104,0.36776688273125746,
U04040,1,3,2,0.5237149464071231,0.3678973192537756,
U04041,0,3,0,0.8281836927473342,,
U04042,2,2,0,0.7310947820188723,0.4175269296681407,
U04043,1,4,0,0.5973263440015397,,0.5850099003535749
U04044,1,1,0,0.6141478041010824,,
U04045,1,4,0,0.711997305166548,0.3652188519218242,0.6958436351021448
U04046,1,4,0,0.6696806595239863,,
U04047,2,2,1,0.7683304971997041,0.4826030695642737,
U04048,1,1,1,0.795091612159016,0.4838040995811058,
U04049,0,1,0,0.7555148818089474,0.38759059528586304,0.6683902229792056
U04050,2,2,1,0.48786250843298196,0.2928482802615682,
U04051,0,1,1,0.7739366199960914,0.5595755242221098,0.6037959215416865
U04052,1,4,0,0.5201412729387902,0.37444918438653313,0.5393541976362897
U04053,3,4,0,0.47083073978823364,,
U04054,1,0,2,0.7737463163934442,0.42860555473763523,
U04055,3,1,1,0.6956251317566348,0.3998500002451259,
U04056,2,2,0,0.7500830064139987,0.46740850870515066,0.5700698734360459
U04057,3,4,1,0.627456488678026,,
U04058,2,3,2,0.8036557926026101,0.6446752751679578,0.6100918106511742
U04059,0,4,1,0.447704724385971,,
U04060,4,1,0,0.8095842533813177,,
U04061,2,1,0,0.668451481874742,,
U04062,2,1,1,0.4840792678330703,0.3534667032809025,
U04063,3,4,2,0.6219189650582522,0.23304222395164523,0.7775873007299243
U04064,2,1,0,0.7750329065095735,0.4944040576913926,
U04065,0,4,1,0.5697874789974477,,
U04066,2,0,1,0.620104346017155,0.40557385773425153,0.40953559413590584
U04067,2,1,1,0.6295538350807411,0.4571311123673208,0.5814542218296037
U04068,4,1,1,0.6342406517910375,,
U04069,1,2,0,0.6929517000526217,0.40924833977982444,
U04070,3,3,2,0.7138482751975214,0.4378046057951777,
U04071,2,1,1,0.7202496232592217,0.44066847457161723,
U04072,1,1,1,0.4989839076305196,0.3028816029827509,
U04073,1,3,1,0.6888937389657157,0.4587878900732882,
U04074,1,1,1,0.5984389150020513,0.4373113708660874,
U04075,1,3,1,0.43885461134992004,0.37905920007463123,
U04076,1,1,1,0.4689217012915729,,
U04077,1,2,1,0.6367936685902957,,
U04078,2,4,0,0.8139824569268713,0.5214274377361442,0.6300485542372821
U04079,3,3,0,0.5367933801653941,0.23705530358467186,
U04080,2,4,1,0.43952783116348126,0.371423395368012,
U04081,1,0,0,0.8411229505164,0.589918851514156,0.551585193359185
U04082,2,1,0,0.6836219723116781,,
U04083,1,1,0,0.7117435902778873,0.44825660173684306,0.5105373694782045
U04084,1,2,1,0.7055055191300995,0.45237020507417813,
U04085,2,4,0,0.9232587760555029,0.7767690900625698,0.6998589232702146
U04086,2,3,0,0.558605711130374,,
U04087,2,4,1,0.7041058452733746,0.466389018615242,0.46875808600562996
U04088,1,2,1,0.79098291793675,,
U04089,3,4,2,0.8314146008353954,0.45343664646354437,0.6981565490434719
U04090,2,3,0,0.8039189368618048,0.5085817386044019,0.6005418347476961
U04091,1,3,2,0.5351813043277637,,
U04092,2,4,0,0.5813644657118774,,
U04093,1,2,0,0.5321627296349725,,
U04094,0,2,1,0.5363386712228505,,
U04095,2,1,1,0.8350748412226426,0.5214421140322048,
U04096,1,0,2,0.6050504211055286,0.3406770265220168,0.4386113180414958
U04097,2,1,1,0.7968652235666911,,
U04098,2,2,1,0.6388172256881606,,0.5006246195873177
U04099,2,1,0,0.6758551008249317,,
U04100,2,1,0,0.7225424658762017,0.47150808059094373,
U04101,1,4,1,0.4817133135287254,,
U04102,1,0,1,0.6881812191163919,0.44314196731890326,0.46187216711404977
U04103,1,2,1,0.5423162896407532,0.3764334457356381,0.3652891326238047
U04104,2,3,1,0.5450092114207185,0.24694592613581048,0.731116068365661
U04105,2,4,0,0.5097257210495479,,
U04106,1,1,1,0.7908373750845026,,
U04107,4,2,0,0.7117093954308178,0.30805958869832134,
U04108,2,0,0,0.5549354057116997,,
U04109,0,4,0,0.7928471779998786,0.4925674996309508,0.667531308158286
U04110,1,4,1,0.6117262984422519,0.48095052825011275,
U04111,1,4,1,0.6478754684710116,,
U04112,1,4,1,0.6354305352504727,0.3916640438659746,0.5656025688776459
U04113,2,2,1,0.5133921104225366,0.3305947854435021,
U04114,2,4,0,0.7091317629536693,,
U04115,1,2,1,0.6230056055429787,0.3700212625700954,
U04116,2,4,0,0.7946924229800314,,
U04117,0,1,1,0.477689382481848,,
U04118,1,2,1,0.4544540238931054,,
U04119,2,0,2,0.49921156709442965,0.3424041105528379,
U04120,1,1,0,0.7579383335431996,,
U04121,2,0,1,0.48245186818377306,,
U04122,1,4,1,0.6486342636152033,0.4528828549161013,
U04123,1,2,1,0.4806472140116915,,
U04124,0,4,0,0.6627304067483498,,0.6348471486922013
U04125,3,2,1,0.7817591923127272,0.5426130304748495,
U04126,1,1,0,0.79930345993675,0.41773184124867385,
U04127,1,4,0,0.6224512704754785,0.4465518164892074,0.5627680380113963
U04128,0,3,2,0.6796303137840499,,
U04129,2,2,1,0.7562934373874077,0.5130113563908635,0.5972615385202016
U04130,2,1,1,0.8029296910836541,0.6160094068163665,
U04131,2,1,0,0.5300472388244913,0.18144743627815418,0.7748483248255372
U04132,2,4,1,0.3914047302889144,,
U04133,1,0,1,0.4589150313718561,0.37335644644347193,
U04134,1,2,1,0.5083373041694147,,
U04135,1,2,1,0.6352510548306529,,
U04136,2,4,1,0.4160337710645479,0.2939955947182914,0.46712755766282027
U04137,1,2,1,0.48242470900902296,0.45186548408245475,0.4617761136054626
U04138,2,4,2,0.48248186374887053,0.3307997034060939,0.47775834641951503
U04139,1,1,0,0.7012917272974571,,
U04140,1,0,1,0.48146438631946,0.32977825759926244,0.39842487515568453
U04141,2,3,1,0.5291303968690061,,
U04142,2,2,0,0.693348199070247,,0.5482466964112357
U04143,2,0,0,0.47114478908168506,0.3838132512784022,
U04144,3,0,1,0.48126183445272236,,
U04145,0,3,0,0.5233493265162174,0.29524630502625704,0.4973467526937073
U04146,1,4,0,0.5790806359408812,0.39881366495818377,
U04147,2,4,1,0.5822353107068519,0.44073427994818865,0.5181649365209977
U04148,1,3,2,0.554010739902282,0.3718207512759907,0.44523722769485247
U04149,1,2,0,0.6785026552524722,0.36638880025411036,
U04150,3,4,0,0.515345825471143,0.35740698551859196,
U04151,2,4,1,0.5497051032451165,,
U04152,2,4,0,0.4857912115220757,0.34929921571992756,0.45452377717983167
U04153,1,1,0,0.5608671049860585,,
U04154,2,3,1,0.7901651614207003,0.5596293167799928,0.5748208310291586
U04155,2,4,0,0.47907179461772903,0.32699259856641244,
U04156,2,2,1,0.4919584839587289,,
U04157,1,1,1,0.5345720413312705,,
U04158,0,4,1,0.610058028425505,0.4670582354106097,0.5242255215596358
U04159,4,1,0,0.5787850486661544,,
U04160,1,2,2,0.4912752492429894,0.3664447987254573,0.460380431896968
U04161,1,0,1,0.7651502769793611,0.518137073333712,
U04162,2,0,0,0.8115450837500685,0.5424033580747222,0.6130094725231261
U04163,1,1,1,0.5896908050739695,0.3941704263490062,
U04164,2,1,2,0.5382055465416516,0.35181578545944237,
U04165,1,1,0,0.6100654048731382,0.48880640108360757,0.5176902739469654
U04166,2,1,0,0.608498031194658,0.315955898509447,
U04167,2,0,0,0.7108162707533774,0.4543624112602681,0.4993085746560091
U04168,2,0,1,0.7245549294900103,0.44225794447833616,
U04169,2,0,1,0.6100841811704368,,
U04170,2,4,2,0.9409367822361119,0.8443951583679843,
U04171,2,1,1,0.7665644469154179,0.5377681171265395,
U04172,4,1,0,0.91772477362278,0.5490670355277009,
U04173,1,1,2,0.8169832473981057,0.559031718997355,0.6408843484575519
U04174,1,2,1,0.7742794796087471,,
U04175,0,0,0,0.6461588407536907,,
U04176,4,1,2,0.5356020869806032,0.2126533457051797,
U04177,1,1,0,0.6546039032876605,0.3799875367955524,
U04178,3,2,1,0.5156725215297446,0.28089598461420046,0.41893212197687696
U04179,2,2,1,0.6939356315858589,,
U04180,2,0,1,0.4882034132318343,0.44414002647345435,
U04181,1,4,0,0.5775919600842572,0.3462476866293566,
U04182,1,1,0,0.6294911025695188,0.30927026723697343,
U04183,1,3,0,0.5430681752683738,0.4403057030598601,0.5029265986439125
U04184,2,2,1,0.6657643874808742,0.39148109227164557,
U04185,2,4,1,0.4298314245107454,,
U04186,1,2,0,0.5567089432497497,,
U04187,2,2,0,0.5904200375633967,,
U04188,1,1,2,0.8063479615984068,,
U04189,1,4,0,0.7252334740619999,0.45272130311786957,
U04190,1,1,0,0.5494368405685272,,
U04191,3,1,0,0.6794711128506161,0.43436075898733706,0.583109299495092
U04192,0,2,0,0.6806352582947338,0.3850156562158372,
U04193,1,1,1,0.6797596981307312,0.41862868470076225,0.4345981432804932
U04194,1,2,2,0.7084785864620525,0.40593829309446616,
U04195,1,3,0,0.8189050574337283,0.366559063385657,
U04196,2,1,1,0.6417580896836194,,
U04197,2,4,1,0.6101397851677984,0.40553587664114316,
U04198,2,2,1,0.6322960111387734,0.3022025341860026,0.6134419126736383
U04199,1,2,1,0.8869858141854674,,
U04200,1,2,1,0.6393331634807826,,
U04201,3,4,1,0.5755557624849584,,
U04202,2,4,1,0.43562988021479293,,
U04203,2,0,1,0.4942495212210528,,
U04204,4,3,0,0.6500792739236224,0.2864155107284301,
U04205,2,4,1,0.44259377622956586,,
U04206,1,3,0,0.7651136040896392,0.47898357568692085,0.6105417002190906
U04207,1,1,1,0.4409418901646174,0.4101555982581805,0.42509256117597183
U04208,1,3,1,0.4689447962725632,0.3308266545978803,
U04209,2,0,1,0.6430504284054447,0.42166197856866233,
U04210,2,4,0,0.6455303423128612,0.41533162305968124,
U04211,2,0,0,0.714092273907466,0.46698142488977357,
U04212,1,1,1,0.512496779727271,0.35832154285429374,
U04213,1,1,0,0.7325188751578798,0.25020388691806217,
U04214,2,1,1,0.5047046247258242,0.3526476513540277,0.3914873521886216
U04215,1,1,2,0.4122404773932226,,
U04216,3,4,2,0.6670493895863139,0.4451433631450363,
U04217,2,2,0,0.6638792211733533,0.36947230134565584,0.550885708524237
U04218,1,0,0,0.7329405949412248,0.4337581263259229,0.5127573968240425
U04219,1,1,0,0.9795089099659205,0.937705735372701,0.7564006168174117
U04220,2,2,0,0.5241921373889827,0.3159165443589291,
U04221,2,0,0,0.9982235120429858,0.9938300224821875,0.8607442721929927
U04222,1,3,2,0.6353145195445101,0.4551716031884468,
U04223,0,0,0,0.5166210046197988,0.2966277576148467,
U04224,3,1,0,0.7313420519818287,0.5260794462394799,
U04225,1,4,0,0.6313808427975043,,
U04226,1,0,0,0.5059056498567397,0.4409656606600937,0.5190848481284349
U04227,2,1,0,0.8141166194516658,0.5019821718577776,
U04228,1,1,1,0.788349943358152,0.48194656887377435,
U04229,1,1,1,0.7133716327558172,0.45741933666427664,
U04230,2,1,1,0.6628513099030702,0.46264836890608585,
U04231,1,4,1,0.4123114240393322,,
U04232,1,4,1,0.46122313770510853,0.3247683528461712,
U04233,2,1,2,0.6677530321677064,0.4491932380950622,0.5866469932618689
U04234,0,0,0,0.7307153966910648,0.526318911191857,
U04235,2,0,0,0.5550535493692892,,
U04236,2,1,1,0.8102824709781123,0.4973590648020898,0.5776391863411616
U04237,2,1,0,0.6058790236601582,,
U04238,3,1,0,0.7490873144096123,0.3867877906851116,0.554451562104446
U04239,1,4,0,0.6550940103408908,0.42198250088279454,0.5186019686632338
U04240,2,1,1,0.4919999891109441,,
U04241,1,4,1,0.4126933333315297,,
U04242,2,0,0,0.6397432215594498,,
U04243,3,4,0,0.7653516632361113,,
U04244,1,1,2,0.5335550184022769,0.33622832222998156,
U04245,1,4,0,0.7904755431604945,0.6074862630831976,0.6074437981956023
U04246,0,0,2,0.7116694376087715,0.3735794252189057,0.5508368980979783
U04247,2,2,0,0.7275107917221926,0.5293049633108761,
U04248,2,2,2,0.6469076639910819,0.4607255680599503,0.5658292812124422
U04249,1,0,0,0.5928826897082166,0.4606184975108932,
U04250,4,4,1,0.5773785157844038,0.34804741591309796,
U04251,2,4,1,0.3850357101402409,,
U04252,2,2,1,0.5396901441276228,,
U04253,2,1,1,0.45065008387517475,0.336972444011103,
U04254,1,3,1,0.7009527909984331,0.4245321110856493,
U04255,2,0,1,0.6834102088350458,0.37268055127992206,0.49740553635089657
U04256,1,0,0,0.7141033086727426,0.28874126592167093,0.6315176584436756
U04257,4,1,1,0.7395453871350682,0.46266112374495455,
U04258,1,0,1,0.5242879622228533,,
U04259,2,4,0,0.49734092549762143,,
U04260,1,1,0,0.7890253019001131,0.5415482722675895,0.6344406817598538
U04261,2,1,2,0.6734942589136635,0.3596103734136239,
U04262,0,2,0,0.6555543662037824,0.39968061685864764,
U04263,1,4,1,0.45459153785987777,0.3705524465975787,
U04264,2,4,1,0.5935545410839632,0.41558848936635834,
U04265,1,1,1,0.5263971348534823,0.32701563007037865,
U04266,1,2,1,0.4898773455220702,0.32193896509661457,0.3801248399419162
U04267,1,2,1,0.4882988882823678,,
U04268,2,0,2,0.8138454529472429,0.48864873176453694,0.6007101891915132
U04269,3,4,1,0.4264061943742063,0.26401639304549873,
U04270,0,4,1,0.6466192535267553,,
U04271,1,0,1,0.6622203665352682,0.554273977102964,
U04272,4,1,0,0.5237068341826165,0.2976476530538742,0.561062070095613
U04273,2,3,1,0.6337355816142788,,
U04274,1,0,1,0.44148976569575277,0.3686685236432994,
U04275,1,4,1,0.4133254663018255,,
U04276,1,4,1,0.48180412023772184,,
U04277,1,2,1,0.7511224651515378,0.5003279375153964,0.5703915023411523
U04278,2,1,1,0.5061847841931699,0.32572682463908925,
U04279,2,1,1,0.5507640834355113,0.3477435733326027,
U04280,2,0,0,0.8738208730467023,0.5270149336896819,0.7652465081067886
U04281,2,4,0,0.8333308442258164,0.613002406297808,0.6493050598994642
U04282,1,2,0,0.6449094541056274,0.3426573969823965,0.45148791496112356
U04283,2,1,1,0.7598199627665694,0.5176687236371746,0.6722263165243194
U04284,2,2,1,0.5454372601566925,0.32616381143934037,0.37467136873451506
U04285,1,1,1,0.5533143993153717,0.35625006095039574,
U04286,1,1,1,0.7283795277607265,0.4842647992661542,
U04287,0,2,1,0.743984162362933,0.515373920986479,
U04288,1,0,1,0.4364500089151401,,
U04289,2,4,0,0.5725282965114641,,
U04290,3,1,0,0.7448075040067257,0.427479839481755,0.5438092961374109
U04291,1,0,0,0.5812943149174387,,
U04292,2,4,1,0.5712041999218936,,
U04293,1,3,0,0.5858721422697469,0.3839356454321668,0.44863524144883266
U04294,0,3,1,0.7523388200519313,0.4544352670483386,
U04295,2,0,0,0.5788527783893435,,
U04296,2,4,1,0.7988709134483056,,
U04297,2,4,1,0.6074560253279667,0.3590416413871544,
U04298,2,0,0,0.6260763714000531,,
U04299,1,1,0,0.6943604657232924,0.43737562275158276,
U04300,1,4,1,0.6751107998135594,0.41030435743320504,
U04301,2,1,1,0.6278146453477759,,
U04302,0,1,1,0.4029920876560551,,
U04303,3,1,2,0.5317850624147804,0.30111248151894054,0.5153849283701706
U04304,1,4,0,0.555890083476474,,
U04305,3,2,2,0.48144015793196804,0.31397900211423013,0.5003649831027555
U04306,2,4,1,0.4826159394524613,,
U04307,1,4,0,0.5079780803295831,,
U04308,1,1,0,0.6109940470671924,,
U04309,3,0,1,0.7564681159880629,,
U04310,3,1,1,0.6987181126174309,0.4101589310735377,
U04311,2,0,0,0.5178980846375955,0.3505018508642652,
U04312,0,3,0,0.5076152301847969,,
U04313,2,1,0,0.5149737520445608,,
U04314,0,1,0,0.59684044658093,,
U04315,4,4,0,0.43592772936132684,0.27273531380564947,
U04316,2,3,0,0.5112569689169176,0.35880749738568746,0.43615683772754854
U04317,1,2,1,0.6597882641672546,0.42596107079468776,
U04318,2,2,1,0.4899567427942257,0.3177921243886373,
U04319,1,4,0,0.6433479520524318,,
U04320,1,3,2,0.8214820624692362,,
U04321,1,1,1,0.5171704053551343,,
U04322,0,1,1,0.5731859790025232,0.4405761165927783,0.45168317511176265
U04323,1,2,1,0.5260787874685453,,
U04324,1,3,1,0.8097294831152119,0.5269219221691048,0.568032675802877
U04325,3,1,1,0.47530592050484943,0.3292385051410642,0.39514035890185606
U04326,4,1,0,0.5405057017009334,0.23876610215141117,
U04327,2,1,1,0.8140342515990061,,
U04328,4,1,0,0.5142637992059824,0.24516085549872654,
U04329,2,1,0,0.5496408966705651,0.4067246938086833,0.49844172000567194
U04330,3,3,2,0.6720054942320719,0.36941097658300404,
U04331,2,0,1,0.48107915540337526,,
U04332,2,2,0,0.7168674905328245,0.41657384344911413,
U04333,1,2,1,0.51144720858546,,
U04334,1,4,1,0.5830495317944535,,
U04335,2,2,0,0.4925231535825333,,
U04336,2,0,0,0.8413601452635772,,
U04337,1,4,1,0.6173143734428401,0.48438452679445865,0.5040779045491323
U04338,0,0,2,0.6007189802198584,,
U04339,2,4,0,0.5094561211641404,0.3698957053976333,0.46159073931127437
U04340,2,2,0,0.5644892160033972,0.2940355709192459,0.5024911918499285
U04341,1,3,0,0.5019308395787158,,
U04342,2,4,1,0.5572776863954527,0.34889593688843856,0.42490298743102817
U04343,3,2,0,0.698455014188438,,0.5207064346212025
U04344,3,1,1,0.6734379559977236,,
U04345,1,2,0,0.603188410920326,,
U04346,2,4,1,0.4660477337186491,,
U04347,3,1,1,0.6350816443054201,0.4333975488422066,0.5427640655215707
U04348,1,4,0,0.686537773592255,0.45065358394597577,
U04349,3,0,1,0.45037326185511956,,
U04350,1,1,1,0.5091258737086608,0.39969661307538323,
U04351,3,3,1,0.42702668433499563,,
U04352,1,1,0,0.7306465442001816,0.3883811571582539,
U04353,1,3,1,0.8274110984657936,0.5179790846364213,0.6315298226119873
U04354,4,2,1,0.48997896684694586,0.23763375809074955,
U04355,1,4,1,0.48708969280330805,0.2699644359416115,
U04356,1,4,1,0.5173835315533076,,
U04357,2,2,1,0.452702280576889,,
U04358,1,0,0,0.5462260735439677,0.3521060810289798,0.425361913817939
U04359,1,0,1,0.7300875327595385,0.38858207009406215,
U04360,2,4,1,0.4304096313390814,,
U04361,2,4,1,0.6337859713316406,,
U04362,1,3,1,0.481586589117485,0.3499646309438593,0.4733642319429079
U04363,3,1,1,0.7851612072650426,,
U04364,1,4,0,0.5175432009290725,0.3201087050545014,
U04365,2,1,1,0.5536630048668932,,
U04366,1,2,1,0.7370358088974897,0.3914829253948078,0.5170843308980768
U04367,2,2,0,0.6176324231988841,0.37954105162253304,
U04368,1,1,1,0.6474131618541606,0.45942620307930565,
U04369,2,1,0,0.7234663173138849,,
U04370,2,1,1,0.5465979697552489,,
U04371,2,4,1,0.6535660205700698,,
U04372,2,4,0,0.7027867555531622,,
U04373,2,3,1,0.7823196625890645,0.473587496634895,
U04374,2,4,0,0.7916837654272947,0.5562754767350585,
U04375,1,1,0,0.5641444828238266,,
U04376,1,2,0,0.68072966460058,0.4203499508103297,0.5085456015642218
U04377,2,4,0,0.6744742712227451,0.3715614068600517,
U04378,3,0,0,0.6858474514321661,,
U04379,2,1,0,0.6839341571323356,0.4403012314659425,0.5220092430921051
U04380,1,4,0,0.47882584454234506,,
U04381,2,3,1,0.4731641110687941,,
U04382,2,0,1,0.48962470516002193,0.29731478844554593,
U04383,1,4,1,0.8173719663917237,0.4827646386646144,0.600757550566945
U04384,1,0,1,0.4845155980038111,,
U04385,0,3,0,0.7168864639150856,0.38298275220075756,0.5491000271715071
U04386,1,1,1,0.674653864956331,0.440635906124614,0.4809395947516606
U04387,4,4,1,0.5902679870599249,0.2518280297669373,
U04388,2,3,0,0.7864742261181945,0.531842801654613,
U04389,2,1,1,0.6261526606678448,0.43229849535191683,0.44549332125484126
U04390,2,2,1,0.881997982560846,0.6074453111193981,0.613062672594989
U04391,2,0,0,0.690470730339383,,
U04392,1,0,0,0.6976260475558899,,
U04393,1,4,0,0.636793234194635,0.4497451880351211,
U04394,2,4,1,0.6608764473070861,,
U04395,0,0,1,0.5007598428307125,,
U04396,3,1,0,0.5179956513149394,,
U04397,2,4,1,0.6181785791910169,0.35159565890194666,
U04398,2,1,0,0.6384226042250722,0.22084428707837653,0.7302679269232518
U04399,2,1,0,0.5763632338915304,0.2780307588514975,
U04400,2,3,1,0.5965757193730326,,
U04401,2,4,1,0.5767840097001198,0.4326794086872015,
U04402,1,3,1,0.5244407494901931,,
U04403,2,1,0,0.8065698701338726,,
U04404,2,0,1,0.4961608835377901,,
U04405,4,1,1,0.6904059311668774,0.29883111973922405,0.597937000642512
U04406,1,2,0,0.5247823539189072,0.3543177339281158,0.47647070624984456
U04407,0,2,1,0.48568406252659113,,
U04408,2,1,1,0.7109376899252704,,
U04409,2,3,0,0.7214313053089989,0.35975409467672353,
U04410,1,1,1,0.681465575506665,0.45269512586056904,
U04411,2,0,0,0.758299522277049,0.4519551144922347,0.5787861058527416
U04412,2,3,0,0.7415030455737636,0.4273755414959872,
U04413,1,2,1,0.677453683737235,0.4307191922746472,
U04414,1,3,2,0.8386411252125878,0.5057239892054707,
U04415,1,4,1,0.5970468775804221,,
U04416,1,1,2,0.6636516614959922,,0.5465868145402745
U04417,1,1,1,0.7871703492216491,0.5289170566875228,0.554139621273812
U04418,2,4,1,0.5677247452412054,,
U04419,2,2,1,0.4929055056751631,,
U04420,2,1,1,0.6196557415691216,,
U04421,2,0,0,0.701484363733458,0.5329758861406989,0.5765391477023872
U04422,4,4,0,0.6798885970072104,0.40654270844085494,0.7613926341303502
U04423,1,4,0,0.6580386857348604,0.5012623528570914,
U04424,1,0,1,0.6884347203753667,,0.43519143467508503
U04425,2,4,1,0.4035648949145187,,
U04426,2,2,0,0.7254486708849358,0.45002343720384297,0.5001764301279734
U04427,2,1,1,0.4332563783153484,0.38899393423660117,0.380236580325349
U04428,2,2,0,0.6922691944264627,0.5530392932338214,0.5114198126300169
U04429,2,1,0,0.7051285828468666,0.5174063936552955,0.6366920493828454
U04430,3,1,1,0.4807451655022691,0.21027608871039827,0.5079270437722541
U04431,1,0,0,0.5319395712079634,,
U04432,1,2,0,0.6810669603309277,0.4863780708114165,0.5449404273999263
U04433,1,1,0,0.8490260522538097,0.538426114619219,
U04434,0,4,1,0.643548552532116,,
U04435,2,4,1,0.4685948258981944,,
U04436,2,1,1,0.5949673097070175,0.4432131469900965,0.4557101773994423
U04437,2,2,1,0.750740758559391,,
U04438,3,2,1,0.4445223033052514,,
U04439,4,1,0,0.5081587602715836,0.27394828485277817,
U04440,2,4,0,0.6080175840438992,0.5105767501213925,0.6123515431478103
U04441,0,2,0,0.7216566752255142,0.45603036702238176,
U04442,3,4,1,0.4553685144356598,,
U04443,2,0,2,0.5806394990466935,,
U04444,2,1,1,0.5645237302746205,0.3765822861035511,
U04445,1,0,0,0.7309935991046179,0.40398430807776287,
U04446,4,1,2,0.6579813193131058,,
U04447,2,2,0,0.6057602762303701,0.32097220974997603,
U04448,3,4,2,0.6669884732245477,,
U04449,2,1,0,0.7039688275994657,0.47962951050250313,0.4783529168157429
U04450,1,2,1,0.7911167870013666,0.4958139796582003,0.5942519705442186
U04451,1,1,1,0.5411538036184589,0.33789286881066927,
U04452,1,4,1,0.4542165017824261,,
U04453,3,4,1,0.6029620254851501,,
U04454,3,1,0,0.6296929781171465,,
U04455,0,3,1,0.6277776013597439,,
U04456,2,2,0,0.5942086147122122,0.37308853022701904,0.42324673823020514
U04457,1,1,1,0.5760950974909101,,
U04458,2,2,1,0.5164593313984991,0.3842204303297411,0.4023467641672547
U04459,1,4,2,0.6323742266365684,,
U04460,1,3,1,0.5102881614926862,,
U04461,1,4,0,0.5831409083593413,0.20209308466189296,
U04462,1,0,0,0.6697286091207701,0.4069686399393378,
U04463,4,4,1,0.43928243064181355,0.2432276895012837,
U04464,2,4,1,0.5154783858913025,,
U04465,1,4,1,0.6350530832030277,0.40078716055166347,0.48040705088068136
U04466,2,1,0,0.5689934160102168,,
U04467,2,2,0,0.812417658967234,0.46457411885221767,
U04468,2,4,1,0.4918224441757501,,
U04469,0,3,0,0.6710303368786181,,0.5592542161556155
U04470,0,1,1,0.522007365248784,0.33027770648846744,0.4083859849094842
U04471,0,0,0,0.5188005092149942,0.31845133044733354,
U04472,4,3,0,0.7313687051638337,,
U04473,2,0,0,0.8635751947677901,0.5497554720696175,
U04474,2,2,0,0.7827267714807649,0.5506940685581994,0.5984740559590582
U04475,1,2,1,0.6771876598923914,0.49582387403273376,
U04476,1,4,2,0.473752078522983,0.35727529160068155,
U04477,1,0,1,0.69042764705164,0.46103354788542134,
U04478,2,1,0,0.7484611770056616,0.38799935746638486,
U04479,1,4,1,0.3820370389731629,0.22031223331328387,
U04480,1,1,2,0.5310056711868898,0.35433883078498657,
U04481,2,2,0,0.7249018013323021,0.43011512712578714,0.5330754407477247
U04482,1,4,0,0.672435450939757,,
U04483,1,4,1,0.44074582616522145,0.3170116251993362,0.3873681584826489
U04484,1,1,0,0.5029676412877081,0.3961750336209964,0.4843951154862917
U04485,2,3,0,0.5740129334352201,0.4612088638759727,
U04486,1,1,0,0.7716771147504611,0.5882336818375908,
U04487,2,1,1,0.5729650248150907,0.34911100398213885,
U04488,2,1,1,0.7783915659973653,0.584779878714642,
U04489,3,3,1,0.4493422764690751,,
U04490,1,3,1,0.6533381536767774,0.4924842089941706,
U04491,2,0,1,0.682271268723295,0.43276323279190543,0.5030010406440916
U04492,1,2,1,0.5165067916585514,0.3235307818905558,
U04493,1,1,1,0.5676875869269489,0.3746182098411301,
U04494,3,3,1,0.6278228190256882,,
U04495,1,1,1,0.7983209290596279,0.49031811626158023,
U04496,1,1,2,0.4843442694149307,0.3637742462927474,0.47066012322847905
U04497,1,1,1,0.6807085283865999,0.4056495089806805,
U04498,2,0,1,0.6841604129002276,0.4923537290221482,
U04499,2,2,1,0.5156747037605017,,
U04500,1,4,0,0.6696941955464669,0.39489869129713423,
U04501,1,3,2,0.5982216512186154,0.37388292852111493,0.4788965888883496
U04502,1,4,1,0.4433312805031736,0.37197039323184433,0.46143212118162125
U04503,2,1,1,0.5074193969984546,0.2850095530056751,
U04504,2,4,2,0.6917234713861997,,
U04505,1,0,1,0.5706561665556724,0.32401403842045834,0.36695506840513076
U04506,2,2,1,0.6523023635617072,0.4464409834636508,
U04507,1,4,1,0.7667713470443904,0.5310092984290685,
U04508,2,0,1,0.5376421941513781,0.36472309423354743,
U04509,1,1,2,0.8155022015731365,0.5231297902204322,
U04510,0,0,1,0.4983815312643146,,
U04511,2,3,2,0.6000300972933301,,
U04512,1,1,2,0.7156324664355811,0.38079817010899225,0.5187410548951484
U04513,2,2,0,0.5116165984564457,0.3398995507315779,
U04514,1,0,1,0.6642036262808301,,
U04515,1,1,1,0.5486867681621862,0.3495217320941309,0.37879785709969177
U04516,1,3,1,0.46801577784373927,,
U04517,1,4,1,0.6230076757924551,0.36426887810771325,
U04518,0,4,0,0.7643808191595018,0.47304921145163303,
U04519,2,1,1,0.6713467357703333,0.4902691673290475,
U04520,2,1,2,0.7308716958057325,0.3920705600906346,
U04521,0,2,1,0.6559040147947192,0.3358240974678188,0.45893491026619426
U04522,1,0,0,0.5061305927735231,0.3719371020647259,
U04523,0,3,0,0.6781223329748558,0.43667767662600027,0.5528718492231655
U04524,1,1,1,0.8123496815584136,,0.5800217328175807
U04525,3,1,1,0.6631739575667245,0.36953963174720805,0.5473260376563871
U04526,1,1,1,0.4747912784670066,0.3896492754100902,
U04527,1,4,1,0.6108536309454815,,
U04528,0,3,1,0.44407728321152246,0.3179218037223197,0.38280011417471244
U04529,1,0,1,0.5301198910876382,,
U04530,2,4,1,0.6663382398903267,,
U04531,2,2,2,0.5018274869379199,0.3740727473395071,0.48088280685430596
U04532,2,2,1,0.6645440863226884,0.5033517868138514,
U04533,2,1,1,0.6696737166261989,0.3412314495938661,
U04534,2,2,1,0.6350947828058963,0.43407907282789315,
U04535,1,4,1,0.4156387020479673,,
U04536,1,1,1,0.6671318339311225,,
U04537,1,1,2,0.7619961742332721,,0.7778295032660728
U04538,1,4,1,0.6480512350431202,0.42659252639643314,
U04539,2,4,1,0.6978420635760599,,
U04540,2,1,1,0.6554497898799382,,
U04541,2,1,1,0.6489020957753484,,
U04542,1,2,1,0.4637168632076596,0.3380102106664134,0.39074636670499935
U04543,2,3,0,0.5543784163496138,0.35174955979883793,0.4851509733529597
U04544,2,2,1,0.6147031643549936,0.41338351365971243,
U04545,1,1,1,0.7078474114227421,0.38996397114746356,
U04546,3,1,0,0.7660484802638848,0.36198459177693765,
U04547,2,1,1,0.49778645078367556,,
U04548,1,1,1,0.6265743698467439,,
U04549,1,0,2,0.6915444905603011,0.4853595042895717,0.554998595401816
U04550,3,0,1,0.4163361404147458,0.16718168095073863,0.613004119496813
U04551,0,2,0,0.7014106304970077,0.3880660713663111,0.6087631340181715
U04552,2,0,1,0.6609323128632243,0.3870333728137595,
U04553,2,1,1,0.7818979052180911,0.6136286236097489,
U04554,0,4,1,0.5154970509876862,0.3464265433978818,
U04555,1,0,1,0.6228999311240973,0.42071221547703425,
U04556,1,4,1,0.5961260199325586,0.40288556029012096,
U04557,1,1,1,0.5002162124581726,0.44992260831786707,0.42628269720495854
U04558,1,4,0,0.5220470939432258,0.28273293857963233,
U04559,0,1,0,0.8335252678843551,0.4464063346037323,0.6269906397042917
U04560,4,1,1,0.614632733205598,,
U04561,1,2,0,0.8274435703562273,0.6192513105167906,0.6083637846974523
U04562,2,2,0,0.708608359308266,0.5543953601852106,0.5475549722599552
U04563,0,1,0,0.5314742071687335,0.343744890308291,
U04564,2,1,1,0.7087401312897977,,
U04565,2,2,0,0.7360248464299195,0.4422795607207255,
U04566,0,1,1,0.6254545299315987,,
U04567,2,4,1,0.535600124712013,0.31123112744074477,0.43460616673688895
U04568,2,1,1,0.6931746897204905,,0.4180900340074574
U04569,2,1,0,0.6436578511053573,,
U04570,0,2,2,0.5269720763836003,0.30481019883853233,
U04571,1,2,2,0.6771102571748231,0.45256256603836825,0.5953731738088296
U04572,1,1,1,0.7703575845508497,0.6168623845005895,
U04573,2,4,2,0.5304242631269012,,
U04574,3,1,1,0.5283305762871909,0.2963847270281927,
U04575,3,1,1,0.5242515606125631,,
U04576,2,3,1,0.6316289713173288,,
U04577,1,0,1,0.5018936919925603,0.316366144507555,
U04578,2,4,0,0.5012541732486514,0.31801634091898473,
U04579,4,2,1,0.5841686211343576,,
U04580,1,2,2,0.6544065772289481,,0.5465382241238891
U04581,0,2,1,0.658145632526693,,
U04582,2,1,1,0.49278510246825563,0.3255419674627598,
U04583,3,1,2,0.8518541148052651,,
U04584,3,0,1,0.5612301187808105,,
U04585,1,4,0,0.6343631190447093,,
U04586,4,3,0,0.4987729266875452,0.24616405528593013,
U04587,2,0,1,0.5296502144277174,,
U04588,2,3,0,0.705181435729592,0.3213733513571365,
U04589,1,1,1,0.48073025078665543,0.4088502574336719,
U04590,1,2,0,0.6750940504538263,,
U04591,1,4,1,0.4629413230706012,0.3694410636454751,
U04592,2,3,1,0.49471640968014124,0.38187757274067136,
U04593,1,1,1,0.5369155638867954,0.3641979854029101,
U04594,2,4,1,0.6904887462700384,0.4265484687216193,
U04595,1,2,0,0.9889004253648831,0.9641913773969947,0.7635668388780483
U04596,1,4,2,0.5972541446706666,0.42287608812396305,
U04597,1,4,0,0.859716325371627,0.8287235254148078,
U04598,2,3,1,0.7604628681039327,0.4867886834287238,0.5530930243970261
U04599,1,4,2,0.4506693051799119,0.3822936408715646,
U04600,2,0,1,0.4928409061836333,0.30214420790022084,0.4066595143758941
U04601,2,1,0,0.6435365571100155,0.45483668026076196,
U04602,3,2,0,0.6600061748213888,,0.5398076738030317
U04603,0,0,1,0.6557697579067152,0.4464799269293247,
U04604,2,4,0,0.6259358235325542,0.4388489361406998,
U04605,3,1,1,0.5127342514753105,,
U04606,0,0,0,0.8442376494000357,0.49774309866035865,
U04607,3,1,0,0.7401546268604978,0.46211317005486857,0.5715254596647045
U04608,2,1,2,0.5853044037631774,,
U04609,4,0,0,0.5139956129659365,0.24748740169049913,0.5445862088144295
U04610,2,1,1,0.5186008104003591,0.35797861884770177,
U04611,2,1,0,0.4962122712138182,,
U04612,2,0,1,0.6338746858397188,0.4774301876942819,
U04613,1,1,1,0.6499528802753196,,
U04614,2,4,2,0.7130588700667176,0.4682272485277069,
U04615,2,1,2,0.8017728580156177,0.498617169406864,0.6481811973274132
U04616,2,0,0,0.5597573011519043,,
U04617,3,0,1,0.6431881872680059,0.4424234287180992,0.5020741120200358
U04618,0,2,0,0.6434923191787771,0.3493072463013764,0.4940185525915391
U04619,2,1,2,0.6820950315989136,,
U04620,0,1,1,0.6856336661840579,,
U04621,0,1,1,0.6098557670817062,0.374992248933832,0.45853942501017075
U04622,3,4,0,0.6514708393584059,0.35760519338370844,0.5297988283132399
U04623,2,3,0,0.526245277703598,0.2976815082434883,
U04624,1,1,2,0.4905414374121208,,
U04625,0,1,1,0.5604656026465789,,
U04626,1,1,0,0.6653249642034648,,
U04627,2,0,0,0.5543328964781171,,
U04628,1,0,1,0.47705719888568743,,
U04629,1,0,0,0.5823956140699996,0.3221903873169908,
U04630,1,2,1,0.7601854214229188,0.569263849218785,
U04631,2,4,1,0.5933213204082862,0.2949885709354914,
U04632,2,1,1,0.6631279953040592,0.46048906729498,
U04633,3,1,1,0.6310477597646064,0.38587334161154024,0.4774511004715674
U04634,0,0,0,0.5837126424023521,,
U04635,2,0,2,0.7552835550717389,0.4211045855203983,
U04636,4,4,1,0.614787352001506,,
U04637,2,0,1,0.7133949827860036,,0.46220773243821917
U04638,1,0,1,0.4893470530384128,0.28301742331369656,
U04639,3,2,0,0.5209335444759704,0.2987926652486997,0.4793841788965514
U04640,3,0,2,0.6593753710948937,,
U04641,0,2,0,0.5451533606162048,0.3168773066415592,
U04642,2,1,0,0.7573262077334243,0.44933439643170214,
U04643,0,0,0,0.6976013836144251,,
U04644,2,3,1,0.7615389984075049,0.5204612749556923,
U04645,1,4,0,0.7572974854232096,0.47158318286563977,
U04646,1,2,0,0.5874980116194769,,
U04647,1,2,0,0.6478354347943305,,
U04648,2,1,0,0.8378443764974457,,
U04649,0,0,0,0.5202306242407175,0.3095986423872449,
U04650,2,1,0,0.9044041151998692,0.6782235652254646,0.7590806516960404
U04651,2,3,2,0.461605899764173,,
U04652,1,2,2,0.698366946631138,0.4149125442731056,0.5804720603365391
U04653,1,1,0,0.7700473729691146,0.4689608375913783,
U04654,3,1,1,0.4561965315348574,0.30007510366139567,
U04655,2,0,1,0.6280993110176113,,
U04656,2,4,0,0.46258944438259325,0.4355297651401541,
U04657,3,1,1,0.6364580834694634,,
U04658,1,4,1,0.7164466224356104,,
U04659,2,4,1,0.4774602207272839,,
U04660,1,1,0,0.5695533651916925,0.19373302096598316,0.6437556946579364
U04661,1,2,1,0.8197156493248174,0.5697120099378156,0.6079771261549912
U04662,1,3,1,0.7059154086694714,,
U04663,1,2,1,0.5659039623845035,0.3813547490116024,
U04664,3,2,0,0.8214468359765504,0.48242973926073107,0.6979855385187873
U04665,3,1,1,0.46676288475107697,,
U04666,1,1,1,0.6908299515323176,0.4560830570835271,
U04667,2,1,0,0.8314884516724563,,
U04668,3,2,0,0.8146025208441896,,
U04669,1,3,1,0.7786549047921905,0.5820135450457355,
U04670,1,2,0,0.6765363922585903,,0.4736047187745775
U04671,2,2,1,0.6910291569520003,,
U04672,0,0,0,0.5620980510632626,0.33170540218113215,0.470743838541485
U04673,1,4,1,0.6595349012582012,0.48538468838756227,
U04674,2,4,1,0.4159057999899336,0.35005581370049144,
U04675,1,1,0,0.7436987200727345,0.36808079504588487,
U04676,0,1,0,0.6815861054286154,0.43630427332940813,
U04677,2,0,1,0.765277376525611,0.5082202747188522,
U04678,4,4,1,0.5813616686723319,0.24399293825042276,
U04679,1,0,0,0.7113218638986428,,
U04680,1,0,0,0.5485280316613813,,
U04681,2,1,1,0.6824214762282328,,
U04682,2,4,0,0.5295012793374224,0.4309419789646644,0.49988845029817586
U04683,0,4,1,0.48578423568638845,0.29038940914596706,
U04684,2,4,1,0.593118649304932,0.438650745506112,0.4840778646982589
U04685,3,2,1,0.8029279289664114,0.5276986004824467,0.6020186735101357
U04686,2,4,1,0.47092297389667304,,
U04687,2,0,1,0.6823461745348661,0.4876971654935673,
U04688,2,2,1,0.6047958241211441,0.34319466583444697,0.5143295022055895
U04689,1,2,1,0.5448169578032295,,
U04690,4,2,1,0.6530091577920754,0.4151514736619264,
U04691,2,1,1,0.6602893841053061,0.3615735413310974,0.45227237531287245
U04692,2,1,1,0.6433065587618664,,
U04693,2,1,0,0.5999484019191333,,0.5330270405545685
U04694,1,1,1,0.6535124490523493,0.3589962948071192,
U04695,1,3,0,0.8389827219193212,,
U04696,0,0,1,0.6882486778208433,0.41383084108489193,
U04697,1,1,1,0.485044731622382,0.331600303840723,
U04698,1,1,0,0.5657108582084522,0.4151178009005331,
U04699,2,1,2,0.6117031365906429,,
U04700,4,0,1,0.5549956011613021,0.39223818473886973,0.6598564441780641
U04701,2,2,1,0.582461981806591,0.2095205834377752,0.7350269327346912
U04702,2,2,0,0.7195578622507403,,0.588682911587012
U04703,1,3,2,0.5145773449557994,,
U04704,1,1,2,0.6748490598893344,,
U04705,1,4,1,0.5985800217459052,0.38355779016370517,
U04706,1,1,1,0.6934196598769705,0.522595542367463,
U04707,3,4,0,0.6635048868359414,0.38151763920336024,
U04708,2,3,0,0.6812844990515695,0.43352896105531663,
U04709,3,0,0,0.7862483340387745,0.5998215305632189,
U04710,1,2,0,0.8822214630578217,0.6423648708192613,
U04711,1,4,0,0.5460424923582813,0.3316446314749919,0.4787498714873203
U04712,1,1,1,0.4714175645797366,,
U04713,2,1,1,0.6983505292952545,0.4562729562518685,0.49112715803786955
U04714,3,4,0,0.49277067183142703,0.3398428721915577,0.47581954445185565
U04715,1,2,1,0.5013998227263806,0.405177359176251,
U04716,2,1,1,0.6588771176786489,0.4582811917820149,
U04717,1,2,1,0.47262048355803404,,
U04718,4,2,1,0.5036644803733895,0.255335772055481,
U04719,1,4,1,0.5704654155879295,,
U04720,0,2,0,0.7998642340629183,,
U04721,2,4,1,0.39817105517789403,0.35798802605264407,0.38667678306402453
U04722,2,0,1,0.4991653569761782,,
U04723,2,2,1,0.6154436669259623,0.38592665189225045,
U04724,1,3,1,0.5369857919665538,,
U04725,2,4,2,0.5377906333645289,0.3593763541745508,0.4301845485253267
U04726,2,4,0,0.4959874495120899,,
U04727,0,1,1,0.4476943209362693,,
U04728,3,1,0,0.6170065801217688,0.3718329761850681,
U04729,1,0,1,0.496792741603145,0.2874926480330504,
U04730,2,3,2,0.6915456034972125,0.4428131883141329,
U04731,2,4,1,0.423767034921414,0.29644398573356284,0.4199879403949837
U04732,2,1,1,0.519624460990519,0.34880054872604926,
U04733,1,1,0,0.5735062985831536,,
U04734,0,4,0,0.6370684190845737,0.15977008864725561,0.8246469957182704
U04735,1,1,1,0.5231456253715238,0.38818047289409435,
U04736,2,1,0,0.7059199196273473,0.48168224177183544,
U04737,1,2,1,0.678684979230531,0.4665675633930643,
U04738,2,1,2,0.5345720284286328,,0.48210492546162265
U04739,2,4,1,0.5639605326881086,0.4339188548425447,
U04740,1,2,2,0.5716696920476577,0.34987943960162116,
U04741,1,1,1,0.5182609473313796,0.3395442804550064,0.4081696557351078
U04742,2,0,1,0.6941717345705217,0.3741318375512377,
U04743,2,0,2,0.5424204228375298,0.34409214908108116,
U04744,4,0,2,0.47997451154236037,0.26159337922023557,
U04745,2,4,0,0.484932734872272,0.35087987987552055,
U04746,2,4,1,0.42550579616810497,,
U04747,2,2,1,0.4975513488764459,0.31685356719067587,
U04748,2,2,1,0.8550191135916505,0.6622028019772985,
U04749,2,4,1,0.4070791430612441,0.39417046985025417,
U04750,3,1,0,0.5377044110901529,0.4054880314749762,
U04751,2,1,1,0.6217076352540569,0.4154247267206941,0.4417587294267073
U04752,1,1,0,0.7301238443801809,0.32576167666897365,
U04753,1,0,0,0.6956856741028554,0.44851099300411273,
U04754,1,1,1,0.5494050298837573,,
U04755,0,4,0,0.6334331110109215,0.38940214901651704,0.512350882522459
U04756,0,2,0,0.6947646383832495,0.39964615036041445,0.6121421211537224
U04757,2,1,0,0.5518466747084976,0.2861952269456126,0.6156571515261634
U04758,3,2,1,0.45088850513748696,0.3121036311125113,
U04759,1,2,0,0.7160890133204747,0.4941770088519062,0.5641197918790305
U04760,4,1,1,0.4899347923266046,0.2402788140977858,
U04761,1,2,1,0.6407191302528176,0.4968583059070705,0.551476902366824
U04762,4,2,0,0.691293456589885,,0.7294569361388878
U04763,3,4,0,0.5617782728016155,0.3493348931192084,
U04764,2,1,1,0.6723600278383759,,0.48036239975581013
U04765,1,4,0,0.7492560790034756,0.4378201501979537,0.6317468924318931
U04766,4,3,2,0.6391785910199377,,
U04767,0,0,1,0.6257642618975219,0.35465810006671544,0.49308230238990536
U04768,2,1,0,0.5056609273996101,,
U04769,1,0,0,0.5537082436168123,0.32716332318267105,
U04770,2,4,0,0.6671781394820051,,
U04771,2,0,1,0.6351769067209438,0.3837336076661928,0.4389343722342225
U04772,1,2,1,0.755733102537493,,
U04773,2,4,2,0.6751150405432867,0.2966939832344577,0.737295184119161
U04774,3,2,1,0.6698785813953513,,
U04775,2,2,1,0.48533815719405915,0.3361536395175574,
U04776,3,0,0,0.5147322930103589,0.30757914209699755,
U04777,2,1,1,0.6561824504829074,,
U04778,2,2,0,0.574240636898504,0.3520261669221706,
U04779,2,3,0,0.5578216398046181,,0.4478689423593111
U04780,2,1,0,0.7571774195947554,,
U04781,2,4,0,0.5798203826990577,0.26769503560215835,
U04782,2,1,1,0.7101456976337513,0.38233512889740373,0.46540977774164827
U04783,1,2,1,0.827911080239823,0.5350677877008972,0.5445209530298737
U04784,2,2,0,0.49859363382163113,0.39107165880481154,
U04785,1,1,1,0.696442326134765,,
U04786,2,2,2,0.5856744068280841,0.3545806164067622,0.4625719225319674
U04787,0,1,0,0.7638479829175011,0.40903236451692027,
U04788,0,2,1,0.7516225068005473,,
U04789,1,4,0,0.4849864851001862,0.34302990638322395,0.4679330389579815
U04790,2,4,1,0.4403678115668893,,
U04791,2,1,1,0.600350448344157,0.4786153580779053,
U04792,4,1,0,0.7222542114582688,0.311538424514323,
U04793,2,0,0,0.5691275750350461,0.36833811069609346,
U04794,2,0,1,0.474829638573614,0.32507106259968915,
U04795,2,1,1,0.5172681124247288,,
U04796,2,1,1,0.5306734011620254,0.3410399425445731,
U04797,2,1,1,0.6335041696781368,0.4727406791461947,0.4927236271454849
U04798,3,2,1,0.4278556113620143,0.34069284140278167,
U04799,2,2,1,0.46337294601252943,,
U04800,1,1,0,0.5677833671458732,0.3896412763432843,
U04801,2,0,2,0.574286636752501,,
U04802,2,1,1,0.5683884227994577,0.33342761642214663,
U04803,0,3,1,0.4552536783804727,0.32182245513038804,
U04804,2,3,0,0.4924713413014062,,
U04805,3,0,0,0.7106464991962446,,0.5324629086531043
U04806,1,3,2,0.5216545114552775,,
U04807,2,2,1,0.43508705163721495,0.38827446791619935,
U04808,4,2,1,0.43606121795803304,,
U04809,2,0,1,0.5289310842542017,0.34087287181373827,0.44012264412036883
U04810,0,4,0,0.4713368678566844,0.3887476920679982,0.531287223477234
U04811,2,1,1,0.5260075292279642,,
U04812,0,4,0,0.46391141767058813,,
U04813,2,0,1,0.6238176483454674,0.39735208252707915,
U04814,1,1,1,0.6782943287586597,,
U04815,3,1,0,0.844256520692113,0.5002658303112286,
U04816,0,4,1,0.7873461936319033,,
U04817,0,1,0,0.5729138179449663,0.2834311903075598,
U04818,3,0,1,0.43105691644887756,,
U04819,0,3,1,0.6542908779485207,,
U04820,2,2,1,0.4890758983034999,,
U04821,2,0,1,0.6347935245934468,0.40129667271846076,0.4395517738206299
U04822,2,0,1,0.5490984195812063,,
U04823,2,4,0,0.7970125110340116,0.5610932937927537,0.6027407261411177
U04824,2,1,0,0.7461992595362412,0.46826028433466765,
U04825,1,2,1,0.49432448553985536,,
U04826,2,1,1,0.465836570683228,,
U04827,1,1,2,0.5570610731967803,,
U04828,2,2,1,0.7182284536218861,,
U04829,2,1,1,0.6111865837945634,0.4119304782980738,0.4365129769511791
U04830,1,4,1,0.3936510172771972,0.37471502013716507,0.411228919046357
U04831,3,1,0,0.7116542281433269,,
U04832,1,1,1,0.6176781088956745,,0.48077801465379016
U04833,1,1,0,0.8752835703040912,,0.7141427694215011
U04834,2,1,1,0.8090276435497376,,
U04835,1,0,1,0.6511706292188941,,
U04836,2,2,1,0.6046473103693647,,
U04837,2,4,0,0.7443490743846433,0.4635178557301376,
U04838,1,2,0,0.5314379462830046,0.35327204149729685,0.425616689006429
U04839,2,1,1,0.8342563829357184,0.49888800016775015,
U04840,2,4,1,0.42176533272905214,,
U04841,4,1,0,0.5999003582324438,0.24356918076414713,
U04842,4,0,0,0.5295032606721537,0.2387954733905873,
U04843,2,4,1,0.4921675513412638,0.373401499330666,0.3868546105771241
U04844,2,0,0,0.5940200873396168,0.2985187848108033,0.5359649205495066
U04845,2,2,1,0.6477959109429102,0.4021374330480032,0.44013115243209333
U04846,2,4,1,0.6736138550338845,0.37260234255597,0.4747474317997327
U04847,0,0,1,0.663824527728879,0.39351260737544397,0.5966264407475793
U04848,2,3,0,0.6626953530934967,0.4553096002306478,
U04849,3,1,1,0.6209356622424692,0.44098486443705004,0.5477872102920932
U04850,2,4,0,0.7272840692548553,,
U04851,4,2,0,0.42681738387115786,0.10192039151260346,
U04852,2,0,0,0.5471425680788163,,
U04853,3,1,1,0.49958757575639484,0.31115859709309346,
U04854,2,4,1,0.7341334170708163,0.47510816347647206,
U04855,1,4,2,0.9769801659478411,0.9438598336022708,
U04856,2,4,0,0.6590284376124753,,
U04857,2,1,0,0.7190628082345731,0.4136233367676208,0.5651099467743212
U04858,0,3,1,0.643207288161702,0.31567802398663675,
U04859,0,2,1,0.5096908685247392,0.2682285928903917,
U04860,0,4,0,0.64021349339732,,0.5806839363416646
U04861,1,0,1,0.5126545730556022,0.4013124389423842,
U04862,3,2,0,0.4855649214199322,0.36187937084380734,
U04863,2,1,1,0.6582441548788712,0.4460388020243664,
U04864,2,1,1,0.6077054888883001,,
U04865,2,4,1,0.5366187985865101,,
U04866,1,2,1,0.6354043851704203,0.41386671006089004,
U04867,2,1,1,0.47736291701319444,,
U04868,2,3,0,0.5336966771980375,0.36422956818611174,0.4362491022319829
U04869,1,4,1,0.5813330071343682,0.38401227950718986,
U04870,3,4,1,0.6078749254536175,,
U04871,2,1,0,0.5940742808386152,0.38675457388363754,0.4312515626205839
U04872,2,1,1,0.6953688775311667,0.3948322764812271,0.4299839678402157
U04873,2,2,1,0.5420159640555448,,
U04874,2,3,0,0.6466206440994922,0.5208295119961575,0.6670144745462832
U04875,2,4,2,0.6613535961529945,0.42951869043979557,
U04876,1,3,1,0.8883819415383706,,
U04877,1,2,1,0.6947821870458878,0.38549919470285793,0.5556774328796751
U04878,1,4,0,0.5544941452516363,0.33594405392020965,
U04879,2,0,1,0.7830110243475913,0.46457026229276105,
U04880,3,4,0,0.6282687587611487,0.3522039028434067,0.5809935340874296
U04881,2,0,2,0.5402649547344797,0.3218838129041317,0.4725896254261269
U04882,1,1,2,0.6855218029835402,0.39373876020485254,
U04883,3,0,1,0.5632981606780014,,
U04884,2,1,1,0.4784382738891081,,
U04885,2,2,2,0.562620055149609,0.32041541816339864,
U04886,0,2,1,0.4621397180720287,,
U04887,2,1,1,0.48456942883821136,0.36517445169643015,0.3995856028711616
U04888,1,4,0,0.5977441290871912,,
U04889,2,4,1,0.40027082688978927,,
U04890,1,0,1,0.5459538681478597,0.35747515541920544,0.4667078647149664
U04891,2,1,0,0.5049181970970011,0.38805705338517354,
U04892,2,0,1,0.6886409343554802,0.39617558819377463,0.5155084159491027
U04893,1,1,1,0.6784896633725099,0.41178846622770465,
U04894,2,1,1,0.7599793911023909,,0.5971823997018597
U04895,2,1,0,0.757823640046163,0.48680431684793163,
U04896,2,1,1,0.6300388356964017,0.3049213983641063,
U04897,2,2,1,0.5273336476294045,0.3708471180988253,0.42133113010107637
U04898,2,3,0,0.490936035824457,0.3901036720118983,0.4337755289124987
U04899,2,4,0,0.8147758799219466,0.466088503230842,
U04900,0,4,1,0.4167887977996968,,
U04901,2,1,0,0.7208771957355522,0.5228970889934849,
U04902,1,0,1,0.4775325627642047,0.33112484198162706,0.3994755585035332
U04903,2,1,0,0.6349560219394093,0.41424366122195383,
U04904,2,0,1,0.636863286034696,0.40067528776364697,0.4537255897671306
U04905,0,3,1,0.5835553709960635,,
U04906,2,1,0,0.6785301581191768,,
U04907,4,2,1,0.6222277205682287,,
U04908,2,1,1,0.46835435655671387,0.33053930997808495,
U04909,1,4,1,0.42257471002222224,,
U04910,1,1,0,0.5879028287496803,0.35465968163570677,0.43906435338303684
U04911,0,4,1,0.5614391714049108,0.3336604562789311,0.6328313822545207
U04912,1,1,1,0.4619686211346847,0.34304436423149987,
U04913,1,4,1,0.44651575091021384,,
U04914,2,4,1,0.7251174846785128,0.5025548045581086,
U04915,2,4,1,0.6348504900722056,0.38477278424523814,
U04916,0,0,1,0.6120313670204839,,
U04917,2,3,1,0.5096617312790673,,
U04918,2,4,1,0.609363047500007,,
U04919,3,1,0,0.7645850230506525,0.408255028430425,0.5067113349379482
U04920,2,1,0,0.5228523706428722,0.35159356959497046,
U04921,4,2,0,0.7330982027204385,0.2735857090313728,
U04922,1,0,1,0.6733513198199164,0.42990028141085646,0.5109119015011955
U04923,1,4,2,0.6935237712575222,0.4334969646681348,
U04924,0,1,1,0.683777649314124,0.3714195369059434,
U04925,2,4,2,0.6595145484039774,,
U04926,2,1,1,0.7281057780592414,0.488682501412179,
U04927,1,3,1,0.4591575715799258,,
U04928,2,2,1,0.602381917163452,0.4512150085806545,0.5153440195210574
U04929,1,1,1,0.677058201209599,0.4123078046204989,
U04930,0,4,0,0.6845892994882371,0.3470496693760253,0.5422036899015332
U04931,1,1,0,0.5246872568440754,0.3767766546855187,
U04932,2,4,2,0.5084075280219068,0.30795925301790195,
U04933,4,2,0,0.6146517284546968,,
U04934,1,4,1,0.7511619000614247,,0.5881995059202755
U04935,1,4,1,0.7513763627302982,0.5682183892875828,
U04936,2,1,2,0.8388562567298596,0.5662305319125464,
U04937,0,2,0,0.8151794069759116,0.4199082142066046,
U04938,1,0,0,0.648469180116878,,
U04939,3,4,1,0.4262786349471186,0.3390002465746111,
U04940,3,1,1,0.4845671798403575,,
U04941,2,4,2,0.6428081132410692,,
U04942,1,3,1,0.603686816593967,0.42104042238572253,
U04943,3,4,1,0.5399846555286292,0.38874964956500924,0.5109396830639679
U04944,2,4,1,0.4589871159985943,,
U04945,3,4,0,0.4669427667595755,0.26754538369317393,
U04946,0,2,1,0.47539877450479434,,
U04947,1,4,1,0.4696820111288816,,
U04948,1,1,1,0.7133273519735213,,
U04949,3,0,1,0.6378730603671667,,
U04950,3,0,1,0.7781473203242798,,
U04951,2,2,1,0.45599027617867544,,
U04952,2,2,2,0.7352559676077935,0.4458118849094569,0.60818252583765
U04953,1,4,2,0.46560423055987793,,0.5360621690492686
U04954,1,1,1,0.9233274683601506,0.737032684574731,0.6377320020781324
U04955,1,3,0,0.6563446694715468,0.4524878651395333,
U04956,1,4,0,0.5062949822164149,,
U04957,2,0,1,0.7609083716195345,0.512244349036504,
U04958,1,0,1,0.4798369048464104,0.34279512438110177,
U04959,2,4,1,0.42192722847630815,0.28485779159441643,0.42682226189107436
U04960,1,1,1,0.47955523400178124,0.3534019412753093,
U04961,1,2,1,0.5360714412605437,0.3272468238824616,0.4601833257055904
U04962,2,2,0,0.5370608427337276,0.32113002805907814,
U04963,2,0,1,0.6494105014837721,0.3940289795062995,
U04964,1,4,0,0.6411458863130943,,
U04965,1,1,1,0.5138830070842783,0.38588400273426815,0.3790570794106411
U04966,2,1,1,0.7267478052858304,0.46766227228291346,0.5091681799814534
U04967,4,4,1,0.4792736096077394,,
U04968,1,4,1,0.43745356267715346,,
U04969,4,3,0,0.49183986758885223,0.14951276530301758,
U04970,1,2,0,0.5067409963166368,0.2214977282537357,
U04971,1,0,1,0.6786916524754125,,
U04972,0,4,0,0.7122162582733447,0.3398927963193754,0.5961929124022791
U04973,1,1,2,0.7643687607159544,0.4379571470906297,0.676842507383917
U04974,1,3,0,0.656444310130084,0.42153081309373786,0.6239460412952904
U04975,2,4,1,0.5434862217009538,0.3171932997894776,
U04976,1,1,0,0.5249244747658541,,
U04977,2,4,1,0.4379429323955806,0.30641679233880625,0.3921186524791191
U04978,2,2,0,0.6550440744114298,0.4943096578407433,0.63245187399602
U04979,2,2,1,0.6880481545576145,,
U04980,2,1,1,0.7050669166043437,,
U04981,4,2,1,0.41613772905969554,0.2943050802979088,0.5781403176812852
U04982,2,1,1,0.6554951307321396,0.35632478845190857,0.46838717100203786
U04983,1,1,2,0.5139206439170325,,
U04984,3,2,1,0.6118846456857014,0.3796918439952147,
U04985,1,2,1,0.4202061479773337,,
U04986,2,0,2,0.5870425200937835,,
U04987,1,0,1,0.5243624531439096,0.4188132257803626,
U04988,1,2,1,0.507663704973473,0.3720501688126383,
U04989,1,2,0,0.708128027796954,0.4904063943974708,0.5986376815951583
U04990,3,2,1,0.7030096871991182,,
U04991,4,0,1,0.6002257630150017,0.2851037451931887,0.5763990992116617
U04992,1,3,1,0.5795861960450056,,
U04993,2,3,0,0.5829575906868669,0.34272914188969167,
U04994,1,1,2,0.50431938062191,0.3429795410196517,
U04995,2,2,1,0.6672612599979697,0.3642418686651503,
U04996,0,4,1,0.6042289518949845,0.3594530838997624,0.48252370158323704
U04997,2,4,1,0.45267079538445393,,
U04998,2,0,0,0.8570706846645335,0.4697834786168019,
U04999,3,1,1,0.6282157110246458,0.35581859965831,
U05000,1,4,0,0.5010941982178159,0.3109174569869605,
